TransactionID,MerchantID,TransactionAmount,TransactionType,FraudDetected,State,UserAge,UserIncome,Churn
1,1038,887.5535817166401,Online,0,Karnataka,64,35591.69439122929,0
2,1028,539.432614831303,Online,0,Delhi,59,87997.44871514566,0
3,1014,785.9199888033667,POS,0,Maharashtra,37,96928.91200308425,0
4,1042,584.0375161362058,Online,0,Karnataka,28,144729.34106425004,0
5,1007,575.0686955432631,POS,0,Karnataka,58,73809.92701683995,0
6,1020,159.0048604212823,Online,0,Maharashtra,34,31805.351746328266,1
7,1038,169.83077511534447,Online,0,Gujarat,58,104621.51514733038,1
8,1018,553.0569342713345,POS,0,Gujarat,42,22744.576318001706,1
9,1022,305.41846773005625,POS,0,Tamil Nadu,46,75304.3760578839,0
10,1010,69.9850573374452,POS,0,Karnataka,40,73254.06220673522,0
11,1010,736.6972437052017,Online,0,Delhi,26,53126.48121891664,0
12,1023,80.86226685565671,POS,0,Delhi,42,145360.17731693148,0
13,1035,615.5129990488518,POS,0,Karnataka,58,72443.09389669698,0
14,1039,562.2341044209487,Online,0,Gujarat,40,136311.92491049843,0
15,1023,970.3739560489142,Online,0,Karnataka,19,86964.3712005483,0
16,1002,510.00248238025955,Online,0,Tamil Nadu,62,126669.70174530224,0
17,1021,110.4213645589075,POS,0,Karnataka,18,78681.37894584647,0
18,1001,574.1035694161386,Online,0,Maharashtra,55,148899.83424016216,0
19,1023,849.0413620852963,POS,0,Gujarat,23,103203.77838831877,0
20,1043,997.0068200673679,POS,0,Maharashtra,61,40273.110512012885,0
21,1029,458.82601500461885,POS,0,Maharashtra,32,20836.006871977315,0
22,1037,354.2838053719054,POS,0,Karnataka,24,140757.0476613707,0
23,1001,911.320632104399,Online,0,Karnataka,19,109284.10792767072,1
24,1020,231.6800226223153,Online,0,Delhi,47,33817.787230849164,0
25,1032,634.6574692812803,POS,0,Maharashtra,46,116653.30386242359,0
26,1011,435.42870297190035,POS,0,Karnataka,29,49529.31855485475,0
27,1021,89.02824670777753,Online,0,Delhi,51,125199.95092587563,0
28,1043,379.9240505904129,Online,0,Maharashtra,47,99289.9472824864,0
29,1024,301.9670963775409,POS,0,Delhi,53,36075.79718396284,0
30,1048,701.7865962463125,POS,0,Gujarat,52,29223.386802550467,0
31,1026,951.3509728073223,POS,0,Tamil Nadu,19,80595.34003300084,0
32,1041,304.64482800970586,POS,0,Maharashtra,20,141796.14954117674,1
33,1027,820.8926421940977,POS,0,Karnataka,59,93402.25051183612,0
34,1015,102.59182609148905,Online,0,Gujarat,29,118684.15252393916,0
35,1014,561.2149595378226,POS,0,Delhi,21,81031.53063288872,0
36,1046,117.02256052439985,Online,0,Tamil Nadu,24,69930.47731372349,0
37,1043,937.3313415741073,POS,0,Maharashtra,37,126886.97490955319,0
38,1002,778.0337165295207,Online,0,Tamil Nadu,36,80240.25142525655,0
39,1036,675.0524156443627,POS,0,Gujarat,25,38400.55198770933,1
40,1006,832.701562543431,Online,0,Tamil Nadu,20,55687.663866279676,0
41,1020,665.143805791655,Online,0,Maharashtra,44,92979.84350028934,0
42,1008,970.4971773155766,POS,0,Gujarat,32,72335.02788437267,0
43,1038,728.260050471533,POS,0,Delhi,25,67631.07834102697,0
44,1017,928.4256791031345,Online,0,Maharashtra,35,106939.3498561808,0
45,1003,541.2752974101061,Online,0,Tamil Nadu,46,102721.65276568681,0
46,1024,161.2111923327695,Online,0,Maharashtra,63,60823.39426135343,0
47,1013,551.7688353518663,POS,0,Gujarat,53,66725.45863476666,0
48,1049,170.52918665993863,Online,0,Tamil Nadu,20,117768.63771077791,1
49,1008,612.8688052175848,POS,0,Delhi,26,139767.38564713026,0
50,1025,508.3684075012798,POS,0,Karnataka,27,62147.917482322395,0
51,1001,641.4466279411427,POS,0,Delhi,57,57944.0840196128,0
52,1019,59.54463200209001,POS,0,Maharashtra,37,54486.40258089145,0
53,1027,235.0984670725959,POS,0,Karnataka,19,38395.896945242544,0
54,1046,516.7639103165243,POS,0,Gujarat,18,69032.64931449067,0
55,1006,952.9783835096781,Online,0,Tamil Nadu,44,87080.79513830098,0
56,1043,414.42858833740047,Online,0,Tamil Nadu,21,89866.32320568567,0
57,1007,453.1534247509529,POS,0,Gujarat,54,109833.94380117077,0
58,1046,728.961284556291,Online,0,Maharashtra,49,26831.738586775653,0
59,1034,623.6031194218122,Online,0,Delhi,35,92983.13591680655,0
60,1013,333.97984259341655,POS,0,Karnataka,31,53148.56504593178,0
61,1016,440.2755757890564,Online,0,Gujarat,62,51086.05455801895,1
62,1035,256.8148089143708,POS,0,Maharashtra,32,122664.37086041948,0
63,1049,967.7203861736981,POS,0,Maharashtra,21,39952.04161727021,0
64,1039,174.10266247949176,POS,0,Karnataka,36,62783.01932783285,1
65,1003,403.2449453380985,POS,0,Gujarat,41,102892.98639750898,0
66,1001,74.54702360901064,Online,0,Delhi,47,103573.53810192905,0
67,1005,260.6905173368691,Online,0,Delhi,30,26251.431717898347,0
68,1041,791.4475814611471,POS,0,Gujarat,28,29432.65054426453,0
69,1003,241.11647067443548,Online,0,Tamil Nadu,45,105197.2228284543,0
70,1028,126.06023240251731,POS,0,Delhi,28,143909.6399709939,0
71,1017,500.7305208522971,POS,0,Tamil Nadu,18,149805.40476670032,0
72,1025,59.47077299779257,Online,0,Gujarat,64,148324.27847063466,0
73,1043,130.52784670501651,Online,0,Maharashtra,59,65705.42773782718,0
74,1033,817.2445760848263,POS,0,Gujarat,21,51435.33274975848,0
75,1009,782.899677616626,Online,0,Maharashtra,55,32824.41604558467,0
76,1035,919.3818793846513,POS,0,Gujarat,51,62357.48786054581,0
77,1013,861.7896641152121,POS,0,Tamil Nadu,29,55990.97382880393,0
78,1030,699.0167850778272,Online,0,Tamil Nadu,41,94983.50747459863,0
79,1047,99.7162144356297,POS,0,Gujarat,54,67942.11460763644,0
80,1014,793.7061870873247,Online,0,Maharashtra,49,50098.887942503854,0
81,1007,853.2352702985324,POS,0,Gujarat,36,99630.83983042116,0
82,1013,809.1280384833567,POS,0,Maharashtra,46,61998.79662522002,0
83,1022,533.0550835426247,POS,0,Tamil Nadu,55,65973.2208122272,1
84,1039,271.25674671700756,POS,0,Karnataka,46,97797.26908466114,0
85,1020,853.0634769042904,POS,0,Delhi,36,35368.41283452605,1
86,1015,740.8046692531316,Online,0,Tamil Nadu,37,120652.3898561006,0
87,1044,981.723115669409,POS,0,Gujarat,20,145506.47340021617,0
88,1017,197.90796786813627,Online,0,Gujarat,57,83807.45561471596,0
89,1046,264.3813538994523,Online,0,Maharashtra,22,92781.6596121332,0
90,1023,251.20824238742756,Online,0,Delhi,40,70003.58112283293,0
91,1025,802.9127792402699,POS,0,Tamil Nadu,22,144373.37117141776,0
92,1024,227.56193162761227,Online,0,Delhi,47,37282.78644272959,1
93,1044,113.3268383321408,Online,0,Delhi,49,125757.84186575633,0
94,1040,998.6327662563472,Online,0,Tamil Nadu,41,104555.35771045962,0
95,1028,73.57635087289168,POS,0,Maharashtra,59,122894.51544095657,0
96,1014,843.4818571509223,POS,0,Maharashtra,52,143559.74494875438,0
97,1044,397.09849947312017,POS,0,Maharashtra,49,84499.80038962339,1
98,1000,849.5346867699245,POS,0,Karnataka,62,57482.94712294741,0
99,1024,576.8894666505877,Online,0,Delhi,61,121336.51310607532,0
100,1006,906.549668012042,POS,0,Karnataka,39,129794.16580544903,0
101,1008,929.8833370938953,Online,0,Maharashtra,38,109213.18060428971,0
102,1023,58.643272216737195,POS,0,Tamil Nadu,45,130370.20850440013,0
103,1000,121.64156719314886,Online,0,Delhi,51,114942.55036622082,0
104,1043,287.8407930923127,POS,0,Tamil Nadu,33,144471.4926636051,0
105,1007,685.8496455453266,POS,0,Gujarat,28,94188.53431762983,0
106,1023,893.8585866859307,POS,0,Delhi,50,69461.54371627548,0
107,1010,486.9448537292646,POS,0,Tamil Nadu,61,108467.66242664799,0
108,1016,626.6244604605522,Online,0,Maharashtra,55,28984.86540027881,0
109,1007,229.07486015578309,POS,0,Karnataka,36,84790.79231065416,0
110,1034,814.7184921876011,POS,0,Tamil Nadu,45,120542.06620840721,0
111,1034,968.9617057857963,POS,0,Gujarat,46,41965.300525520404,0
112,1032,305.16898626886757,Online,0,Maharashtra,54,72052.92227677593,0
113,1004,520.084654020519,POS,0,Gujarat,20,65537.27093586915,0
114,1041,131.8103049810551,POS,0,Karnataka,35,63545.97454128941,0
115,1038,581.17982363982,Online,0,Gujarat,35,104581.4565804256,0
116,1040,527.6442697543465,Online,0,Tamil Nadu,29,84674.49000915574,0
117,1027,187.21465994732372,Online,0,Tamil Nadu,35,123650.98962782905,0
118,1006,469.96290246217126,POS,0,Maharashtra,49,27520.422754360516,0
119,1008,367.3994194822351,Online,0,Karnataka,59,79008.20025473078,0
120,1007,545.7393315399299,POS,0,Karnataka,53,21819.833811932134,0
121,1011,606.3716186573592,Online,0,Delhi,36,48711.77589059289,0
122,1033,58.070799676849035,POS,0,Delhi,21,120798.8631017034,0
123,1032,772.9556838020776,Online,0,Tamil Nadu,28,33786.62096427996,0
124,1047,727.3635772686538,Online,0,Gujarat,20,33725.306925598685,0
125,1022,397.9720668961961,Online,0,Gujarat,44,72186.99517463848,0
126,1023,100.28913879037734,POS,0,Maharashtra,64,121002.41119190813,0
127,1036,767.1859127957979,Online,0,Karnataka,33,102942.97392939622,0
128,1034,957.4164024542258,POS,0,Tamil Nadu,61,121628.18643234867,0
129,1043,278.1440162209135,Online,0,Gujarat,35,26441.2957083497,0
130,1039,357.348383050186,Online,0,Delhi,47,93284.34203071894,1
131,1021,224.62224500772422,Online,0,Tamil Nadu,41,78928.04649418987,0
132,1026,598.0893171775976,POS,0,Maharashtra,23,136482.77280754884,0
133,1034,197.0993249150822,POS,0,Tamil Nadu,64,115854.11104776298,0
134,1000,388.38424628831046,POS,0,Gujarat,51,75164.3362863468,0
135,1034,712.1623632375498,Online,0,Maharashtra,29,92000.38695571404,0
136,1036,582.110183858881,POS,0,Delhi,59,75228.33061370542,1
137,1046,417.1394361115385,POS,0,Delhi,40,77349.1036022905,0
138,1013,449.2371217171648,Online,0,Gujarat,53,102430.70703702664,0
139,1002,584.0053384920681,Online,0,Maharashtra,57,48149.52247147758,0
140,1000,55.57149149280324,POS,0,Delhi,32,63313.900819001894,0
141,1004,124.58437503092937,POS,0,Maharashtra,33,56290.66064772838,0
142,1025,887.1951643748611,Online,0,Tamil Nadu,62,124104.31242621403,1
143,1013,123.98503963672623,POS,0,Karnataka,64,142452.65634647285,0
144,1038,721.4634163999799,Online,0,Karnataka,31,73859.07766365948,0
145,1026,924.0362559035999,Online,0,Karnataka,32,30023.151779468768,0
146,1008,307.14942408664456,POS,0,Delhi,29,32161.627740938544,0
147,1014,401.96686520653856,POS,0,Gujarat,60,71946.56393403641,1
148,1014,590.4753355524805,Online,0,Karnataka,52,71347.98178859937,0
149,1025,887.6235211566554,POS,0,Gujarat,42,39000.3312932636,1
150,1041,944.8103078973992,Online,0,Karnataka,31,124926.04425797708,0
151,1012,752.5850857057046,POS,0,Tamil Nadu,19,85017.51938542412,0
152,1031,132.28877281195935,Online,0,Karnataka,35,34177.78210032752,0
153,1038,685.6964477581082,POS,0,Gujarat,52,32833.62710535939,0
154,1048,439.78853577902896,POS,0,Delhi,26,77975.38291283249,0
155,1031,497.16594951650853,Online,0,Tamil Nadu,28,35188.74022259473,0
156,1003,96.69097082791819,POS,0,Gujarat,43,92955.49564063773,0
157,1029,231.50903237904026,Online,0,Maharashtra,20,70052.03253221686,1
158,1036,800.9879271569654,POS,0,Karnataka,22,139557.66450337385,0
159,1022,481.2608913954668,POS,0,Tamil Nadu,49,74458.31327485945,0
160,1038,336.5791295495914,POS,0,Delhi,58,99875.92119941588,1
161,1044,414.81812026671025,POS,0,Maharashtra,27,125476.03963746011,1
162,1014,861.6795376593961,Online,0,Karnataka,55,59373.897052561755,0
163,1042,761.549066534709,Online,0,Tamil Nadu,23,86545.50500332998,0
164,1028,308.6996273220286,POS,0,Gujarat,28,35722.19815624017,0
165,1035,161.62674820175465,Online,0,Karnataka,34,76260.02170062467,0
166,1012,289.39831056186813,Online,1,Tamil Nadu,19,68856.7720974448,0
167,1031,924.718628501997,POS,0,Karnataka,58,75664.57946344648,0
168,1006,602.5093959572675,Online,0,Tamil Nadu,41,33963.33194045717,0
169,1021,556.8061983075437,Online,0,Gujarat,22,71792.08867110012,0
170,1027,616.5739197078384,POS,0,Karnataka,38,133134.68751140815,1
171,1001,397.7268524591895,POS,0,Tamil Nadu,23,141817.1622379598,0
172,1041,816.7516693035371,POS,0,Maharashtra,21,51424.55451903544,0
173,1044,547.1219368352373,POS,0,Delhi,26,59065.16739980108,0
174,1005,160.91050763035577,Online,0,Tamil Nadu,22,21242.34425986487,0
175,1027,172.61186858760982,POS,0,Tamil Nadu,21,35025.522759622174,0
176,1027,560.0161891774874,Online,0,Tamil Nadu,26,64865.55382664971,0
177,1043,939.7417071672972,Online,0,Karnataka,35,109064.13713172967,0
178,1043,342.9345155923888,POS,0,Delhi,60,57986.55020542379,0
179,1019,876.0641104162573,Online,0,Karnataka,33,29801.642857954474,0
180,1029,775.8908072499354,Online,0,Tamil Nadu,19,115012.80666158786,0
181,1010,285.42182076156155,Online,0,Tamil Nadu,46,80679.49831502547,0
182,1027,84.52371090043033,POS,0,Delhi,59,87495.63690995993,1
183,1024,146.75490188526362,Online,0,Maharashtra,53,62383.26078158353,0
184,1038,742.0692371550682,POS,0,Karnataka,29,99695.74473418776,0
185,1032,239.68625113861435,POS,0,Maharashtra,58,135801.31357478927,1
186,1000,402.7073744801241,Online,0,Tamil Nadu,62,91988.60113698334,0
187,1026,526.6142077061036,Online,0,Tamil Nadu,54,96377.1132840488,0
188,1012,739.1947600276546,POS,0,Gujarat,51,68563.12697441713,0
189,1040,157.5696620961691,POS,0,Gujarat,52,30742.003005128026,0
190,1002,436.04808501358843,POS,0,Maharashtra,57,75710.38692470785,0
191,1038,510.81926368556066,POS,0,Gujarat,23,140203.10991136468,0
192,1005,563.7857107729627,POS,0,Delhi,54,108427.95655867961,0
193,1007,827.4426093254558,Online,0,Maharashtra,53,83728.57208156536,0
194,1026,213.09428529105605,POS,0,Gujarat,37,100714.82713837136,1
195,1008,817.4398792352912,Online,0,Gujarat,33,92609.78510466994,0
196,1036,708.2345063118196,POS,0,Delhi,25,138612.40607771042,0
197,1032,578.0772734890114,Online,0,Delhi,61,49100.21180143443,0
198,1041,714.5514768824434,POS,0,Maharashtra,39,135529.22263571195,0
199,1043,441.4168520040736,Online,0,Karnataka,22,109501.2147071184,0
200,1023,181.47770666971834,Online,0,Delhi,22,36607.03461996744,0
201,1014,682.476978252099,POS,0,Gujarat,62,68347.60910352532,0
202,1031,548.4386913513412,Online,0,Maharashtra,28,76718.85612005125,0
203,1031,657.4060605156367,POS,0,Karnataka,60,30781.371561244465,0
204,1023,371.0988419770655,POS,0,Maharashtra,36,92045.89727193398,0
205,1040,911.5232484728441,Online,0,Gujarat,56,53717.31201764701,0
206,1048,608.0013751467981,Online,0,Karnataka,34,79556.60411745918,0
207,1048,131.13236007633014,POS,0,Karnataka,54,77039.83573031749,0
208,1011,477.31379116920726,POS,0,Delhi,55,87817.64201576372,0
209,1038,768.5382520064526,POS,0,Tamil Nadu,35,130006.94379054735,1
210,1001,804.4278336456588,Online,0,Gujarat,26,121498.9559104769,0
211,1002,519.8672001255709,Online,0,Tamil Nadu,34,133490.18255864357,0
212,1048,900.010192289736,POS,0,Gujarat,58,94405.1637970287,0
213,1036,304.2850153345827,Online,0,Maharashtra,50,100054.66149218542,0
214,1048,440.0687623763533,Online,1,Tamil Nadu,37,75963.23942405562,0
215,1016,903.6670650405216,Online,0,Karnataka,35,113238.48236163192,0
216,1048,901.443880648,POS,0,Delhi,41,46636.38959329348,0
217,1001,701.4271303834469,POS,0,Gujarat,30,81773.87559218067,0
218,1001,866.0315197661091,Online,0,Delhi,57,112842.50786012509,0
219,1027,134.33460360842105,Online,0,Gujarat,45,121124.25847021429,0
220,1022,871.7452273973875,POS,0,Karnataka,63,52233.47007989678,0
221,1036,354.5889112227154,Online,0,Karnataka,20,43601.33130146876,1
222,1031,219.4149368068055,POS,0,Karnataka,53,57509.42614748066,1
223,1032,277.401344524944,POS,0,Karnataka,28,139620.22596846338,0
224,1000,447.0700826131927,POS,0,Karnataka,56,36785.656775801865,0
225,1018,288.63240437424383,POS,0,Delhi,38,143902.37055197317,0
226,1001,354.5392067156741,POS,0,Maharashtra,54,149325.63877668142,0
227,1043,178.22956176806,POS,0,Tamil Nadu,19,121847.76033700505,0
228,1025,331.3679272810486,POS,0,Delhi,23,118854.93109581158,0
229,1031,593.6696238149011,Online,0,Tamil Nadu,22,143927.24897808605,1
230,1005,469.7610226865107,POS,0,Maharashtra,64,57769.59284015295,0
231,1031,379.38282317411563,Online,0,Gujarat,60,36767.686738893084,1
232,1003,759.1295224142583,Online,0,Maharashtra,49,127003.04874511724,0
233,1010,898.834472823652,Online,0,Maharashtra,54,42220.9064436599,0
234,1016,768.9497617572772,POS,0,Gujarat,57,25903.28891209661,0
235,1037,365.40066701179524,Online,0,Tamil Nadu,28,45539.993378177016,0
236,1023,757.220059445676,POS,0,Karnataka,34,76927.85616579193,0
237,1004,194.38117335034863,POS,0,Gujarat,31,84363.29423095481,0
238,1033,173.80208868672636,Online,0,Gujarat,19,28125.220788982566,0
239,1005,378.345685184351,Online,0,Maharashtra,56,77641.26675678656,0
240,1021,817.3172505918542,Online,0,Gujarat,35,98559.98737757455,0
241,1010,284.0308348801868,Online,0,Delhi,50,141134.8420883973,1
242,1047,110.09073845374562,POS,0,Karnataka,47,49551.54511963007,0
243,1015,175.12405844603734,Online,0,Maharashtra,32,47426.15084863315,0
244,1032,865.8077201031011,Online,0,Tamil Nadu,46,70625.26007482674,0
245,1008,652.0941205099232,Online,0,Tamil Nadu,43,147875.08770445414,1
246,1005,290.5411052014779,Online,0,Tamil Nadu,18,63709.22150369462,0
247,1015,577.5310340617723,Online,0,Tamil Nadu,34,25702.820099269775,0
248,1028,551.2006413040829,POS,0,Tamil Nadu,56,54529.93109744347,0
249,1002,672.6641795186282,POS,0,Maharashtra,19,92579.2060001883,0
250,1019,271.5281767005355,POS,0,Delhi,32,73630.68433495605,0
251,1035,871.1828378346778,Online,0,Delhi,39,120648.99749656205,1
252,1018,343.9001339760122,Online,0,Tamil Nadu,37,98945.30634936516,1
253,1025,709.425071277425,POS,0,Delhi,46,92729.43690708523,0
254,1002,65.31841405360414,POS,0,Karnataka,42,61989.213697353785,0
255,1018,404.0242733994399,POS,0,Delhi,60,91739.9853687598,1
256,1019,384.12432706086787,POS,0,Gujarat,41,100026.79350988334,0
257,1031,566.3102071538638,Online,0,Tamil Nadu,51,43296.61877937769,1
258,1006,119.09944868833668,Online,0,Gujarat,60,115662.82954035446,0
259,1040,800.6248050398029,Online,0,Gujarat,38,71081.28929853856,0
260,1032,256.8917616791901,POS,0,Tamil Nadu,19,116495.84231223399,0
261,1039,693.1859241379096,POS,0,Maharashtra,33,43102.375508701545,0
262,1038,813.0515170818885,POS,0,Delhi,57,105347.70121710704,0
263,1017,583.7831084294374,Online,0,Karnataka,38,23494.8219044561,0
264,1039,753.8390463858863,Online,0,Maharashtra,54,40665.55294879647,0
265,1000,678.7672966042552,POS,0,Karnataka,25,135845.71646304528,0
266,1010,387.75330729440725,Online,0,Tamil Nadu,31,79991.35426631817,0
267,1027,818.415612081887,POS,0,Delhi,63,86022.16842957464,0
268,1024,329.9663013912516,POS,0,Maharashtra,39,137985.11657787004,0
269,1049,592.6522718639413,POS,0,Tamil Nadu,35,83041.34287103792,0
270,1022,758.1278521844625,Online,1,Maharashtra,22,105096.51181524836,0
271,1030,410.0081143218822,POS,0,Gujarat,59,48854.159371830785,1
272,1029,337.6292272365538,POS,0,Delhi,64,30604.50883321786,0
273,1041,486.3787096641816,Online,0,Delhi,62,65935.72948267838,0
274,1034,827.065319631696,POS,0,Tamil Nadu,47,123828.33070159967,0
275,1006,933.4256749883815,POS,0,Tamil Nadu,48,78088.85034542507,0
276,1015,567.8292422168956,Online,0,Tamil Nadu,26,41859.54732169958,1
277,1025,678.3928950574692,POS,0,Delhi,48,90862.74377788935,0
278,1047,908.1099411269685,POS,0,Gujarat,48,54299.24689721465,0
279,1048,143.61950884229526,POS,0,Delhi,58,143066.81490521325,0
280,1001,270.4746489728568,Online,0,Tamil Nadu,26,95063.64328590891,0
281,1000,723.4550059390033,POS,0,Karnataka,54,147785.11538974917,0
282,1047,832.5572388166847,POS,0,Gujarat,23,25599.462156036825,0
283,1011,864.177576914049,POS,0,Delhi,59,21502.746728395698,0
284,1004,444.35181801218596,Online,0,Karnataka,43,82022.42531830099,0
285,1036,134.87290717727348,Online,0,Gujarat,27,132059.93330940677,0
286,1031,465.89240343463894,Online,0,Delhi,23,88172.90314680543,1
287,1008,269.1978606967011,POS,0,Tamil Nadu,50,133904.26488562892,0
288,1040,326.63663224679294,Online,0,Delhi,62,36973.58863896922,0
289,1034,783.6541789956306,POS,0,Gujarat,47,110912.54702852997,0
290,1018,121.75073172459253,Online,0,Tamil Nadu,57,105784.0551285054,0
291,1047,836.202156606667,Online,0,Maharashtra,41,90845.29591316133,1
292,1015,456.2856315329606,Online,0,Karnataka,45,72663.62321832278,0
293,1002,616.2607345455654,Online,0,Tamil Nadu,62,104118.8844063676,0
294,1019,135.16961967389506,POS,0,Tamil Nadu,55,91511.99656882054,0
295,1023,370.49112443941567,Online,0,Gujarat,46,55441.33313045815,0
296,1032,135.2158730641035,POS,0,Gujarat,61,33600.00542933177,0
297,1023,963.4665367370541,POS,0,Karnataka,32,70264.32644840382,0
298,1010,816.8985668599379,POS,0,Gujarat,25,86616.69522083484,0
299,1048,486.65111663863723,Online,0,Tamil Nadu,40,86106.99879039789,1
300,1007,262.42242090748755,Online,1,Karnataka,60,75325.71227856977,0
301,1035,936.7823499873596,POS,0,Karnataka,26,62556.171969219446,0
302,1037,377.36676594062317,Online,0,Delhi,28,65564.22977728627,0
303,1039,202.935210103006,POS,0,Tamil Nadu,23,54559.88684740076,0
304,1019,585.0061690312572,Online,0,Tamil Nadu,64,95388.07458611138,0
305,1034,946.5854143275753,Online,0,Gujarat,29,130485.36773978945,0
306,1047,53.638775975306444,POS,0,Tamil Nadu,51,134359.6626946132,0
307,1024,276.2186010912988,Online,0,Gujarat,38,149184.24428484525,1
308,1034,941.5252583898872,POS,0,Tamil Nadu,49,31546.375207296813,0
309,1024,212.53166851430393,POS,0,Delhi,53,47853.574107742425,0
310,1028,157.58127905782885,Online,0,Tamil Nadu,42,114926.90629468966,0
311,1017,591.6778550098143,Online,0,Delhi,52,103881.26790288079,1
312,1045,868.7516321300884,Online,0,Tamil Nadu,51,37402.54381707803,0
313,1017,503.25432680922984,POS,0,Tamil Nadu,36,102032.34383976254,0
314,1001,994.8360438502986,Online,1,Maharashtra,54,72840.04170080248,0
315,1034,695.2131145610932,Online,0,Tamil Nadu,34,144391.73305686668,0
316,1015,120.37116184992536,Online,0,Delhi,33,131181.56566704996,0
317,1040,993.1905250978766,Online,0,Karnataka,33,29521.496369821354,0
318,1035,437.49952494118094,POS,0,Delhi,61,31698.652149577465,0
319,1032,323.0324071532084,Online,0,Tamil Nadu,21,74217.38469477407,0
320,1003,579.9852243989912,POS,0,Gujarat,47,21088.25164273984,0
321,1032,339.0922122298211,Online,0,Maharashtra,51,32270.298791485497,0
322,1013,132.1346317641447,Online,0,Gujarat,22,141237.43521903676,0
323,1020,51.35692592521789,Online,0,Maharashtra,50,123016.13818321236,0
324,1047,477.1041852742492,POS,0,Maharashtra,63,107452.16741307401,0
325,1019,845.0202511152627,POS,0,Gujarat,26,127930.84033186377,1
326,1007,593.6994263485727,Online,0,Tamil Nadu,34,52507.131207307946,0
327,1006,999.2469339962688,POS,0,Delhi,29,114323.70513368925,0
328,1002,322.50431336483996,POS,0,Gujarat,41,100023.73019369396,0
329,1016,316.43231152205254,Online,0,Karnataka,29,130324.16411489825,1
330,1032,201.761987222247,Online,0,Maharashtra,32,56749.36601723441,0
331,1047,205.86040885206842,Online,0,Delhi,33,119283.05367907613,0
332,1011,320.9272662095454,Online,0,Karnataka,40,130844.68252798986,0
333,1021,803.1980430098508,Online,0,Delhi,35,91370.89370968449,0
334,1021,910.4689511046255,Online,0,Tamil Nadu,39,73792.08106876464,0
335,1045,976.3328112222972,POS,1,Karnataka,63,143324.83493550427,1
336,1029,270.67517139163,Online,0,Gujarat,61,41966.05006455874,0
337,1037,887.2326683333871,Online,0,Delhi,48,24715.495604602125,1
338,1037,361.8423348134702,Online,0,Gujarat,60,43288.23429261906,0
339,1044,157.1985172910402,Online,0,Gujarat,32,108849.01560618407,0
340,1007,876.5236792441574,POS,1,Delhi,38,122562.97207337356,0
341,1026,654.3003529114377,POS,0,Delhi,25,113187.58407479512,1
342,1026,206.49435127700863,POS,0,Maharashtra,57,74582.65201423882,0
343,1033,458.3396946373524,Online,0,Maharashtra,53,145784.56080495103,0
344,1020,322.89481013321426,Online,0,Karnataka,59,77759.2497361836,0
345,1029,749.9548402746872,POS,1,Karnataka,55,147569.6419037513,0
346,1032,480.74541909305464,POS,0,Karnataka,23,139355.1394260195,1
347,1027,989.8159478510657,Online,0,Maharashtra,34,72928.77882847303,0
348,1046,102.00773314661537,Online,0,Gujarat,57,40931.123123518075,0
349,1032,387.2645028294343,Online,0,Tamil Nadu,62,31678.86323212499,0
350,1004,507.80515875447855,Online,0,Tamil Nadu,64,89091.74379011652,1
351,1047,527.9768770109038,Online,1,Delhi,53,119217.0348941122,0
352,1018,350.13903126635495,POS,0,Maharashtra,45,42886.20040553213,0
353,1003,742.7782366426896,Online,0,Delhi,64,61367.42200859656,1
354,1034,881.009719814526,POS,0,Tamil Nadu,40,101969.09124755238,0
355,1048,941.7833368789699,Online,0,Delhi,48,79912.87529917805,0
356,1016,814.8387079595499,POS,0,Maharashtra,63,98502.81112901584,0
357,1043,858.0511874412695,POS,0,Maharashtra,28,107927.7861067485,0
358,1027,573.0180355889958,POS,0,Maharashtra,37,69490.3622183337,0
359,1029,834.5938151054738,Online,0,Tamil Nadu,49,122175.61870035877,0
360,1028,338.3287136905546,Online,0,Maharashtra,34,111372.46112142589,0
361,1045,428.5548240037537,Online,0,Karnataka,59,109381.91971666276,0
362,1005,351.0673631276171,POS,0,Karnataka,55,39432.85794080305,0
363,1034,494.0179686755292,POS,0,Maharashtra,23,81650.62761128001,0
364,1040,321.30063542670456,Online,0,Karnataka,18,95032.47925448959,0
365,1036,963.5308701417244,POS,0,Maharashtra,54,49430.20835914614,0
366,1023,347.20239660538476,POS,0,Tamil Nadu,21,118613.72160393048,0
367,1028,143.14231120539284,POS,0,Karnataka,48,35740.49016926413,0
368,1048,550.4763077478927,POS,0,Tamil Nadu,28,39481.47432834993,0
369,1045,104.24412452291755,Online,0,Karnataka,34,73731.5084246922,0
370,1030,155.0160079931515,POS,0,Gujarat,24,37594.824140082055,0
371,1034,258.41991973643394,Online,0,Gujarat,52,21513.713747651414,0
372,1032,491.1327373880346,POS,0,Tamil Nadu,19,73482.25085014556,0
373,1020,461.58838569357647,POS,0,Karnataka,57,104311.77818452058,0
374,1031,809.7072689026517,Online,0,Gujarat,54,84367.97893609676,0
375,1022,752.5009211899077,POS,0,Maharashtra,54,26783.36068517311,0
376,1032,455.0023792911662,Online,0,Delhi,27,50220.49381721526,0
377,1002,367.01899719684843,Online,0,Gujarat,29,88165.3214477599,0
378,1017,350.64534485842364,Online,0,Gujarat,34,115952.06045551349,0
379,1024,785.2953329293085,Online,0,Maharashtra,63,123209.20535953797,1
380,1041,99.46878591020625,Online,0,Gujarat,43,87517.90208866571,1
381,1030,62.18056703507553,Online,0,Gujarat,22,103996.56899486839,0
382,1002,805.7671723303157,Online,0,Gujarat,22,137444.25618508126,0
383,1039,503.28905718959686,POS,0,Karnataka,55,28475.83629194746,0
384,1045,174.33708162589716,Online,0,Gujarat,64,32892.431961965325,0
385,1023,273.78763786477623,POS,0,Delhi,44,79521.81092480538,0
386,1049,935.8787554425135,POS,0,Karnataka,22,99265.50361463577,0
387,1031,866.5278268436531,POS,1,Karnataka,25,20602.44417205222,0
388,1046,724.295797712774,Online,0,Tamil Nadu,48,78831.28299393976,0
389,1021,508.11396882046023,Online,0,Gujarat,50,42458.91556320069,0
390,1022,544.3074448818164,POS,0,Delhi,38,103863.60354516993,1
391,1001,976.4823085197606,Online,0,Delhi,52,54805.624197327525,0
392,1026,967.4819216900728,POS,0,Tamil Nadu,38,137251.9565856899,0
393,1041,254.50559349654256,POS,0,Delhi,32,28300.167297192784,0
394,1001,820.5493379900522,POS,0,Karnataka,53,125196.78686616501,0
395,1025,237.38053285866596,Online,0,Maharashtra,19,71002.58175335791,1
396,1016,252.86060398975383,POS,0,Karnataka,47,131430.87615909422,0
397,1039,692.2883824563479,Online,0,Maharashtra,45,125965.93904335154,0
398,1032,434.751043658171,POS,0,Delhi,34,51108.050318514055,0
399,1008,934.9671867511942,Online,0,Gujarat,61,26573.8092285039,0
400,1042,134.5592481512084,POS,0,Maharashtra,37,110417.78348352404,1
401,1047,535.9493587690183,Online,0,Karnataka,57,46571.29164108704,0
402,1038,922.5954539209652,POS,1,Karnataka,46,140965.9236102942,0
403,1028,908.9079774555299,Online,0,Karnataka,22,28739.979589027207,0
404,1041,198.70275274495415,Online,0,Karnataka,42,62117.40710434162,0
405,1025,398.30581509163363,Online,0,Tamil Nadu,27,21644.370975236205,0
406,1034,638.1653300443614,POS,0,Delhi,36,61212.548756352546,0
407,1049,201.42514053283207,POS,0,Gujarat,58,90363.62844226169,0
408,1024,969.6210634434518,POS,0,Tamil Nadu,18,105132.13248007704,0
409,1023,919.0118622912773,Online,0,Delhi,64,114436.39743033312,1
410,1012,208.60267008274573,Online,0,Maharashtra,51,128348.5248719054,0
411,1006,165.09768819793615,POS,0,Tamil Nadu,31,34401.93672217811,0
412,1035,131.13805866785202,POS,0,Tamil Nadu,42,119043.44323179635,0
413,1044,913.9714808347995,Online,0,Tamil Nadu,43,56187.94092969335,0
414,1019,233.94261930568774,POS,0,Tamil Nadu,38,37972.08635584671,0
415,1000,445.470682117137,Online,0,Maharashtra,33,54535.16854308526,0
416,1007,476.40879736940286,Online,0,Karnataka,27,131539.10031640227,0
417,1045,619.0604920028892,Online,0,Tamil Nadu,49,101560.91890688977,0
418,1015,118.14857656005371,POS,0,Delhi,61,97659.59394517512,0
419,1013,265.4206865304901,Online,0,Karnataka,62,96002.79930756244,0
420,1011,934.9158675729798,POS,0,Maharashtra,37,73121.58035021483,0
421,1022,912.9896019051411,Online,0,Gujarat,26,74210.59358840424,0
422,1014,792.2261150354076,POS,0,Maharashtra,51,39282.179521498605,0
423,1027,68.43118333730466,POS,0,Gujarat,48,63239.689389189734,0
424,1033,360.656430071297,Online,0,Delhi,36,86564.17838197551,0
425,1001,646.5607985757624,Online,0,Gujarat,64,98782.30048770455,1
426,1031,311.43070118480193,Online,0,Tamil Nadu,48,29313.033403489877,0
427,1022,914.1073603010884,Online,0,Karnataka,47,63395.33123216742,1
428,1021,652.1949887408198,POS,0,Karnataka,64,64124.70044614041,0
429,1024,118.31138145062332,POS,0,Tamil Nadu,41,86959.12594191883,0
430,1021,913.5553093939179,POS,0,Karnataka,50,112304.48579390871,0
431,1021,959.8783252674114,POS,0,Maharashtra,35,102580.24460949401,1
432,1048,123.82679747213922,POS,0,Tamil Nadu,38,94215.07650880648,0
433,1041,555.7422231182492,Online,0,Tamil Nadu,48,57884.426564450485,0
434,1005,338.1960681034619,Online,1,Karnataka,56,129077.3384531266,0
435,1014,423.1971226573323,POS,0,Gujarat,59,122088.03475917535,1
436,1042,220.6686570575748,Online,0,Delhi,58,43869.66298267198,1
437,1036,599.168496911792,Online,0,Gujarat,60,105167.10398663554,0
438,1032,960.080385586446,Online,0,Maharashtra,21,137865.09566405293,0
439,1007,527.9189702580286,Online,0,Tamil Nadu,43,76628.16793212152,0
440,1043,128.76885232475712,Online,0,Tamil Nadu,50,140220.00527140548,1
441,1043,639.001266803538,Online,0,Maharashtra,61,22855.290898543546,0
442,1004,373.2118447286942,POS,0,Delhi,50,87111.19984194342,1
443,1038,863.128930111733,Online,0,Tamil Nadu,37,53315.103807940504,0
444,1003,462.9442409006467,Online,0,Gujarat,58,54080.46158425201,0
445,1005,233.19762849513333,POS,0,Maharashtra,25,134081.13576024355,1
446,1044,231.5503415565877,POS,0,Tamil Nadu,53,60494.93090863781,1
447,1031,780.3259716851023,POS,0,Gujarat,25,23033.05991560429,0
448,1029,302.3082183919919,Online,0,Maharashtra,48,90159.52932437636,0
449,1046,778.8717244512618,POS,0,Maharashtra,39,146212.1955818425,0
450,1034,245.59294522826943,Online,0,Maharashtra,59,30282.413945158733,0
451,1039,355.6020502662439,POS,0,Delhi,64,57218.9868319193,0
452,1015,492.2126238177144,Online,0,Maharashtra,36,81035.41300154963,0
453,1012,946.0360572087782,Online,0,Karnataka,37,127962.41434473904,0
454,1049,935.1448535161334,POS,0,Karnataka,40,54956.369201125926,0
455,1041,246.52828165117342,Online,0,Maharashtra,41,64679.08273504322,0
456,1029,390.3080891809192,Online,0,Tamil Nadu,60,69984.34666785749,0
457,1018,191.9294190310837,Online,0,Karnataka,41,69352.43634723012,0
458,1016,534.4858253478222,Online,0,Gujarat,53,46044.882429524994,0
459,1018,487.55342315993323,POS,0,Gujarat,26,139036.56461206297,0
460,1027,905.7221543281958,POS,0,Tamil Nadu,57,123078.33908842997,0
461,1025,933.505108901519,POS,1,Gujarat,33,146833.56135059788,0
462,1036,414.3890214569275,Online,0,Tamil Nadu,44,68229.18664405905,1
463,1025,517.15104586804,POS,0,Gujarat,62,25888.388780858786,1
464,1022,901.4244366888264,POS,0,Maharashtra,54,35015.14115143664,0
465,1008,816.3724173578083,Online,0,Gujarat,30,66472.87108228324,0
466,1011,53.473495777416815,POS,0,Maharashtra,19,138438.33326729079,0
467,1000,354.0565859744034,POS,0,Gujarat,29,147541.0154547805,0
468,1000,450.6855298393196,POS,0,Gujarat,58,126859.62379670973,0
469,1046,268.2304694990701,Online,0,Gujarat,50,50995.311357229366,0
470,1033,239.59303510114182,POS,0,Maharashtra,40,105760.92610832317,0
471,1031,85.89528126589568,POS,0,Gujarat,31,97558.9462444644,0
472,1047,661.2012388162725,POS,0,Gujarat,56,127022.80646396628,0
473,1024,299.38477595900736,Online,0,Delhi,47,86267.41577202894,0
474,1039,99.72981950974744,Online,0,Maharashtra,63,61356.88264456878,0
475,1044,269.4303450016605,POS,0,Karnataka,51,22506.089409455177,0
476,1000,811.8182551943202,POS,0,Tamil Nadu,26,123353.40523555737,0
477,1015,858.9147225642193,POS,0,Delhi,32,88932.2827694325,0
478,1038,508.91293293363753,Online,0,Gujarat,41,89444.35908925346,0
479,1004,445.26713688825185,Online,0,Karnataka,58,144418.1029845055,0
480,1021,978.9610088266927,POS,0,Karnataka,42,83209.5701601833,0
481,1028,240.5364266086664,POS,0,Gujarat,53,61054.17326406805,0
482,1002,254.59131871187805,Online,0,Gujarat,49,64178.93577965368,1
483,1011,327.27381818457974,Online,0,Delhi,64,21527.0963790069,0
484,1025,214.11945236703295,POS,0,Maharashtra,38,35905.634378201736,0
485,1015,410.39731829397726,Online,0,Delhi,59,25695.139225724866,0
486,1036,915.2925156402661,POS,0,Maharashtra,56,51623.82035532623,0
487,1021,634.5804485971456,POS,0,Karnataka,23,28404.802850801167,0
488,1028,441.3492211816505,Online,0,Tamil Nadu,64,63045.114622974965,0
489,1013,937.6902548426541,POS,0,Gujarat,42,36396.83697884187,0
490,1027,96.04102085203121,POS,0,Delhi,19,139329.47592905728,0
491,1004,249.7623690067683,POS,0,Karnataka,48,141989.9083923762,0
492,1046,587.5941748466711,POS,0,Delhi,47,98449.33898158866,0
493,1048,634.7749920335202,POS,0,Maharashtra,32,124713.40779797111,0
494,1029,87.57963123448249,POS,0,Gujarat,35,108037.46722704056,0
495,1045,432.88682001177557,POS,0,Maharashtra,49,125444.15566499188,1
496,1004,666.6962665893291,Online,0,Maharashtra,31,103174.93637562133,0
497,1011,713.1670190832315,Online,0,Maharashtra,35,75925.1773299239,0
498,1015,656.2329073904558,POS,0,Karnataka,52,133588.07944402777,0
499,1025,354.5350631428783,Online,0,Gujarat,39,76948.63064645234,0
500,1025,138.84411741801404,POS,0,Tamil Nadu,31,71507.62361602011,0
501,1047,455.7568240983674,POS,0,Delhi,55,101169.80848133504,1
502,1020,172.3167154996527,Online,0,Maharashtra,31,141931.1341140007,0
503,1038,950.2424755946338,POS,0,Gujarat,51,77486.36936670655,1
504,1035,501.4123227214968,POS,0,Delhi,39,94742.82022362594,1
505,1032,351.3962156390242,Online,0,Gujarat,33,84003.2535879474,0
506,1029,777.9888675629551,Online,0,Delhi,33,138265.2780307092,0
507,1036,523.0511629531507,Online,0,Gujarat,33,107976.8503001454,0
508,1022,344.53232281182756,Online,0,Tamil Nadu,57,74546.61918385007,0
509,1009,821.3693552712616,Online,0,Gujarat,55,98897.3440291009,0
510,1004,873.7945434510659,Online,0,Gujarat,35,40287.69564041398,1
511,1035,689.3577579742431,POS,0,Maharashtra,40,64452.705290245765,1
512,1033,94.61620128728393,Online,0,Maharashtra,63,115703.55815692921,0
513,1030,588.0067361582055,Online,0,Maharashtra,57,93111.23745340329,0
514,1009,775.1301663974175,POS,0,Gujarat,35,60855.46554880465,0
515,1018,179.67786147940308,POS,0,Tamil Nadu,63,67098.72771516445,0
516,1031,267.2372138153732,Online,0,Delhi,39,125271.75750952604,0
517,1000,888.3703498147296,POS,0,Maharashtra,57,90314.79038351322,0
518,1004,69.11563576042033,POS,0,Karnataka,47,51038.28525003781,0
519,1044,765.0907809346772,POS,0,Gujarat,59,58585.67942608289,0
520,1003,500.0846278887018,POS,0,Tamil Nadu,59,80824.8564563483,0
521,1015,474.4335508976265,POS,0,Tamil Nadu,35,119168.88381175885,1
522,1023,56.741705870142816,POS,0,Maharashtra,35,149667.2557383256,0
523,1015,828.4283194181681,POS,0,Maharashtra,58,44148.861025772334,0
524,1001,391.83365560473817,Online,0,Karnataka,18,118140.77291826296,0
525,1048,563.7273497355158,POS,0,Karnataka,59,100238.53706881407,0
526,1027,693.4356520188765,Online,0,Maharashtra,32,89055.09217747876,0
527,1031,717.49809761602,POS,0,Delhi,22,145639.41684649413,1
528,1026,958.1810558847686,POS,1,Maharashtra,44,61957.96146748937,0
529,1019,554.7729555747786,Online,0,Maharashtra,34,43007.1716138708,0
530,1023,429.7335734257062,POS,0,Tamil Nadu,58,134087.6305215569,0
531,1011,956.0184451671225,POS,0,Maharashtra,49,28929.560079464718,1
532,1049,660.0047232742451,Online,0,Maharashtra,55,126225.55769650561,1
533,1034,333.24283846272783,POS,0,Maharashtra,43,96600.67910385251,1
534,1032,170.1410331333926,POS,0,Delhi,19,41320.505924388606,1
535,1032,850.4267763919222,Online,0,Tamil Nadu,45,49557.08057814253,0
536,1042,394.072522654444,Online,0,Gujarat,62,40259.27704673041,0
537,1036,677.4462352962096,POS,0,Gujarat,40,113384.01044102418,0
538,1011,497.27559839760323,Online,0,Gujarat,37,39150.45051329392,1
539,1002,238.98329080528643,POS,0,Gujarat,53,108578.21373530879,0
540,1000,621.6022781894418,POS,0,Tamil Nadu,59,36659.53838424293,0
541,1032,107.6489155031482,Online,0,Maharashtra,39,124294.65668335928,0
542,1039,442.6753368776326,Online,1,Gujarat,28,139533.80128859868,0
543,1009,569.2841926804874,Online,0,Maharashtra,45,92710.56367242079,0
544,1042,464.2446254126501,Online,0,Gujarat,62,145603.92483822664,1
545,1043,761.2385664884413,POS,0,Delhi,39,70749.43938027631,1
546,1028,836.5287068180469,Online,0,Maharashtra,34,51798.31921914362,0
547,1012,782.6809203315191,Online,0,Tamil Nadu,48,43048.578294462364,0
548,1011,86.872300421212,POS,0,Delhi,28,82265.23517246518,0
549,1030,234.4223319236736,POS,0,Delhi,53,36997.09721342202,0
550,1045,559.7771338005856,POS,0,Tamil Nadu,31,133852.78170172824,0
551,1001,938.0809384216112,POS,0,Delhi,52,122019.51726382582,0
552,1049,843.208936299511,POS,0,Maharashtra,40,93075.39256714855,0
553,1034,850.4077829342116,POS,0,Karnataka,46,113790.18610248798,0
554,1022,338.0477840716911,POS,0,Karnataka,40,26498.73938910084,1
555,1016,457.9755022247674,POS,0,Gujarat,61,46457.31250419862,0
556,1025,497.17064995014056,POS,0,Gujarat,53,100757.54606788278,1
557,1007,199.50300418241488,Online,0,Maharashtra,33,82071.03652266639,0
558,1028,79.5147237322335,Online,0,Tamil Nadu,56,98600.98739485764,0
559,1025,949.557754487491,POS,0,Maharashtra,37,31565.97556795969,0
560,1009,278.6769563803314,Online,0,Gujarat,42,104814.93255361612,0
561,1025,277.95145853744975,POS,0,Delhi,36,124470.11341515728,0
562,1033,129.21010108032158,POS,0,Maharashtra,43,91015.77378969516,0
563,1040,932.0823643465897,POS,0,Maharashtra,49,66462.91242983902,0
564,1006,600.7502591927833,POS,0,Tamil Nadu,38,42704.22139882489,0
565,1003,683.6850142690862,Online,0,Gujarat,26,54496.15596585291,0
566,1049,915.9980428998999,Online,0,Maharashtra,60,87929.27101207848,0
567,1044,378.33916045575,POS,0,Delhi,36,53217.31783265961,0
568,1010,640.4319455811799,Online,0,Delhi,38,121132.91985927016,0
569,1028,86.85948199244308,Online,0,Karnataka,35,37126.333389215724,0
570,1035,227.43390181957287,POS,0,Gujarat,23,87135.15459270254,0
571,1024,839.6835148354454,POS,0,Delhi,52,84475.60356921909,0
572,1020,778.429938521419,Online,0,Tamil Nadu,31,38055.9942331458,0
573,1035,383.11055688428957,Online,0,Gujarat,26,149348.38549944275,0
574,1009,407.97009638550185,POS,0,Delhi,52,127007.60037040243,1
575,1036,556.8767118759005,POS,0,Maharashtra,19,70249.22047358476,0
576,1008,50.22895445087782,Online,0,Gujarat,23,109037.85006491705,0
577,1023,279.1821192361265,POS,0,Delhi,52,113155.55592696517,0
578,1034,247.82021817780372,POS,0,Maharashtra,42,104649.31380300723,0
579,1048,287.9587994122753,POS,1,Karnataka,26,76222.91300245153,0
580,1034,815.6105504067692,Online,0,Gujarat,48,135064.47311141965,1
581,1047,315.690163719121,Online,0,Gujarat,24,120301.6796246495,0
582,1035,231.94525594764076,POS,0,Delhi,45,90462.59404857902,0
583,1017,529.05028775338,Online,0,Karnataka,19,20333.162115421543,0
584,1048,872.3627845540954,POS,0,Tamil Nadu,18,49038.650982481064,0
585,1038,279.2822186456249,Online,0,Delhi,54,86147.34123913775,0
586,1031,124.60943065315875,Online,0,Delhi,41,136860.77738673025,0
587,1023,388.58449905718146,Online,0,Tamil Nadu,52,101720.72273563291,0
588,1022,760.2692333367289,POS,0,Tamil Nadu,24,74322.09871959337,0
589,1031,573.1560174600548,POS,0,Tamil Nadu,55,26228.556691844118,0
590,1036,825.9537010956301,POS,0,Tamil Nadu,46,97646.42954467809,0
591,1011,961.6125402287722,Online,0,Tamil Nadu,18,65597.78440293368,0
592,1048,803.0293529140362,POS,0,Maharashtra,47,89858.93815534373,0
593,1012,623.6129249015657,POS,0,Maharashtra,63,119637.42079405751,0
594,1022,518.6745086497615,POS,0,Tamil Nadu,49,124486.24615659927,0
595,1024,88.06563203085334,POS,0,Karnataka,27,132356.17112833814,0
596,1034,985.1058798733392,Online,0,Karnataka,51,102686.06141080527,0
597,1040,414.3070664462904,POS,0,Tamil Nadu,28,137730.32634108845,0
598,1029,194.61680322102347,POS,0,Maharashtra,54,109781.64127176748,0
599,1016,683.3734126266339,Online,0,Karnataka,44,121908.83209866832,0
600,1048,320.07387464068637,POS,0,Maharashtra,27,109112.68891359863,0
601,1019,606.4893573844953,Online,0,Delhi,55,133342.29578918556,0
602,1047,607.4295124523617,Online,1,Maharashtra,39,48975.68464504497,0
603,1024,473.4433298577257,Online,0,Tamil Nadu,41,118785.31992705859,1
604,1021,844.3126847677905,POS,0,Gujarat,25,35230.35059512723,1
605,1012,301.7187084776709,Online,0,Tamil Nadu,23,31959.223884641036,0
606,1018,476.20096203684744,Online,0,Delhi,21,83910.94499239454,0
607,1048,560.8075221614229,Online,0,Maharashtra,22,59030.83026539909,0
608,1035,680.4434847289347,POS,0,Karnataka,23,93236.56696002811,0
609,1011,794.7732579803101,Online,0,Tamil Nadu,64,108105.4093035277,0
610,1040,425.06691873434323,Online,0,Karnataka,49,49453.177080115194,0
611,1018,663.7445968917663,Online,0,Maharashtra,55,110990.38753520527,0
612,1011,193.08040541509317,POS,0,Delhi,37,149409.68191210326,0
613,1008,936.0156955153547,Online,0,Tamil Nadu,57,118794.10063866334,0
614,1006,413.90586609995336,Online,0,Karnataka,62,42592.24524350035,0
615,1027,743.0453508776166,POS,0,Tamil Nadu,53,102380.40514538683,0
616,1013,69.32402778806876,POS,0,Tamil Nadu,31,21233.02011222952,1
617,1030,244.92778575956666,POS,0,Karnataka,64,81063.36084304468,1
618,1018,512.7284171073991,Online,0,Delhi,36,89329.82753330933,1
619,1046,884.3398443457293,Online,0,Tamil Nadu,28,146409.08188883436,0
620,1015,550.8923924531432,Online,0,Delhi,56,115836.6994559939,0
621,1004,933.3769581791851,Online,0,Delhi,18,111774.83275310033,0
622,1034,509.60705175365655,POS,0,Maharashtra,52,89212.59917314652,0
623,1011,515.9266418991524,Online,0,Karnataka,36,86712.88184714832,1
624,1024,163.7594490755053,POS,0,Maharashtra,50,148970.76156170078,0
625,1020,812.5234319446088,Online,0,Gujarat,49,22764.83952033761,0
626,1035,284.61714184370936,Online,0,Maharashtra,53,59416.76776185516,1
627,1022,904.6318649036994,Online,0,Tamil Nadu,41,37391.8970356292,0
628,1015,915.2830093138763,POS,0,Tamil Nadu,60,60946.35121296017,0
629,1038,946.1446062804422,POS,0,Tamil Nadu,24,80270.56329684364,0
630,1044,544.2189646479355,POS,0,Gujarat,24,64451.207581226954,0
631,1041,693.2390955444621,POS,0,Delhi,63,145151.66489915823,0
632,1038,789.5900860585804,Online,0,Tamil Nadu,64,108476.43700840538,1
633,1013,174.46388771794233,Online,0,Maharashtra,22,114645.84087716562,0
634,1030,620.9093352476224,Online,0,Delhi,31,116497.98906572038,0
635,1004,82.58300623814608,Online,0,Maharashtra,62,136899.50894308538,0
636,1034,522.6877792192896,Online,0,Maharashtra,43,119842.44495758649,0
637,1022,197.10054753921602,POS,0,Tamil Nadu,18,22106.62520480247,0
638,1028,223.77677966398048,POS,0,Maharashtra,30,53981.44695173216,0
639,1042,396.7951883579714,Online,0,Gujarat,40,148583.5701346775,0
640,1010,460.81530838067783,Online,0,Delhi,37,104776.1832606076,0
641,1017,642.0138033055779,Online,0,Tamil Nadu,24,28855.305104769643,0
642,1046,120.70699751658988,Online,0,Tamil Nadu,23,80662.96637164406,0
643,1011,528.5071731755725,POS,0,Maharashtra,26,147508.47982442228,0
644,1008,223.49387374044608,Online,0,Maharashtra,45,149068.95843524503,1
645,1009,595.2764162801548,Online,0,Karnataka,27,76218.08657122713,1
646,1043,655.5343816481243,Online,0,Karnataka,52,136096.89117166004,0
647,1016,578.8737937252112,Online,0,Tamil Nadu,24,96959.0004815325,0
648,1037,751.3807349543923,POS,0,Tamil Nadu,42,86225.81534274941,1
649,1006,368.82878202885627,Online,0,Maharashtra,47,73552.52351411711,0
650,1045,776.8512620514744,POS,0,Gujarat,60,135976.90516786784,0
651,1012,461.12872762278397,POS,0,Gujarat,43,100746.46720785783,0
652,1039,509.97527340646695,Online,0,Maharashtra,61,63393.693680439166,0
653,1041,665.6970208980179,Online,0,Karnataka,29,83951.21683626734,0
654,1008,67.44046479926277,Online,0,Karnataka,30,77730.30776014368,0
655,1049,671.2945103492359,Online,0,Gujarat,57,78650.0352898532,0
656,1026,637.6558916185096,Online,0,Tamil Nadu,21,60509.27452349492,0
657,1001,344.35476091561594,POS,0,Maharashtra,18,102284.44695971133,0
658,1004,131.50457065451502,POS,0,Tamil Nadu,23,26790.86075258701,0
659,1028,136.3886774173891,POS,0,Karnataka,19,135201.22934732062,0
660,1036,927.0625596359672,POS,0,Gujarat,63,74001.6057891231,0
661,1037,704.8153551645453,POS,0,Tamil Nadu,44,124112.1209125077,0
662,1018,170.74748308220336,Online,0,Karnataka,35,114833.93583716519,0
663,1007,388.88701084346104,Online,0,Karnataka,59,81340.71238770711,0
664,1047,612.8588442065166,POS,0,Karnataka,46,45832.37350528392,1
665,1044,843.7931198361163,Online,0,Tamil Nadu,50,93087.5193859805,0
666,1000,91.4778822773581,Online,0,Delhi,20,143249.3945279554,0
667,1021,274.8014748965084,POS,0,Gujarat,37,44150.420143560754,0
668,1016,895.261540780611,POS,0,Karnataka,21,53281.617877205004,0
669,1006,58.707272674625656,POS,0,Tamil Nadu,35,149090.70932118245,0
670,1024,241.32914765419304,Online,0,Maharashtra,25,136034.22672360466,0
671,1044,961.0729671743177,POS,0,Gujarat,39,91441.4804999706,0
672,1003,632.7317541960625,POS,0,Maharashtra,58,110316.35441993296,0
673,1035,298.58779830563117,Online,0,Maharashtra,39,77598.10308897118,0
674,1005,113.64153967605523,Online,0,Tamil Nadu,36,72532.04795415819,0
675,1030,76.78177342486106,POS,0,Delhi,45,77614.3803162078,0
676,1018,282.50782565508086,Online,0,Tamil Nadu,19,73874.1519112533,0
677,1043,887.411528609465,POS,0,Tamil Nadu,26,107822.1514982921,0
678,1038,445.117971582634,Online,0,Gujarat,52,62959.36134301361,0
679,1026,734.3167007076934,POS,0,Tamil Nadu,39,42200.932822989795,0
680,1009,922.3707836109598,Online,0,Gujarat,43,111853.78065133933,1
681,1025,437.63843852267576,Online,0,Karnataka,51,24068.678515973646,0
682,1018,231.71350248552721,Online,0,Gujarat,24,113437.93535914262,0
683,1038,541.2620343140735,POS,0,Tamil Nadu,47,54221.680414294904,1
684,1002,912.6795027068617,POS,0,Karnataka,42,44732.874572434186,0
685,1044,814.1556934308156,POS,0,Karnataka,26,69264.36721013818,1
686,1012,112.5383511949961,Online,0,Delhi,44,35274.99492119701,0
687,1049,707.9441600737027,Online,0,Tamil Nadu,18,69983.65119309846,0
688,1027,593.3026463360061,Online,0,Maharashtra,50,33301.823879373005,0
689,1019,912.0900175291042,POS,0,Tamil Nadu,25,82853.53531142388,0
690,1027,166.35734600778238,Online,0,Maharashtra,49,42902.067423039945,0
691,1007,557.3343075444238,POS,0,Delhi,57,36899.55607909491,0
692,1040,885.4895588362978,POS,0,Tamil Nadu,36,95284.25188262605,0
693,1038,439.52259740465587,POS,0,Delhi,53,101281.85655858618,1
694,1000,507.8951718462237,POS,0,Maharashtra,62,20717.280311240076,0
695,1002,116.93764378361038,POS,0,Gujarat,39,70398.06470517244,0
696,1012,314.2364584264653,Online,0,Tamil Nadu,56,30134.291705621792,0
697,1027,358.2813167105,Online,0,Karnataka,43,116023.77991958788,0
698,1048,947.8663263076426,Online,0,Karnataka,20,108597.98084033198,0
699,1024,318.5339925141011,Online,0,Delhi,63,26464.787295718044,0
700,1032,487.8252985061694,Online,0,Gujarat,26,142362.57674727554,0
701,1037,687.7392023860658,Online,0,Karnataka,52,144794.84572160942,0
702,1005,204.07420378748353,POS,0,Karnataka,24,63507.31178650958,0
703,1043,512.1202677847807,Online,0,Tamil Nadu,32,36979.64099670932,0
704,1044,751.6120875021122,POS,0,Karnataka,21,34864.62145215798,0
705,1031,873.5124523757128,POS,0,Maharashtra,54,129293.66897701609,0
706,1044,644.9463109293054,POS,0,Delhi,45,79691.17558256596,1
707,1046,685.6008395511005,POS,0,Karnataka,26,21236.097281409904,0
708,1020,169.9692989553405,POS,0,Tamil Nadu,52,140295.7712430553,0
709,1015,948.4876723840298,Online,0,Maharashtra,42,97055.85238243821,0
710,1020,175.94537361025823,Online,0,Karnataka,26,109751.60842866349,0
711,1010,785.9392903227084,Online,0,Delhi,50,127062.01185903994,0
712,1036,301.5755056894029,POS,0,Delhi,34,126415.23108330717,0
713,1035,936.913486516189,Online,0,Delhi,29,29854.633427644152,0
714,1034,733.9615624010056,Online,0,Karnataka,26,94618.99809397933,0
715,1018,766.1230273294506,POS,0,Maharashtra,22,110511.80161953371,1
716,1019,258.10621440688914,POS,0,Gujarat,64,31130.656916051616,1
717,1017,470.88797780340275,Online,0,Delhi,43,48912.11793573889,0
718,1046,636.9225348598221,POS,0,Maharashtra,62,71455.87960715305,0
719,1040,781.4749372962709,POS,0,Tamil Nadu,36,135248.2582203183,0
720,1048,148.7614071167701,POS,0,Tamil Nadu,52,130582.34185032563,0
721,1013,964.2470506318019,Online,0,Maharashtra,19,121673.39018521908,0
722,1014,895.7096370268282,POS,0,Tamil Nadu,62,148735.97251942748,0
723,1030,306.8311609708051,POS,1,Tamil Nadu,24,51545.364707130095,0
724,1000,831.6222308807154,POS,0,Delhi,26,80815.92530608393,0
725,1002,542.4077268878323,POS,0,Karnataka,39,78073.9916038601,0
726,1015,488.7161574839177,POS,0,Karnataka,59,108261.86373576011,0
727,1022,348.71240052083516,Online,0,Karnataka,50,130519.92725713992,1
728,1010,601.9201573000129,Online,0,Karnataka,33,83918.75818630436,1
729,1011,743.3946618184178,POS,0,Maharashtra,60,83899.1331018766,0
730,1009,440.38625971462034,POS,0,Delhi,41,99081.315670803,0
731,1031,647.7582333578775,Online,0,Maharashtra,25,116521.69178800641,0
732,1015,714.3472750975386,Online,0,Tamil Nadu,47,46169.10211170348,0
733,1007,725.5657261645216,POS,0,Delhi,43,145041.74157155654,0
734,1037,99.36779322462124,POS,0,Gujarat,62,31966.95248139542,0
735,1011,866.7604154008136,Online,0,Karnataka,52,23003.009522655728,0
736,1023,485.3406490267955,POS,0,Tamil Nadu,62,66642.88291442371,0
737,1027,299.2952776114037,POS,0,Karnataka,34,111186.54186880263,1
738,1007,279.6762821056975,Online,0,Karnataka,55,147149.74534367683,0
739,1027,508.8634072017529,Online,0,Karnataka,27,141258.85926003073,0
740,1035,892.4899624955112,Online,0,Gujarat,58,109503.36814812035,0
741,1025,409.4302025985146,Online,0,Tamil Nadu,34,76750.94354554234,0
742,1007,762.2394594443662,POS,0,Karnataka,24,97454.2324334816,0
743,1049,141.97779443785765,POS,0,Karnataka,19,145925.44798234222,0
744,1027,502.2538670435087,POS,0,Delhi,28,54515.13860177314,0
745,1027,992.1018333730989,POS,0,Karnataka,20,82176.49317274772,0
746,1036,781.9159126527202,Online,0,Delhi,63,110077.21979324358,0
747,1040,250.00206401858236,Online,0,Tamil Nadu,37,21338.85467655232,0
748,1035,526.3694000130151,POS,0,Tamil Nadu,30,69563.98423809676,0
749,1026,271.9435254661382,POS,0,Tamil Nadu,40,93828.58604454821,0
750,1016,439.0828808993838,POS,0,Delhi,34,137119.3763113811,0
751,1008,791.0798225482165,Online,0,Gujarat,46,148959.6960080227,0
752,1032,782.6635745258835,Online,0,Gujarat,60,92322.17280960146,1
753,1019,266.6953590072659,Online,0,Karnataka,56,142795.4373710312,0
754,1012,926.1121522471171,POS,0,Tamil Nadu,49,32904.516971290104,0
755,1027,612.9397736265855,POS,0,Maharashtra,52,111165.2072464811,0
756,1047,410.9280764139138,POS,0,Karnataka,52,72072.06738010832,0
757,1028,526.8388017418176,Online,0,Gujarat,51,117626.54948334202,0
758,1012,624.8176907658565,POS,0,Gujarat,38,132804.06082380205,0
759,1045,581.8960052534961,Online,0,Tamil Nadu,33,26984.157018662023,0
760,1034,512.0847837593693,POS,0,Delhi,40,141611.56067541632,0
761,1005,529.6861638849301,POS,0,Karnataka,28,28860.305030882897,0
762,1017,217.59131490649187,Online,0,Delhi,31,117941.78842500986,1
763,1004,822.0962590894454,Online,0,Gujarat,20,28979.06858678826,0
764,1046,564.6723039439646,POS,0,Tamil Nadu,24,132018.68168927555,0
765,1024,174.52586861946793,Online,0,Gujarat,57,46647.59172292099,0
766,1001,777.849246503639,Online,0,Tamil Nadu,62,76429.1430565391,1
767,1009,935.8217794584833,Online,0,Maharashtra,28,141240.71788012184,0
768,1029,949.941554275114,Online,0,Delhi,50,122968.75273471698,0
769,1049,400.56684579061414,Online,0,Karnataka,36,122150.78224940365,0
770,1044,178.74102988271633,POS,0,Tamil Nadu,62,119232.90873191041,0
771,1004,542.4796453014119,POS,0,Maharashtra,58,94026.56168221783,1
772,1032,156.97876788175967,POS,0,Maharashtra,40,143685.90589827413,0
773,1000,937.2880475869864,POS,0,Delhi,40,128112.64447726232,1
774,1017,224.40064598738869,Online,0,Tamil Nadu,46,77237.4526477004,0
775,1031,290.1275669536059,POS,0,Karnataka,23,116532.272924802,0
776,1046,436.3047005407219,Online,0,Karnataka,56,149753.97160318296,0
777,1048,414.00624513116946,POS,0,Karnataka,22,133230.06070080597,0
778,1010,804.9297477779945,POS,0,Gujarat,49,20158.988880482284,0
779,1020,483.50097952341423,Online,0,Gujarat,57,115925.20371411713,0
780,1025,212.22984700317005,POS,0,Tamil Nadu,43,136724.616396391,0
781,1024,303.8494007117704,POS,0,Karnataka,31,62607.8387012916,0
782,1021,533.657715928146,POS,0,Maharashtra,35,147073.94128364435,0
783,1026,190.08122155482815,POS,0,Karnataka,38,72168.91753258601,0
784,1048,631.0728918637134,POS,0,Tamil Nadu,42,74753.00076073493,1
785,1012,587.4599412235887,POS,0,Karnataka,37,40913.37205824209,0
786,1032,728.9672005631448,POS,0,Delhi,41,32557.295613312854,0
787,1033,940.8193846103993,Online,0,Karnataka,20,89757.441036038,0
788,1040,916.6418330460979,POS,0,Maharashtra,39,98360.81758609359,0
789,1034,948.7718371653898,POS,0,Tamil Nadu,25,67696.54719588198,0
790,1000,282.4798171725159,POS,0,Tamil Nadu,63,98859.22267597726,0
791,1020,174.9870413073869,POS,0,Maharashtra,63,71307.21082999918,0
792,1047,337.1628654716261,POS,0,Tamil Nadu,46,132864.04800319936,0
793,1005,900.3309141279989,POS,0,Karnataka,24,143997.00877599698,0
794,1027,973.4508008923139,Online,0,Tamil Nadu,23,97160.29222029183,1
795,1016,866.3587035169522,POS,0,Karnataka,23,129495.68279094409,0
796,1004,154.51683507116644,POS,0,Tamil Nadu,29,130986.39483315001,0
797,1030,950.0565981568035,Online,0,Karnataka,39,112789.1497377854,0
798,1004,452.1901259832467,Online,0,Karnataka,64,44960.245594200285,0
799,1037,58.84477622423599,POS,0,Maharashtra,43,40141.95067875674,0
800,1002,470.2740537107839,POS,0,Maharashtra,42,139532.95166581054,0
801,1022,93.76571119169421,POS,0,Gujarat,36,54457.97009013648,1
802,1036,566.6840251030617,Online,0,Maharashtra,53,52023.01014353668,0
803,1036,371.6263260651987,Online,0,Karnataka,52,41596.73592845744,0
804,1009,499.7631869143463,POS,0,Karnataka,30,88569.02619839607,1
805,1009,632.5118427059612,POS,0,Tamil Nadu,42,108009.67350289656,0
806,1018,875.3610410269292,Online,0,Tamil Nadu,62,107900.99107210842,0
807,1016,678.8064976483322,Online,0,Gujarat,49,53936.85095485427,0
808,1020,462.34642505427166,Online,0,Karnataka,47,32322.1038204531,0
809,1013,828.4564609868469,Online,0,Gujarat,38,60327.23451195183,0
810,1008,910.3030306944756,POS,0,Karnataka,59,85446.52180144217,0
811,1045,163.77196811058735,Online,0,Maharashtra,62,99617.19940277022,0
812,1000,555.3363286751519,Online,0,Tamil Nadu,57,55178.047528388044,1
813,1044,320.28636175532193,POS,0,Gujarat,61,43810.59348704922,0
814,1012,94.70813798310003,Online,0,Delhi,25,129404.84172534203,0
815,1003,685.119360358286,POS,0,Karnataka,58,131530.37112580455,0
816,1000,869.6322385862643,Online,0,Maharashtra,59,56394.31688965625,0
817,1048,204.75752175352434,POS,0,Delhi,24,92814.66992808266,1
818,1039,821.7929747427055,Online,0,Maharashtra,20,77177.44007891163,0
819,1031,860.7259468600946,POS,0,Maharashtra,54,38455.7364119221,0
820,1033,918.6234205331593,POS,0,Karnataka,20,142276.20968196105,0
821,1027,302.02083463174984,Online,0,Maharashtra,35,21271.781653198585,0
822,1030,908.7554119303948,POS,0,Gujarat,59,44384.928140773016,0
823,1007,354.6296169996106,POS,0,Delhi,26,64923.439818141545,0
824,1038,574.7211127827277,Online,0,Maharashtra,41,131339.96317373466,1
825,1025,97.98209729066802,POS,0,Maharashtra,24,122524.97585318582,0
826,1033,91.68703395030641,POS,0,Tamil Nadu,50,95384.92839360842,0
827,1002,734.3545520955928,Online,0,Tamil Nadu,42,110352.72419152576,0
828,1049,472.2559790789015,Online,0,Gujarat,59,64318.507668894046,0
829,1011,293.4777566007567,POS,0,Tamil Nadu,51,142270.40100843465,0
830,1000,230.8928212236647,POS,0,Maharashtra,55,23482.34751284737,0
831,1043,686.4558163162571,POS,0,Maharashtra,38,33120.72795662511,0
832,1004,50.38146682407288,POS,0,Delhi,55,140321.99819431445,0
833,1029,815.5966107370115,POS,0,Tamil Nadu,57,142856.71142107324,0
834,1029,125.28712582343238,Online,0,Karnataka,35,83774.23048380687,0
835,1016,231.91513416271346,POS,0,Tamil Nadu,56,94939.9021029128,1
836,1047,416.9245755341351,Online,0,Maharashtra,50,137329.92115813342,0
837,1046,510.6158027302984,Online,0,Delhi,45,130946.46601161314,0
838,1022,387.24536002324476,Online,0,Tamil Nadu,42,132053.74438106557,0
839,1014,354.6765567350792,Online,0,Delhi,31,68332.12824233083,0
840,1036,965.720211469529,POS,0,Tamil Nadu,37,127971.21894206104,0
841,1020,659.5006971812245,POS,0,Gujarat,56,29010.37814744484,0
842,1013,72.2613075990188,POS,0,Maharashtra,37,83305.38170285776,0
843,1001,458.6671130220975,Online,0,Maharashtra,24,50862.90206068498,0
844,1010,881.2582647567717,Online,0,Karnataka,21,24653.71204618746,0
845,1038,336.38337709013456,POS,0,Maharashtra,48,100237.41157795097,1
846,1037,139.82852753566883,Online,1,Karnataka,47,29903.38608511642,0
847,1033,770.465533010422,POS,0,Maharashtra,54,35620.700734495105,0
848,1037,625.7131403392772,Online,0,Tamil Nadu,38,30626.86182400227,0
849,1049,591.7968824351786,Online,0,Tamil Nadu,18,146756.18183549173,0
850,1033,100.89773162703753,Online,0,Gujarat,20,25101.029692532087,0
851,1017,183.47405930574146,Online,0,Tamil Nadu,30,55068.339135703085,0
852,1029,641.4219264024581,Online,0,Delhi,24,104759.8023250204,0
853,1014,247.43264938589402,Online,0,Tamil Nadu,23,127039.81772075158,0
854,1026,528.8665757610031,Online,0,Karnataka,23,99066.45815862749,0
855,1033,567.6376017279238,POS,0,Gujarat,51,146945.22832603217,0
856,1037,319.3318307573924,POS,0,Delhi,49,63902.067146379966,0
857,1032,951.0038977644182,Online,0,Delhi,33,81360.71399476685,0
858,1023,850.3409014937964,Online,0,Maharashtra,55,126769.18666956633,0
859,1014,736.2548322511586,POS,0,Karnataka,25,108620.6610795856,0
860,1029,124.09417308893863,Online,0,Tamil Nadu,38,47828.71820555272,0
861,1041,150.82351834356848,POS,0,Tamil Nadu,28,84826.8062154644,0
862,1016,518.142278571708,POS,0,Maharashtra,40,146874.71117695043,0
863,1004,202.6776817314364,POS,0,Tamil Nadu,23,132193.0128366467,0
864,1028,979.3521903530004,POS,0,Delhi,63,44934.44168399679,0
865,1003,200.59422232603896,POS,0,Tamil Nadu,32,43372.16669362082,0
866,1009,513.0944436907753,Online,0,Tamil Nadu,28,127691.28725812098,0
867,1016,395.91500399943016,Online,0,Delhi,44,45856.285185874556,0
868,1009,657.4171003813931,POS,0,Karnataka,32,78862.6211077536,0
869,1016,172.58458844495368,Online,0,Karnataka,62,43498.62243022079,0
870,1019,458.8006066402713,POS,0,Delhi,55,21906.17206445171,0
871,1023,310.96978116678645,Online,0,Delhi,21,133802.47399734764,0
872,1004,893.3639484381036,Online,0,Gujarat,31,121270.57748263824,0
873,1033,88.55642652796033,Online,0,Gujarat,62,81176.49580756873,0
874,1005,918.0411193061362,Online,0,Tamil Nadu,27,40745.27000224417,0
875,1001,841.3444316253504,Online,0,Tamil Nadu,46,124834.30206682536,1
876,1012,332.69218061877467,Online,0,Gujarat,29,66717.74587105503,0
877,1042,799.8261219432494,Online,0,Tamil Nadu,57,106053.39095004994,0
878,1042,79.65288232181018,Online,0,Karnataka,37,61170.277679661536,1
879,1047,968.522272778724,POS,0,Karnataka,54,76197.32364274644,0
880,1010,550.2651954602999,POS,0,Maharashtra,19,89611.33780497774,1
881,1046,338.116974762173,Online,0,Gujarat,37,119062.11545249865,0
882,1022,394.45405196494323,Online,0,Karnataka,29,128168.91642498755,0
883,1015,113.0850857874725,Online,1,Maharashtra,55,77661.07709114879,0
884,1030,989.8820383399373,POS,0,Delhi,47,50295.21720501384,0
885,1010,87.32734789315782,Online,0,Karnataka,64,39974.41270214301,1
886,1015,672.161766990466,Online,0,Maharashtra,35,64297.22326293969,0
887,1007,470.5991313211354,POS,0,Tamil Nadu,27,124231.85320197257,0
888,1003,951.4704072792794,POS,0,Maharashtra,24,55617.637290493665,1
889,1039,283.6997532914554,POS,0,Karnataka,59,26177.59559911533,0
890,1003,555.4824827411107,Online,1,Tamil Nadu,22,93355.89131183985,0
891,1024,508.2383981536153,POS,0,Tamil Nadu,46,24369.771489418992,0
892,1002,717.7231218475963,Online,0,Maharashtra,52,135040.26830234803,0
893,1031,114.60972035479948,POS,0,Maharashtra,56,108147.86233999867,0
894,1002,234.09967352218712,Online,0,Karnataka,29,53389.89641174756,1
895,1026,253.83657908820734,Online,0,Tamil Nadu,27,80981.89553681001,1
896,1028,751.2432170996052,Online,0,Gujarat,54,116098.18786727553,0
897,1031,229.68176151040308,POS,0,Maharashtra,19,139038.8983624344,1
898,1049,594.8171756964279,Online,0,Gujarat,20,133678.989024472,0
899,1018,254.481629475906,Online,0,Gujarat,31,29039.097638341093,0
900,1020,868.5437025797795,Online,0,Tamil Nadu,64,30548.369135789042,0
901,1004,945.0761817651565,POS,0,Karnataka,37,97704.08170858225,0
902,1017,542.5683261951284,Online,0,Gujarat,62,84544.48895226898,1
903,1027,384.6934399987194,Online,1,Karnataka,21,58081.819568277846,0
904,1041,272.3548862666242,Online,0,Maharashtra,43,146902.50159512326,0
905,1021,97.29195144689157,Online,0,Tamil Nadu,64,117014.71911087909,0
906,1020,305.0750723876206,POS,0,Delhi,32,109351.26829060756,0
907,1005,671.523990948052,Online,0,Tamil Nadu,26,43572.86006092094,0
908,1000,556.9360847437504,POS,0,Delhi,20,56911.015397199095,0
909,1004,946.839214366881,POS,0,Maharashtra,19,98652.42893436561,0
910,1040,426.4633993671156,Online,0,Karnataka,56,123427.5403675523,0
911,1011,709.1701752119748,POS,0,Maharashtra,58,141037.84543355726,0
912,1025,514.8566101013653,POS,0,Tamil Nadu,47,110704.49438024238,1
913,1045,536.947405128001,POS,0,Delhi,54,74422.81690749002,0
914,1033,304.3855988739116,Online,0,Delhi,34,109840.12320134237,1
915,1048,482.2032379998997,POS,0,Tamil Nadu,20,28992.794248110935,0
916,1013,497.2457471620719,POS,0,Tamil Nadu,26,98010.7647521157,0
917,1025,721.3103956614873,Online,0,Maharashtra,25,136301.23294512703,0
918,1044,943.6079992268081,Online,0,Gujarat,26,102803.04696587847,0
919,1026,362.8552136083791,POS,0,Delhi,34,20980.235348519403,0
920,1008,90.09044515223351,POS,0,Tamil Nadu,41,110287.48620456063,0
921,1025,521.4803692256078,POS,0,Maharashtra,25,114437.73702232505,0
922,1046,567.2382655417101,Online,0,Gujarat,31,90359.7898850095,1
923,1021,210.01852357531948,POS,0,Karnataka,33,126091.46978892841,0
924,1046,772.4413759622634,Online,0,Tamil Nadu,35,46297.864602620124,0
925,1029,985.682653019417,POS,0,Gujarat,41,73167.25213347774,0
926,1042,948.4859811580379,POS,0,Karnataka,56,124986.18249130361,1
927,1047,237.25073688246957,Online,1,Karnataka,64,98479.6744346021,0
928,1016,881.5950779057226,POS,0,Maharashtra,44,149267.4822332027,0
929,1025,719.2689545911005,Online,0,Delhi,45,29004.363285292755,0
930,1035,481.154235616566,POS,0,Tamil Nadu,24,51760.4467361697,1
931,1000,563.5804446084926,Online,0,Gujarat,51,45886.29582350512,0
932,1007,857.1201662333352,Online,0,Karnataka,44,146930.9892160864,0
933,1048,506.12819265645453,POS,0,Delhi,51,133004.14528594946,0
934,1034,404.54700064987054,Online,0,Karnataka,56,37306.06074126801,0
935,1014,518.5851183746865,POS,0,Tamil Nadu,36,65994.50778277713,0
936,1046,600.1733138332967,Online,0,Tamil Nadu,23,26837.63660019518,0
937,1021,229.6237710894314,Online,0,Maharashtra,47,102233.7514288303,0
938,1013,905.8623437536411,Online,0,Tamil Nadu,45,63055.31253169269,0
939,1025,690.4776013881332,POS,0,Tamil Nadu,29,53483.354708484665,0
940,1027,651.6054714706145,Online,0,Tamil Nadu,32,88005.23576482678,0
941,1022,144.52141487160623,Online,0,Delhi,62,123421.70461329412,0
942,1013,623.9652412639622,Online,0,Gujarat,56,72509.28914943893,0
943,1023,164.9126291265677,POS,0,Gujarat,56,118468.35585482806,0
944,1001,124.7627914356291,POS,0,Tamil Nadu,32,77997.19358391786,0
945,1044,550.9453508602737,Online,0,Gujarat,53,47887.866117267266,0
946,1025,432.64625734417024,Online,0,Tamil Nadu,20,78006.75438955681,1
947,1013,609.369756648412,POS,0,Gujarat,18,89947.08640630901,0
948,1006,134.76105965437665,Online,0,Gujarat,24,80005.31862498524,0
949,1002,459.4339097048955,Online,0,Karnataka,26,55662.15730719274,0
950,1046,216.04737929290008,Online,0,Delhi,18,44063.28466373579,0
951,1022,987.7450816279107,Online,0,Karnataka,22,143103.78572709556,0
952,1045,583.0927018134157,Online,0,Karnataka,64,58673.212643409046,1
953,1042,703.0650178938239,Online,0,Gujarat,53,111698.04959239734,0
954,1046,359.14736664847743,POS,0,Maharashtra,27,64290.270802204155,0
955,1044,140.00196904037693,Online,0,Maharashtra,19,146053.5932677316,0
956,1017,977.0773196443598,Online,0,Delhi,40,148476.2396171288,0
957,1037,321.946083614024,POS,0,Tamil Nadu,56,127262.52507623544,0
958,1034,452.6177759148955,POS,0,Gujarat,46,95591.55911736902,0
959,1014,667.3707256174463,POS,0,Delhi,36,90468.75198471082,0
960,1024,73.46243280180572,POS,0,Karnataka,55,62764.982465644876,0
961,1036,819.7461739914226,Online,0,Gujarat,64,35863.71287838569,0
962,1027,559.7492805271893,POS,0,Karnataka,37,30277.947648290916,0
963,1009,314.30632771538103,Online,0,Delhi,29,80508.17592815743,1
964,1038,108.52758602784579,POS,0,Maharashtra,28,147242.53346990072,0
965,1016,204.37349470071936,POS,0,Delhi,52,52094.12848637613,0
966,1038,900.282165910765,POS,0,Gujarat,24,73423.81370626623,0
967,1021,701.7230127390965,Online,0,Gujarat,40,103384.53670095133,0
968,1025,287.40663555504534,POS,0,Tamil Nadu,34,65638.29699109499,0
969,1043,112.32072669777806,POS,0,Maharashtra,19,20471.86750776256,0
970,1024,706.0845467673045,POS,0,Gujarat,22,71508.22751361935,0
971,1016,593.7873396693768,Online,0,Maharashtra,38,124603.38687088274,1
972,1012,434.29354823532327,Online,0,Gujarat,30,142714.7950449913,0
973,1019,395.4308767305606,POS,0,Maharashtra,28,55761.80348341636,0
974,1024,255.9735621326529,Online,0,Delhi,41,139813.93348408287,0
975,1003,686.1306937106417,POS,0,Maharashtra,50,132729.31195040548,0
976,1009,972.134626404177,Online,0,Karnataka,44,72874.09956385722,0
977,1002,216.92948354498455,POS,0,Delhi,52,20608.116105393958,0
978,1040,617.2607890147282,Online,0,Gujarat,35,129833.8706473914,1
979,1044,452.9758029586774,POS,0,Gujarat,38,57280.428997772906,0
980,1017,474.35428565743166,Online,0,Tamil Nadu,21,118265.25461697197,1
981,1046,291.4399161214237,Online,0,Karnataka,58,94296.8918449195,0
982,1035,833.8781318783481,POS,0,Tamil Nadu,49,48816.38781876251,0
983,1046,510.99282393987903,POS,0,Delhi,60,104267.5198285762,0
984,1021,566.2355595883508,Online,0,Tamil Nadu,28,119429.23022421708,0
985,1033,339.5228671574595,POS,1,Delhi,20,81677.87050191399,0
986,1046,222.71804238360227,POS,0,Tamil Nadu,38,117228.33607155479,0
987,1007,131.61486879267946,POS,0,Maharashtra,60,72646.33894017799,0
988,1039,728.4131838786701,POS,0,Delhi,31,147432.70436692843,0
989,1048,236.42256760346282,Online,0,Delhi,23,51175.10571662031,0
990,1043,705.5715864793578,POS,0,Maharashtra,46,121121.11261806425,0
991,1018,420.8576237446062,Online,0,Maharashtra,48,117448.26741748088,0
992,1041,444.9860609401689,Online,0,Karnataka,64,88827.57733743727,0
993,1040,495.71862128813314,POS,0,Maharashtra,45,65543.97392000642,1
994,1036,399.32308272116603,POS,0,Tamil Nadu,60,77948.79064620181,0
995,1005,145.5889783614606,Online,0,Maharashtra,53,101833.36565178941,0
996,1025,344.1502195027035,POS,0,Maharashtra,45,88945.4523647924,0
997,1033,680.5476426592415,POS,0,Delhi,36,119000.22083862848,0
998,1044,682.4951813954274,Online,0,Delhi,20,66888.63461883031,0
999,1005,321.91309187799465,Online,0,Maharashtra,29,33941.854547055926,1
1000,1036,487.09749522980354,Online,0,Karnataka,53,85727.38276068009,0
1001,1032,233.7748666113406,POS,0,Delhi,41,53671.52825595904,0
1002,1021,249.853477453344,POS,0,Tamil Nadu,29,100162.95055867301,0
1003,1020,71.89473398627703,Online,0,Tamil Nadu,41,87641.97900251964,0
1004,1005,901.9092224123574,Online,0,Maharashtra,18,121237.31364488366,0
1005,1005,250.1713318211609,POS,0,Maharashtra,45,94779.53890776668,0
1006,1047,266.15718308964017,POS,1,Karnataka,33,75998.7403588591,0
1007,1003,315.62136101287524,POS,0,Maharashtra,38,35581.27984693243,1
1008,1029,171.03766811065753,Online,0,Gujarat,47,35618.37778846785,0
1009,1010,657.2997390222947,POS,0,Gujarat,51,103245.63159563682,0
1010,1029,121.38580551870724,POS,0,Maharashtra,43,134497.92888428806,0
1011,1030,177.49230501003274,Online,0,Gujarat,52,73922.39388994247,0
1012,1023,662.5188902605883,POS,0,Tamil Nadu,48,89002.60047748733,1
1013,1008,372.67758945737063,Online,0,Maharashtra,33,96857.62805280114,0
1014,1002,722.5504353661296,POS,0,Tamil Nadu,59,82048.69214232091,0
1015,1030,579.553507436635,Online,0,Tamil Nadu,46,27743.269994256545,0
1016,1039,293.22011440843744,Online,0,Gujarat,46,96588.11115820502,0
1017,1036,668.2865529648617,Online,0,Karnataka,26,37823.31815601466,0
1018,1035,160.45999627823662,POS,0,Tamil Nadu,31,92254.52119418584,0
1019,1023,559.5898639260289,POS,0,Gujarat,25,120799.04682372774,1
1020,1030,465.2906997927829,POS,0,Karnataka,19,20708.243604222545,0
1021,1005,304.4799036765687,POS,0,Gujarat,28,75961.92110526626,0
1022,1001,623.8047478525251,Online,0,Gujarat,19,116939.73810492884,0
1023,1019,877.7669127232684,POS,0,Maharashtra,64,88709.706823031,1
1024,1027,998.9594647749229,POS,0,Delhi,35,50589.88527066448,0
1025,1010,627.3746303062533,Online,0,Karnataka,22,110683.76348064236,0
1026,1003,434.4705806127117,Online,0,Gujarat,24,121851.40768060602,0
1027,1014,263.9467452053915,Online,0,Tamil Nadu,40,67128.28054173331,1
1028,1005,294.2412849253561,Online,0,Tamil Nadu,36,58662.08465170834,0
1029,1048,505.4822292422774,POS,0,Delhi,36,90867.95906259713,0
1030,1029,398.9138162166738,Online,0,Karnataka,36,67504.9957336839,0
1031,1037,918.123796493697,POS,0,Maharashtra,62,128671.8010691867,1
1032,1001,399.8806942729241,POS,0,Karnataka,57,121276.51508508573,0
1033,1014,404.77236158816373,Online,0,Tamil Nadu,45,60545.42761873364,0
1034,1010,414.3577868122781,Online,0,Tamil Nadu,28,79407.2134397177,0
1035,1007,844.7891998492752,Online,0,Maharashtra,28,135633.42786505632,0
1036,1025,668.2489048045568,Online,0,Maharashtra,26,39158.96170944626,0
1037,1044,633.460407802948,Online,0,Tamil Nadu,31,118050.17190257572,1
1038,1043,367.43587126466906,POS,0,Gujarat,51,61184.507889407665,0
1039,1004,827.0089679908175,Online,0,Gujarat,46,35532.01139091322,0
1040,1005,86.44566828791608,POS,0,Maharashtra,38,35207.25247531304,0
1041,1025,877.2573137212075,Online,0,Gujarat,22,55917.35345388486,0
1042,1003,537.1124048042332,POS,0,Maharashtra,50,91250.34578166205,0
1043,1018,428.3377231202422,POS,0,Karnataka,26,138025.68754887488,0
1044,1019,522.3089166818014,POS,0,Karnataka,20,59389.331330332825,0
1045,1032,684.0447540071395,Online,0,Karnataka,31,45899.61671199505,0
1046,1019,62.12715519200249,Online,0,Maharashtra,35,82225.14835025331,0
1047,1048,877.9742636353353,Online,0,Maharashtra,29,40361.74643742303,0
1048,1011,474.4025490458232,POS,0,Gujarat,40,55319.804381006215,0
1049,1046,375.8181937150743,POS,0,Gujarat,31,148262.06356948955,0
1050,1000,181.33328735235423,Online,0,Gujarat,33,92546.57480197634,0
1051,1025,467.49210564052004,Online,0,Delhi,54,121908.26978619205,0
1052,1013,521.5066327201599,POS,0,Maharashtra,37,47535.3148204061,1
1053,1037,433.4643597688039,POS,0,Karnataka,37,87608.89044015588,0
1054,1036,694.7270891355522,Online,0,Karnataka,32,86368.77255461582,0
1055,1010,449.8517023212647,Online,0,Delhi,58,125646.82006078103,0
1056,1035,963.3466989542446,Online,0,Delhi,42,22804.282573748118,0
1057,1012,619.3136419324122,POS,0,Karnataka,34,131862.36050935904,0
1058,1042,817.1040388693135,POS,0,Maharashtra,29,30347.341376949254,1
1059,1002,153.8881079540049,Online,0,Karnataka,62,139157.52489877155,0
1060,1032,427.42672829861044,Online,0,Karnataka,59,38569.1415577357,0
1061,1005,370.0053163747951,Online,0,Delhi,56,89190.99067626362,1
1062,1049,591.0082687297622,Online,0,Delhi,24,32920.80721715698,0
1063,1009,868.0578440583544,Online,0,Gujarat,25,78134.87357660825,0
1064,1004,124.42130687390633,POS,0,Delhi,41,58906.24868323563,0
1065,1022,118.94605814247525,Online,0,Karnataka,64,74612.37389367772,0
1066,1009,857.8018227497189,POS,0,Gujarat,42,90854.35385116393,0
1067,1043,252.20758173643955,POS,0,Karnataka,38,79727.02325838109,0
1068,1001,685.3155917273231,POS,0,Maharashtra,50,23011.167483821715,0
1069,1012,565.7342257427649,POS,0,Maharashtra,27,132248.90903842502,1
1070,1039,841.248915142868,POS,0,Delhi,39,32344.076065958197,0
1071,1001,168.83446434458335,POS,0,Gujarat,36,147481.56088534373,0
1072,1019,173.2938174364807,POS,0,Tamil Nadu,46,130671.41840866265,1
1073,1000,578.9774422643922,POS,0,Maharashtra,20,92978.78290253805,0
1074,1036,949.0597206904523,Online,0,Maharashtra,56,51875.12586823353,0
1075,1008,444.24787045221655,Online,0,Maharashtra,21,31212.00032698233,0
1076,1016,360.5949952419602,Online,0,Maharashtra,54,107338.56874408264,0
1077,1008,626.3548570379916,Online,0,Delhi,48,46196.22114639699,0
1078,1010,933.9261705177795,Online,0,Gujarat,23,115318.63690313725,0
1079,1014,845.0814412023925,POS,0,Maharashtra,45,128226.07621799485,0
1080,1023,995.7094301965589,POS,0,Delhi,27,148565.46649003905,0
1081,1037,71.44015404225823,POS,1,Gujarat,29,85548.02055067055,0
1082,1034,157.2152374771241,POS,0,Gujarat,63,146707.35627935454,0
1083,1029,628.9943751982909,POS,0,Tamil Nadu,19,39411.56088373678,0
1084,1030,829.5476173671573,Online,0,Karnataka,20,128712.11045532311,0
1085,1048,320.9821251914282,Online,0,Maharashtra,18,66774.2606712518,0
1086,1004,277.2505336325078,POS,0,Delhi,52,67425.59311818438,0
1087,1043,797.6270094121409,Online,0,Gujarat,41,54924.17572198429,0
1088,1049,103.56276116057,Online,0,Tamil Nadu,64,42543.36868378577,0
1089,1013,400.91351520345586,Online,0,Karnataka,51,77488.10005166978,0
1090,1010,530.5187614627132,Online,0,Gujarat,37,148347.28082582867,0
1091,1008,582.3312406328073,Online,0,Gujarat,33,62887.91576558002,1
1092,1033,742.184398953138,POS,0,Maharashtra,47,79940.6298952309,0
1093,1011,387.1034372591253,Online,0,Karnataka,64,49705.566498201544,0
1094,1034,632.0501274408768,Online,0,Karnataka,56,63825.62222608114,0
1095,1034,606.1066516514085,POS,0,Delhi,42,27168.35361775579,0
1096,1000,570.2352956210598,POS,0,Tamil Nadu,22,144284.49314087234,0
1097,1039,658.4591284851016,POS,0,Delhi,46,86274.28688968647,0
1098,1021,296.4767125146725,POS,0,Tamil Nadu,54,115283.64990366674,0
1099,1028,130.41631590539754,POS,0,Delhi,45,86727.63841137264,0
1100,1007,163.30808843775625,POS,0,Tamil Nadu,58,120125.59388641053,0
1101,1010,263.35326352120603,POS,0,Maharashtra,40,89431.75339702403,0
1102,1040,525.188038746646,POS,0,Tamil Nadu,49,111200.8084338433,0
1103,1036,848.4206130187191,Online,0,Delhi,63,109024.1298423774,0
1104,1013,716.2286749839649,POS,0,Karnataka,35,89363.18568718071,0
1105,1029,799.5885739919448,POS,0,Gujarat,58,49976.323017599076,0
1106,1034,383.4268427297868,Online,0,Tamil Nadu,52,47540.21099897647,0
1107,1020,434.4210545661227,POS,0,Tamil Nadu,60,133659.66496318404,0
1108,1036,423.99779169108217,POS,0,Karnataka,41,35689.2557389613,0
1109,1004,232.27952518427645,POS,0,Maharashtra,64,92701.42349860845,1
1110,1018,108.15582523639341,POS,0,Delhi,45,85329.55309759724,0
1111,1013,611.3702881858654,Online,0,Maharashtra,53,123792.01181181267,1
1112,1025,989.7558492495568,Online,0,Tamil Nadu,38,37601.04519855746,0
1113,1003,208.4882197027497,POS,0,Tamil Nadu,22,109348.7662789674,1
1114,1024,94.35057890431007,Online,0,Maharashtra,43,98760.6478528449,1
1115,1044,790.5550977327363,Online,0,Delhi,40,111155.54715510372,0
1116,1041,289.956706350488,Online,0,Tamil Nadu,61,100759.33898532497,0
1117,1024,838.1616150852819,Online,0,Tamil Nadu,50,93131.16010365996,0
1118,1017,718.7398336827896,Online,0,Maharashtra,43,140414.87231427783,0
1119,1039,948.3898601982644,Online,0,Gujarat,39,65325.48390658705,0
1120,1007,438.4808739688384,POS,0,Karnataka,37,44009.39251249682,0
1121,1038,678.8713474781024,POS,0,Tamil Nadu,19,123402.79676798335,0
1122,1039,491.61204177260714,Online,0,Delhi,58,36859.89021450355,0
1123,1013,649.0592624431164,Online,0,Gujarat,35,108363.93954216574,0
1124,1031,477.1189607073505,Online,0,Maharashtra,22,91442.82627900885,0
1125,1037,229.2006341028711,POS,0,Maharashtra,49,20166.837219819437,0
1126,1032,532.5025452032119,POS,0,Delhi,63,51182.092497015816,0
1127,1022,552.1549913655701,POS,0,Gujarat,28,84467.50816093842,0
1128,1014,820.0736558471531,POS,0,Delhi,38,62862.94045722852,0
1129,1032,748.7446705039022,POS,0,Tamil Nadu,39,75495.93087212478,0
1130,1024,680.6020427443718,POS,0,Gujarat,20,98165.10494685522,0
1131,1016,157.7177407749439,Online,0,Karnataka,26,115007.31801852358,0
1132,1032,734.5854761305293,POS,0,Karnataka,19,39656.96917365063,0
1133,1046,525.289898536789,POS,0,Delhi,63,56778.62813349773,0
1134,1001,899.3945593008513,POS,0,Karnataka,45,102743.76290456035,1
1135,1013,923.8773874240156,Online,0,Delhi,51,96497.28655080296,0
1136,1039,102.39876107169619,POS,0,Tamil Nadu,27,115790.26247707556,0
1137,1039,829.6094823367548,Online,0,Tamil Nadu,36,103266.29044868436,0
1138,1038,85.81252090153708,Online,0,Delhi,46,62919.56890705172,0
1139,1005,398.81114441027154,POS,0,Tamil Nadu,19,84900.65792205778,0
1140,1005,565.1849768400251,POS,1,Karnataka,23,135016.43060746347,1
1141,1002,190.69575869577108,POS,0,Tamil Nadu,61,44191.671584424366,0
1142,1006,758.9981219406229,Online,0,Karnataka,24,68976.82297242357,0
1143,1007,57.93696896353164,POS,0,Karnataka,53,129424.7441076935,0
1144,1041,210.169096012335,Online,0,Maharashtra,25,67345.24865151093,0
1145,1014,601.7569883608019,Online,0,Tamil Nadu,36,73589.26764731701,1
1146,1046,728.6681839354278,POS,0,Tamil Nadu,27,61498.969686559925,1
1147,1028,920.8109475592204,POS,0,Delhi,50,136938.31858001917,0
1148,1032,720.2218193378926,POS,0,Delhi,54,106234.3608308426,1
1149,1029,688.1903067421226,Online,0,Gujarat,55,47141.26090545891,0
1150,1038,424.6240890331311,POS,0,Karnataka,44,117452.44722223762,0
1151,1026,51.22020425046134,Online,0,Maharashtra,46,25007.02699986886,0
1152,1035,164.15129579884086,POS,0,Karnataka,36,71533.10542892509,1
1153,1028,557.8268175182372,Online,0,Tamil Nadu,35,138270.0684286555,1
1154,1037,691.3733915521987,POS,0,Gujarat,40,109672.1086339298,0
1155,1032,446.57586970163936,POS,0,Karnataka,18,123102.4452998352,0
1156,1036,744.1450609519707,Online,0,Gujarat,60,141070.96646424287,0
1157,1026,545.7691805655697,Online,0,Karnataka,20,120691.70275875337,0
1158,1032,120.4673858145966,POS,0,Tamil Nadu,27,31515.916994290477,0
1159,1003,232.41543841955138,Online,0,Tamil Nadu,24,49983.50814986619,0
1160,1021,847.9983120817458,Online,1,Karnataka,43,84999.25182242942,0
1161,1001,738.6671092932175,Online,0,Maharashtra,33,21801.512540041385,0
1162,1009,900.0238876618703,Online,0,Tamil Nadu,56,101197.67253251612,0
1163,1004,161.67938666488973,POS,0,Delhi,62,105441.80404330083,0
1164,1009,990.7114078843202,Online,0,Maharashtra,49,110538.29995694809,0
1165,1032,248.93637825243692,POS,0,Karnataka,29,92244.22381790378,0
1166,1037,61.19088247230991,POS,0,Maharashtra,61,78809.30967400243,0
1167,1012,997.5517921008765,POS,0,Delhi,25,131221.26253371354,0
1168,1030,317.0201911728575,Online,0,Tamil Nadu,25,119753.25324721244,0
1169,1046,684.6184798869319,POS,0,Tamil Nadu,62,99606.59423093268,1
1170,1035,217.84819846748994,POS,1,Tamil Nadu,28,25981.780060542515,0
1171,1044,601.2171055891846,POS,0,Delhi,50,110210.76684562655,0
1172,1023,908.8332371318313,POS,0,Maharashtra,42,92560.92859044217,0
1173,1014,354.17210905701666,POS,0,Karnataka,34,110153.60209597688,1
1174,1028,686.7412772421412,Online,0,Karnataka,48,60483.27257231829,0
1175,1007,228.5084093584957,POS,0,Maharashtra,36,121008.10998270413,0
1176,1004,643.555628782789,Online,1,Tamil Nadu,62,74331.84220756916,0
1177,1028,369.62783422663466,POS,0,Karnataka,32,136280.90203703003,0
1178,1046,250.64784565855408,POS,0,Tamil Nadu,61,33521.35376642289,0
1179,1003,347.5229481684534,Online,0,Gujarat,52,82991.40659260363,0
1180,1011,219.8990150824094,Online,0,Gujarat,56,46745.89783905381,0
1181,1044,906.8203024459887,POS,0,Karnataka,19,78951.0801007658,1
1182,1001,427.3275420012724,POS,0,Maharashtra,51,65989.35163660339,0
1183,1026,283.01533972564897,POS,0,Maharashtra,42,124446.43594044953,0
1184,1030,475.98744896513625,POS,0,Maharashtra,55,41732.00740303632,0
1185,1035,354.5093584661708,POS,0,Tamil Nadu,21,97833.29261195572,0
1186,1035,757.1982911226596,Online,0,Gujarat,33,72842.97925005776,0
1187,1025,972.6589162912197,POS,0,Tamil Nadu,49,87349.76972248853,0
1188,1042,466.1319738627645,POS,0,Delhi,32,112872.45356267045,0
1189,1026,867.9817299736284,Online,0,Delhi,59,66423.15387131809,0
1190,1004,587.5699198816385,Online,0,Karnataka,31,67716.87827797145,1
1191,1019,199.3738818395218,POS,0,Delhi,58,29984.348088428073,0
1192,1010,706.0916049772745,Online,0,Maharashtra,32,91753.27552374561,0
1193,1009,537.7627722695291,Online,0,Karnataka,24,74197.55215847841,0
1194,1039,668.0761970894982,Online,0,Gujarat,24,125597.6018420174,1
1195,1037,895.2030419430818,POS,0,Gujarat,25,77104.34519971427,1
1196,1005,468.41284212324376,POS,0,Delhi,36,146203.6373100211,0
1197,1007,906.1187420564878,POS,0,Delhi,35,42332.117659549454,0
1198,1022,763.1355635675721,Online,0,Gujarat,34,54717.97883905561,0
1199,1046,514.1746795840855,POS,0,Delhi,35,70948.75734012325,0
1200,1025,623.0610288750655,POS,0,Delhi,36,42154.710598189034,1
1201,1045,359.3020758930609,Online,1,Tamil Nadu,57,146401.21773621332,0
1202,1042,984.4174347518355,POS,0,Gujarat,30,103324.851929199,0
1203,1011,683.9836048978761,Online,0,Gujarat,28,21455.8737554673,0
1204,1025,91.65450987179841,Online,0,Delhi,24,95206.28628912228,0
1205,1012,360.2908104606083,Online,0,Maharashtra,44,121562.38284703305,0
1206,1039,642.1487120711046,Online,0,Tamil Nadu,54,26669.01138724639,0
1207,1017,103.51661390927781,POS,0,Maharashtra,22,95130.01220528995,0
1208,1024,72.68998175318563,POS,0,Delhi,25,68660.54910388571,0
1209,1032,477.52302755141244,POS,0,Gujarat,27,95591.98836047332,1
1210,1046,366.05567070803653,Online,0,Maharashtra,54,52838.77202853058,0
1211,1039,466.3836776315076,POS,0,Karnataka,43,106582.15176173007,0
1212,1042,299.5586443860049,POS,0,Maharashtra,32,107273.26083197599,0
1213,1011,206.48185959583188,Online,0,Gujarat,33,90135.7126916619,0
1214,1043,704.6861891313208,Online,0,Delhi,46,140087.99386488582,0
1215,1035,538.8425604544104,POS,0,Maharashtra,45,138232.33378257504,0
1216,1047,240.1465006868985,Online,0,Delhi,27,26179.51001226784,1
1217,1003,353.6099549469984,POS,0,Tamil Nadu,57,57686.202606928484,0
1218,1004,612.2175122801597,Online,0,Karnataka,21,67353.65232897684,0
1219,1036,118.61788085885395,Online,0,Gujarat,63,27184.901496159,0
1220,1007,190.08035880287056,POS,0,Gujarat,57,88072.86235476611,0
1221,1041,119.58332390202061,Online,0,Delhi,31,23195.61251393898,0
1222,1048,821.701466078413,Online,0,Karnataka,61,108148.94122055,0
1223,1027,764.7887715514088,Online,0,Gujarat,50,20349.499656902666,0
1224,1030,765.6472852852942,POS,0,Maharashtra,35,24151.75715828712,0
1225,1008,730.5090763022266,POS,0,Gujarat,29,128387.91247851188,0
1226,1028,685.9161524863757,POS,0,Maharashtra,27,52839.21183469716,0
1227,1013,503.1423196092662,Online,0,Gujarat,38,30559.761966076898,0
1228,1039,660.1642553317593,Online,0,Maharashtra,50,71930.64910400572,0
1229,1040,86.44347704857591,Online,1,Tamil Nadu,31,26623.332508384556,0
1230,1021,640.3912015239454,Online,0,Delhi,26,117553.32260013244,0
1231,1010,788.9838202600333,POS,0,Tamil Nadu,43,84239.14477267631,0
1232,1022,525.3404423651707,POS,0,Maharashtra,32,91751.22232269503,0
1233,1000,389.6376620058751,Online,0,Delhi,38,117891.58548402664,0
1234,1045,313.55539806093014,POS,0,Karnataka,39,121979.60343975652,0
1235,1036,660.6619476539784,POS,0,Maharashtra,63,37713.599076112514,0
1236,1020,708.1611386984133,POS,0,Gujarat,58,56436.350437292764,0
1237,1025,877.4192198694154,Online,0,Gujarat,60,42836.595183289195,0
1238,1045,375.21737833794117,POS,0,Karnataka,22,27025.0282397916,0
1239,1035,781.2836920163063,POS,0,Tamil Nadu,61,89877.2609407393,0
1240,1022,583.288032979871,POS,0,Maharashtra,33,52473.94651052418,0
1241,1000,888.6946661441751,POS,0,Gujarat,52,40017.52774497922,0
1242,1039,551.4215028808397,POS,0,Delhi,22,86319.1448657332,0
1243,1014,541.7483369780689,Online,0,Karnataka,43,102421.95456676635,1
1244,1020,598.9832273688636,POS,0,Tamil Nadu,43,120373.29574067667,0
1245,1046,761.8495873853127,POS,0,Tamil Nadu,22,22274.144711435358,1
1246,1008,966.4559548870379,Online,0,Delhi,53,88416.99261509528,1
1247,1008,119.88518650497737,POS,0,Delhi,41,54719.23987990655,1
1248,1009,100.7628722714663,Online,0,Karnataka,32,148906.7951182576,0
1249,1025,940.6728205369716,Online,0,Delhi,47,40401.76896709414,0
1250,1040,553.3818442422958,Online,0,Gujarat,22,76919.94967032054,0
1251,1034,634.1578638385893,Online,0,Tamil Nadu,57,146103.42191457175,0
1252,1024,508.30242151499243,POS,0,Delhi,39,47702.63527766534,1
1253,1025,138.97457997710075,POS,0,Maharashtra,50,124896.6865396445,1
1254,1010,779.6849094977332,Online,0,Delhi,22,51595.11888470892,1
1255,1037,759.8634128341575,POS,0,Tamil Nadu,49,29784.272526127046,0
1256,1001,346.1181554181714,Online,0,Gujarat,40,25558.174117862276,0
1257,1006,340.9272829669804,POS,0,Delhi,27,143336.04072758416,0
1258,1017,845.9493118602426,POS,0,Gujarat,53,47676.14262624835,0
1259,1026,118.73939485426028,Online,0,Maharashtra,34,57954.14830204003,1
1260,1033,887.0498909387376,POS,1,Tamil Nadu,44,145698.29096271814,1
1261,1026,293.8286054011187,Online,0,Karnataka,62,105460.85534057877,1
1262,1016,613.3355103677193,POS,0,Tamil Nadu,25,83456.50395114698,0
1263,1042,939.1944700516889,POS,0,Karnataka,57,76604.81550309763,0
1264,1043,694.2163764598141,POS,0,Karnataka,61,26313.352736771034,0
1265,1023,443.70832184368476,Online,0,Tamil Nadu,23,129062.8271006713,0
1266,1024,705.0574984601444,Online,0,Karnataka,24,119064.69575557117,1
1267,1006,376.7806545005517,Online,0,Gujarat,43,31790.6797869663,0
1268,1005,313.39549553172685,POS,0,Maharashtra,34,65949.4308248398,0
1269,1023,996.8491140379457,Online,0,Delhi,54,135103.28918718928,0
1270,1032,763.2507196207983,Online,0,Karnataka,40,50737.38660060338,0
1271,1048,662.4839785127267,Online,0,Karnataka,44,99460.39785632942,0
1272,1028,387.5251610583528,POS,1,Tamil Nadu,57,83431.66763904571,0
1273,1042,96.70278769729575,POS,0,Gujarat,36,126407.82277167258,0
1274,1021,79.50403223339782,POS,0,Delhi,44,24686.955534605986,0
1275,1025,576.4721926763589,POS,0,Karnataka,42,126099.12146105629,0
1276,1027,773.9310849870985,Online,0,Gujarat,57,37643.49236566035,0
1277,1049,560.5102309216622,POS,0,Delhi,42,21959.426677077707,0
1278,1020,848.7458183421588,Online,0,Tamil Nadu,38,97415.10384748949,0
1279,1048,81.75520643856055,POS,0,Karnataka,42,53623.340906182515,0
1280,1006,398.4144726046431,Online,0,Tamil Nadu,24,112206.05406236621,0
1281,1016,275.21687161546913,Online,0,Tamil Nadu,52,81071.81296436518,0
1282,1019,474.90931974926593,POS,0,Karnataka,23,98718.12525428024,0
1283,1040,118.75757353441635,Online,0,Gujarat,57,109661.82265203471,0
1284,1048,956.4250594925189,Online,0,Gujarat,32,140500.63005805222,0
1285,1019,262.0926310158929,Online,0,Tamil Nadu,41,127004.34844667977,0
1286,1021,926.1923867094056,Online,0,Tamil Nadu,21,84364.5605940258,0
1287,1027,454.5984972848477,POS,0,Maharashtra,24,76942.06464500172,0
1288,1039,986.2479265924571,POS,0,Delhi,47,105107.89100009458,0
1289,1048,576.3554642872002,Online,0,Tamil Nadu,34,115359.43588791863,0
1290,1006,934.2912209670171,POS,0,Tamil Nadu,55,42444.961221151854,0
1291,1000,55.0815392595117,Online,0,Delhi,47,24228.184427727065,0
1292,1031,760.8268658718551,Online,0,Karnataka,62,79104.87073595643,0
1293,1012,907.8981204473896,POS,0,Gujarat,56,32928.905895852506,1
1294,1029,182.73453863000637,Online,0,Karnataka,26,55455.357284678685,0
1295,1022,141.3195591455439,POS,0,Delhi,36,96016.14791718937,0
1296,1018,453.3439768266578,Online,0,Delhi,30,39688.76428525662,0
1297,1031,936.9949608262884,POS,0,Maharashtra,64,23704.095229660456,0
1298,1029,565.2672321809168,POS,0,Maharashtra,54,92098.10333987228,0
1299,1028,551.0836405356456,Online,0,Gujarat,36,80609.58153472244,0
1300,1048,184.06981238435577,POS,0,Tamil Nadu,23,59819.39870401192,0
1301,1044,50.750035538557846,Online,0,Delhi,29,80942.1553954391,0
1302,1028,819.6330862081882,POS,0,Maharashtra,32,108857.94311857638,0
1303,1029,133.1958348369263,Online,0,Karnataka,64,34170.09570262675,0
1304,1015,652.1573277985577,POS,0,Maharashtra,20,53239.627688357636,0
1305,1039,918.8856317894318,POS,0,Karnataka,21,123344.85797161926,0
1306,1018,248.21931750050948,POS,0,Maharashtra,54,107115.95008387238,0
1307,1017,682.0091944250653,Online,0,Karnataka,55,54612.95804467615,0
1308,1000,124.76364787213399,POS,0,Maharashtra,23,71759.57036023287,0
1309,1013,623.5673866457323,Online,0,Maharashtra,45,35567.45502698313,0
1310,1046,205.7351349055426,POS,0,Gujarat,25,52906.58892876156,0
1311,1049,749.1558824894191,POS,0,Tamil Nadu,48,129349.73932411861,1
1312,1001,336.1697300542128,Online,0,Delhi,38,77253.38368642714,1
1313,1027,490.22145836441393,POS,0,Tamil Nadu,62,103238.07016448399,0
1314,1048,619.4590149262406,Online,0,Gujarat,46,40766.39119344497,0
1315,1049,212.7097401329276,Online,0,Karnataka,32,43829.73631812175,0
1316,1029,754.5559276867399,Online,0,Tamil Nadu,41,142319.74553806838,0
1317,1037,337.50832360497384,Online,0,Delhi,38,129386.36665255284,0
1318,1003,679.2532669171159,Online,0,Delhi,40,122742.99869248392,0
1319,1000,200.36889816440498,POS,0,Karnataka,48,62846.73689475669,0
1320,1007,703.7117762460327,Online,0,Delhi,51,93158.27796808408,0
1321,1028,171.77866916993867,POS,0,Gujarat,45,84004.33801876169,0
1322,1038,454.08867145648446,Online,0,Tamil Nadu,49,144309.98537496832,0
1323,1002,284.84577005193296,Online,1,Delhi,39,51152.47593176458,0
1324,1031,760.9564869567735,POS,0,Tamil Nadu,20,143140.28689827374,0
1325,1009,298.9332542815308,POS,0,Maharashtra,26,111890.55701148245,0
1326,1009,887.6314410756264,Online,1,Tamil Nadu,23,73779.9008328152,0
1327,1018,897.2292008362822,Online,0,Karnataka,18,54626.131967597015,0
1328,1045,236.61924946164655,POS,0,Gujarat,39,118455.9370201042,0
1329,1033,633.153647757338,POS,0,Delhi,21,126981.54047568853,0
1330,1032,133.3317596339661,Online,0,Gujarat,62,66478.55970273845,0
1331,1022,421.96024462154776,Online,0,Tamil Nadu,25,42344.38844775827,0
1332,1027,727.6556430262086,Online,0,Delhi,54,83991.79502565402,1
1333,1031,676.4520845074204,POS,0,Gujarat,59,80905.30294467256,0
1334,1049,643.4656359362775,Online,0,Karnataka,36,114302.33578818814,0
1335,1006,318.4138204793214,POS,0,Maharashtra,61,146514.03103867616,0
1336,1028,409.12370196268193,POS,0,Maharashtra,18,89066.68541320815,0
1337,1007,147.79883746527187,Online,0,Karnataka,58,115123.50751288877,0
1338,1000,733.071679411921,Online,0,Maharashtra,41,65575.3550532077,0
1339,1002,528.6943569517098,POS,0,Karnataka,34,97944.71659573204,0
1340,1023,723.3273507283718,Online,0,Tamil Nadu,49,34992.63118146558,0
1341,1022,286.49634855702914,Online,0,Karnataka,31,125941.4308505038,0
1342,1007,358.2163172033129,POS,0,Maharashtra,34,64762.14978749249,0
1343,1046,367.5045703971089,Online,0,Tamil Nadu,49,30405.37518037262,0
1344,1036,74.45528925985539,POS,0,Karnataka,50,148772.97975684924,0
1345,1002,373.99547918909235,POS,0,Karnataka,47,137232.469766251,0
1346,1032,813.1393448421319,Online,0,Tamil Nadu,64,45666.334937839405,0
1347,1027,902.4335709622516,POS,0,Delhi,51,67216.24053670626,1
1348,1046,542.3073998541311,POS,0,Maharashtra,45,141773.30055119144,1
1349,1007,482.72661045825924,Online,0,Delhi,41,123522.73461727843,1
1350,1033,79.28338776440174,POS,0,Tamil Nadu,31,137833.5887007853,1
1351,1034,885.2441207061134,Online,0,Tamil Nadu,51,93131.47119764159,0
1352,1031,62.35970275457908,POS,0,Gujarat,64,51605.108661112754,0
1353,1023,947.5125761997012,POS,0,Gujarat,18,49516.95855390748,0
1354,1013,514.7554362536862,POS,0,Tamil Nadu,39,88337.12408088033,0
1355,1031,374.8377688959903,POS,0,Gujarat,50,140119.99624785726,0
1356,1045,928.007513100527,POS,0,Karnataka,61,102106.30775134842,0
1357,1042,73.1714434545919,POS,0,Delhi,64,24470.768742922533,1
1358,1015,602.3536501256327,POS,0,Tamil Nadu,35,92861.84464002919,0
1359,1003,571.4858982743707,Online,0,Karnataka,64,99097.31422076399,0
1360,1036,258.35438115081297,POS,0,Maharashtra,56,95602.15426364755,0
1361,1020,457.44305978270006,Online,0,Maharashtra,29,109839.90258446035,0
1362,1013,669.6508056465817,POS,0,Gujarat,27,58156.79919320094,0
1363,1030,740.7746370378311,POS,0,Gujarat,19,38689.490123028874,0
1364,1047,50.68101577125079,Online,0,Karnataka,19,117506.32176323413,1
1365,1017,940.0107585864645,Online,0,Maharashtra,23,45525.901432018814,0
1366,1006,206.29910377317177,Online,0,Tamil Nadu,37,34840.664854467745,0
1367,1009,271.90141251124123,POS,0,Delhi,55,66719.03439634116,0
1368,1006,300.2997734091558,Online,0,Gujarat,45,128258.03521214293,1
1369,1032,85.92912972443355,POS,0,Karnataka,59,30674.0800289316,0
1370,1022,166.89951741080867,POS,0,Gujarat,20,45422.976636395106,0
1371,1020,987.0324267969539,Online,0,Karnataka,54,81783.71917285462,0
1372,1018,349.45590050842173,POS,0,Maharashtra,54,57394.106265274575,0
1373,1047,159.5360358220969,Online,0,Gujarat,59,113815.93116030905,0
1374,1018,151.64169811589215,Online,0,Karnataka,42,107737.31547532672,1
1375,1035,733.4869692864733,Online,0,Karnataka,40,129527.1271908382,0
1376,1028,861.8402308310089,Online,0,Gujarat,30,46499.61278239144,0
1377,1017,294.10468453304634,POS,0,Delhi,41,104359.43808590896,0
1378,1001,69.86403671847322,POS,0,Tamil Nadu,20,120715.48512115164,0
1379,1000,261.93551752308804,Online,0,Maharashtra,55,28146.725961254124,0
1380,1046,103.68990625691947,Online,0,Gujarat,45,24786.98254702121,0
1381,1004,148.22518979853942,POS,0,Gujarat,43,92703.58394790151,0
1382,1019,459.93271385526026,POS,0,Delhi,37,96421.1198486051,0
1383,1010,268.42245231855094,Online,0,Maharashtra,44,71065.13876176815,0
1384,1041,540.1485845991522,POS,0,Gujarat,18,24689.530832512577,0
1385,1001,290.8190655943308,POS,0,Delhi,27,72249.8366465298,0
1386,1002,943.5104360478002,POS,0,Tamil Nadu,27,103471.51034835835,0
1387,1022,910.6467695299513,POS,0,Karnataka,18,111244.45447864341,0
1388,1011,588.4657997599427,Online,0,Tamil Nadu,49,84062.8916125829,1
1389,1019,386.70279238801686,POS,0,Tamil Nadu,49,88253.24706534033,0
1390,1004,412.0895379329988,Online,0,Tamil Nadu,60,107447.65586603241,0
1391,1036,441.2596689872721,Online,0,Tamil Nadu,44,78409.30965243667,0
1392,1037,741.2003560281968,Online,0,Karnataka,30,54256.94332822915,0
1393,1029,479.05704574289604,POS,0,Maharashtra,34,48986.08544557011,0
1394,1008,863.8934491806025,POS,0,Maharashtra,45,117857.8783883963,0
1395,1033,946.8900466338463,Online,0,Delhi,42,83381.32276200013,1
1396,1043,369.14884570998714,POS,0,Delhi,53,101131.17939175424,1
1397,1034,582.6597573068962,Online,0,Gujarat,64,81243.75299055033,0
1398,1021,140.30370999093623,Online,0,Tamil Nadu,19,126448.86413509678,0
1399,1043,240.44559537804105,POS,0,Tamil Nadu,49,84590.1552046273,0
1400,1023,442.7924783746521,POS,0,Karnataka,49,148447.1011100275,0
1401,1016,245.8925801066899,POS,0,Tamil Nadu,23,51538.5999135445,0
1402,1009,882.7324662492816,Online,0,Karnataka,48,38008.46934062334,0
1403,1029,200.37194325614317,Online,0,Gujarat,26,68567.54745878078,0
1404,1045,482.87778047543736,POS,0,Delhi,60,139425.35939590237,1
1405,1022,625.4142784368819,Online,0,Delhi,33,130800.63778794951,0
1406,1031,707.2707127528022,Online,0,Gujarat,42,52155.88553361033,1
1407,1016,413.9159012401814,Online,0,Gujarat,57,97960.68386547884,0
1408,1049,875.6441152884921,POS,0,Tamil Nadu,45,96562.16600801829,0
1409,1016,589.9031935240292,POS,0,Delhi,34,58141.59633215177,1
1410,1013,467.5323914251742,POS,0,Maharashtra,48,50599.618294132015,0
1411,1008,113.87860234943479,Online,0,Gujarat,40,70706.43323230182,0
1412,1039,491.45499502290676,POS,0,Delhi,48,122520.44410470358,0
1413,1001,829.6990487749438,Online,0,Delhi,43,44922.95540183317,0
1414,1044,633.8139673102497,Online,0,Karnataka,21,77944.04702104814,0
1415,1024,840.5543310426624,Online,0,Delhi,56,82620.81129891486,1
1416,1038,519.3110870693404,POS,0,Gujarat,60,142086.21409066848,0
1417,1008,162.53861983975776,Online,0,Tamil Nadu,60,59457.91996529808,0
1418,1021,62.957853544087016,POS,0,Delhi,60,22554.05444945707,0
1419,1042,338.05856938266163,Online,0,Maharashtra,32,110185.06153053076,0
1420,1045,713.0909479229028,POS,0,Gujarat,54,118252.89531229991,1
1421,1003,800.7469087446091,POS,0,Tamil Nadu,55,111394.21088534083,1
1422,1025,330.96519288931296,POS,0,Tamil Nadu,40,111096.06755437762,0
1423,1028,520.8712248390848,POS,0,Gujarat,22,82819.56395154803,1
1424,1044,450.06295921237756,POS,0,Tamil Nadu,58,22425.904582491254,0
1425,1033,439.9966451338565,POS,0,Maharashtra,60,114889.33679509915,0
1426,1022,269.781277540143,POS,0,Delhi,42,141747.6245766023,0
1427,1036,179.55254977798546,POS,0,Gujarat,47,40460.226219597535,0
1428,1010,236.85413031965246,Online,0,Delhi,43,28828.85368086375,0
1429,1005,102.5657678051788,Online,0,Delhi,20,54476.68751413037,0
1430,1017,238.2242047323982,Online,0,Tamil Nadu,21,130473.20086571647,0
1431,1020,58.740852744110484,Online,0,Gujarat,64,33799.1331253448,1
1432,1041,645.8954806041794,Online,0,Delhi,35,112971.89208764303,0
1433,1035,350.5566370182987,POS,0,Karnataka,54,28183.166444424944,0
1434,1040,974.4874758555632,POS,0,Maharashtra,28,24262.571960378566,0
1435,1037,234.03119823748295,POS,0,Tamil Nadu,28,135869.24388730913,0
1436,1033,378.53714179411423,POS,0,Gujarat,53,120172.83028555904,0
1437,1016,389.94910070945656,POS,0,Gujarat,33,97816.05636792237,0
1438,1036,58.02892125933751,Online,0,Tamil Nadu,60,42359.38299071412,0
1439,1024,847.247555387486,Online,0,Delhi,42,56250.32116336855,0
1440,1037,80.39473713710848,POS,0,Tamil Nadu,18,26318.58380767266,0
1441,1011,943.1708429927793,Online,0,Gujarat,43,103897.17087273038,0
1442,1022,897.4706335389396,Online,0,Karnataka,62,109191.15666802756,0
1443,1041,558.7458202816654,POS,0,Delhi,47,62485.13903399977,0
1444,1021,566.4157961657274,POS,0,Tamil Nadu,23,63994.12120392461,1
1445,1020,671.0890268083485,Online,0,Gujarat,44,101767.09404115248,0
1446,1026,417.69751133814265,Online,0,Gujarat,36,142936.41924588225,1
1447,1030,664.8611692279627,POS,0,Gujarat,55,71312.2254135194,1
1448,1005,92.52996925406254,Online,1,Karnataka,62,84166.7501109866,0
1449,1026,101.34524598224024,POS,0,Delhi,60,110775.87620390583,0
1450,1039,484.36889863856715,Online,0,Tamil Nadu,36,64501.724212585716,1
1451,1033,572.1411860507332,Online,0,Delhi,56,132951.58169827558,1
1452,1011,893.4267583190281,POS,0,Gujarat,61,130003.60161205764,0
1453,1044,149.42760221250145,Online,1,Karnataka,49,107656.78773796433,0
1454,1006,831.5155308341949,POS,0,Karnataka,18,89800.067923102,0
1455,1009,249.54497042746613,Online,0,Gujarat,42,147857.72041862027,1
1456,1044,424.3794660845303,Online,0,Delhi,64,111309.46758688895,0
1457,1016,350.77231308604223,POS,0,Delhi,30,103619.45859093957,0
1458,1025,430.14750922212903,Online,0,Karnataka,27,133986.332241898,0
1459,1020,192.97072316895628,POS,0,Maharashtra,35,92148.78763810398,0
1460,1027,528.3915706833773,POS,0,Karnataka,53,51580.062387490136,1
1461,1045,811.5604603397989,Online,0,Karnataka,39,37910.396796138215,0
1462,1001,469.4573098599521,POS,0,Tamil Nadu,23,81234.17919649518,0
1463,1042,516.0828971032892,POS,0,Karnataka,44,87035.04028632445,0
1464,1000,856.3292060172486,POS,0,Maharashtra,25,127600.25081144902,1
1465,1035,720.7552089061293,Online,0,Karnataka,41,38131.68601190061,0
1466,1025,515.9316880937955,POS,0,Delhi,37,108559.92911738766,0
1467,1028,294.8108657797207,POS,0,Tamil Nadu,39,59536.501527167005,0
1468,1020,890.6804095027184,Online,0,Tamil Nadu,26,142073.931826943,0
1469,1010,598.1693816060305,POS,0,Karnataka,57,81154.77551585212,1
1470,1039,260.0902296051587,POS,0,Tamil Nadu,56,100911.76855116706,1
1471,1010,305.6637650061098,POS,0,Tamil Nadu,36,104514.06469648737,1
1472,1035,812.9764344894336,Online,0,Karnataka,18,31830.659776818375,0
1473,1048,91.93828398308268,Online,0,Maharashtra,28,130785.35812118954,1
1474,1038,992.487577677379,Online,0,Karnataka,58,41350.73459003901,0
1475,1039,173.8340957290522,Online,0,Delhi,59,71664.4865044551,0
1476,1034,806.2650991270905,Online,0,Gujarat,27,107433.27925884229,0
1477,1033,425.03655093309874,Online,0,Maharashtra,18,27178.58714412836,0
1478,1046,517.6053741230935,POS,0,Karnataka,44,95455.10039405673,0
1479,1023,886.618048591349,Online,0,Maharashtra,34,73289.09720550873,1
1480,1021,442.2656301097526,Online,0,Gujarat,61,28300.83881441565,1
1481,1004,560.6190659895728,Online,0,Tamil Nadu,61,114430.8457367664,0
1482,1032,96.83467928871144,Online,0,Tamil Nadu,34,85173.34103985655,0
1483,1035,52.2301001740805,POS,0,Gujarat,56,59447.222632170226,0
1484,1046,282.5598793516396,POS,0,Tamil Nadu,60,30962.613534982098,0
1485,1019,696.5539382728289,Online,0,Maharashtra,19,91171.64671090664,1
1486,1018,165.20164869117986,POS,0,Tamil Nadu,40,59775.14797644174,0
1487,1034,158.07386086432194,Online,0,Gujarat,58,143068.95008177866,0
1488,1042,440.4125776341081,POS,0,Gujarat,27,96897.1034871453,1
1489,1016,665.4451866778152,Online,0,Gujarat,59,57058.46408582947,1
1490,1044,726.468392635534,Online,0,Delhi,47,88720.34645956321,1
1491,1042,219.52814039345606,Online,0,Maharashtra,52,90134.40056720718,1
1492,1033,125.60874000344033,Online,0,Gujarat,42,114479.0084791003,0
1493,1008,943.377182248267,POS,0,Maharashtra,34,137286.3020116861,0
1494,1025,297.63306343399665,Online,0,Delhi,63,145137.17080173362,0
1495,1001,860.6791727282877,POS,0,Maharashtra,36,113325.80013323278,1
1496,1008,870.3168779396774,POS,0,Karnataka,35,90968.72131642126,1
1497,1008,783.8964621744173,POS,0,Delhi,35,49241.171241475466,0
1498,1039,210.39192631994158,Online,0,Delhi,63,72393.82416559175,0
1499,1016,830.7113862914903,POS,0,Tamil Nadu,52,83542.56881568382,1
1500,1000,780.7880312795073,POS,0,Gujarat,27,36688.24990263095,0
1501,1024,616.8868406009062,POS,0,Delhi,40,53332.49484335626,0
1502,1042,370.34193341050513,Online,0,Maharashtra,62,147978.83881661942,0
1503,1039,299.38317405321686,POS,0,Karnataka,39,118369.70675106347,1
1504,1041,165.79475147634102,Online,0,Maharashtra,61,82660.87138587024,0
1505,1024,534.2692135558278,POS,0,Maharashtra,26,49384.233416665666,0
1506,1038,605.9978317343542,POS,0,Karnataka,49,94548.19633072166,0
1507,1034,391.37204098999786,Online,0,Tamil Nadu,43,50143.77204416464,0
1508,1002,501.59111429682514,Online,0,Gujarat,46,45104.13955687671,0
1509,1049,395.33873450080335,POS,0,Delhi,59,32188.32964251349,0
1510,1036,658.9557544546662,Online,0,Gujarat,36,64960.894892947494,0
1511,1043,906.1962474067352,POS,0,Tamil Nadu,46,90424.01445908684,0
1512,1043,205.72424894459763,POS,0,Karnataka,52,40712.590332138454,0
1513,1029,412.33836940796726,Online,0,Gujarat,29,46056.612191112836,0
1514,1037,183.82517375331824,Online,0,Maharashtra,25,70848.09968281182,1
1515,1033,643.6965818874404,Online,0,Delhi,42,83639.11306623399,0
1516,1011,742.426984014166,POS,0,Delhi,44,119096.81329147507,0
1517,1018,935.3170959675831,POS,0,Tamil Nadu,64,93661.66145580405,0
1518,1036,314.92832994791667,POS,0,Tamil Nadu,60,100301.13912393682,0
1519,1043,952.7006455721587,Online,0,Karnataka,62,110507.3588027768,0
1520,1048,110.09953822964106,Online,0,Tamil Nadu,23,78627.78148000999,0
1521,1016,622.8631701963587,Online,0,Gujarat,30,64607.333503651644,0
1522,1009,104.27608337616348,POS,0,Delhi,28,124054.69631406775,0
1523,1048,899.0854783738476,Online,0,Karnataka,55,127681.65421643874,0
1524,1046,553.3186042165514,Online,0,Tamil Nadu,23,40017.67194448172,0
1525,1011,685.8809332246562,POS,0,Maharashtra,22,143938.0382521319,1
1526,1015,839.9952296149299,Online,0,Delhi,24,140889.95566022868,0
1527,1023,192.7950913597703,Online,0,Karnataka,36,133214.1156588927,0
1528,1018,86.66198384122715,POS,0,Delhi,60,74945.59442956302,0
1529,1007,884.9370886172095,POS,0,Gujarat,23,129483.19337159175,0
1530,1030,349.1865660859859,POS,0,Tamil Nadu,42,101647.61267371885,0
1531,1020,172.52996253080698,POS,0,Tamil Nadu,26,46701.316111176275,1
1532,1016,495.0381752327322,POS,0,Tamil Nadu,37,120734.79254188013,0
1533,1022,618.3907719112178,POS,0,Maharashtra,42,72792.34936339993,1
1534,1036,79.42207325138462,Online,0,Gujarat,25,57981.39419518716,0
1535,1015,311.1508753442333,Online,0,Maharashtra,54,134177.9881176203,0
1536,1005,81.15988056305122,POS,0,Gujarat,55,132096.04558285457,0
1537,1007,449.318619735724,POS,0,Gujarat,19,132368.52174911925,0
1538,1024,900.3450276129321,Online,0,Gujarat,39,131738.06285164013,0
1539,1017,983.5197909188907,POS,0,Tamil Nadu,53,92049.78227256665,0
1540,1024,655.1951758284462,POS,0,Tamil Nadu,21,100199.64267607516,0
1541,1011,203.5558090953622,Online,0,Tamil Nadu,18,143352.52305898798,0
1542,1014,910.5569204993404,Online,0,Maharashtra,50,36814.34727011759,0
1543,1025,540.4354320400574,POS,0,Karnataka,41,124813.98026973434,0
1544,1040,196.0618464977722,POS,0,Gujarat,22,88414.80601900707,0
1545,1044,925.6403359790783,Online,0,Maharashtra,52,147192.97863480743,0
1546,1025,769.5955981869479,POS,0,Tamil Nadu,59,103099.08696267779,0
1547,1046,745.120009086994,Online,0,Tamil Nadu,43,41130.74465612964,0
1548,1031,723.7216686046844,Online,0,Karnataka,60,126013.82720229094,0
1549,1009,240.32283004162022,POS,0,Tamil Nadu,58,107447.30335585687,0
1550,1015,250.45635712214977,Online,0,Gujarat,60,39360.61260312403,1
1551,1006,703.8783485058923,Online,0,Delhi,43,21168.980983146423,0
1552,1016,258.736612604877,Online,0,Tamil Nadu,58,90674.14865754035,0
1553,1022,466.7381119628964,POS,0,Karnataka,22,51393.584410367104,0
1554,1025,792.9017343142443,POS,0,Delhi,61,132741.39357258927,0
1555,1020,794.7548921929489,POS,0,Gujarat,35,52620.892405120816,0
1556,1021,480.59868389956665,Online,0,Gujarat,42,106171.30013699399,0
1557,1006,802.5804413614828,Online,0,Gujarat,58,64866.91394367376,0
1558,1013,846.6907063881539,POS,0,Karnataka,57,65541.34649117057,0
1559,1014,672.0369637200472,Online,0,Delhi,55,43635.92885803395,0
1560,1006,267.0045596929991,Online,0,Gujarat,63,85353.8241374013,0
1561,1008,310.3111913662701,POS,0,Tamil Nadu,38,95305.32072759423,0
1562,1047,349.0990976382986,Online,0,Delhi,41,95531.77832145186,1
1563,1007,160.96390234725442,Online,0,Gujarat,45,131359.32015995716,0
1564,1049,309.50163935144786,Online,0,Delhi,63,104805.14736892431,0
1565,1022,249.04326309690552,Online,0,Tamil Nadu,21,116230.91831758192,0
1566,1028,482.5623123181721,Online,0,Maharashtra,25,62048.26550413189,0
1567,1017,913.0156704786517,Online,0,Gujarat,50,74689.13202060966,1
1568,1030,149.25630091626016,POS,0,Tamil Nadu,20,22378.038903591623,0
1569,1029,734.2545277500258,POS,0,Karnataka,37,30284.214105131832,0
1570,1038,702.9188541924714,Online,0,Gujarat,52,70065.55254824384,0
1571,1034,140.96648873018978,POS,0,Maharashtra,56,47265.38549376467,0
1572,1017,926.44378466051,POS,0,Tamil Nadu,60,125684.72146670822,0
1573,1041,590.0485920489787,POS,0,Tamil Nadu,64,107943.24397659644,0
1574,1038,395.5392450789,Online,0,Delhi,24,146139.7123655781,0
1575,1016,768.7116543205414,POS,0,Gujarat,44,135314.41515019233,0
1576,1013,294.4971854815524,Online,0,Maharashtra,22,147095.933059346,0
1577,1030,708.8343451940044,POS,0,Karnataka,54,67485.76723636969,0
1578,1023,87.72564719363486,POS,0,Delhi,18,82968.9207567583,0
1579,1034,847.4376357288083,Online,1,Gujarat,39,68441.34689480746,0
1580,1043,475.76230467025255,POS,0,Maharashtra,24,145359.74445771007,0
1581,1044,654.8582686400447,Online,0,Delhi,25,72352.13022134552,0
1582,1033,260.1759288163495,POS,0,Maharashtra,61,35179.04694144206,0
1583,1002,693.2200270255256,POS,0,Maharashtra,47,52566.286162215445,0
1584,1036,783.6282620986128,POS,0,Delhi,45,75226.62081275674,0
1585,1042,499.5525275401788,POS,0,Delhi,43,98389.21921403053,0
1586,1039,636.8405778587046,Online,0,Gujarat,51,100351.24204262708,0
1587,1025,483.50962763127865,Online,0,Delhi,49,118641.87027911523,0
1588,1022,899.3868007949533,POS,0,Gujarat,39,104222.68468332624,0
1589,1043,522.9757214886032,Online,0,Maharashtra,37,83899.42077510217,1
1590,1038,849.7182735773779,POS,0,Delhi,31,23922.301587807444,0
1591,1014,811.2844553567362,Online,0,Gujarat,40,110353.68983667731,0
1592,1048,439.9795802809387,Online,0,Gujarat,20,31109.552048140373,0
1593,1003,268.5802672646013,Online,0,Karnataka,36,80945.47841209646,0
1594,1028,435.77802593178245,POS,0,Gujarat,31,136531.508484927,0
1595,1021,834.9065069864591,Online,0,Gujarat,57,97594.25614108385,1
1596,1024,266.2509090284227,Online,0,Karnataka,56,45865.41849899897,0
1597,1012,548.2145285648619,POS,0,Tamil Nadu,54,125034.5670982622,0
1598,1017,815.7919105627101,POS,0,Delhi,52,59053.186051997385,1
1599,1032,385.80360137195987,POS,0,Karnataka,18,95045.20909746997,0
1600,1015,660.0991551525625,Online,0,Gujarat,36,102660.35437552183,0
1601,1044,283.3499953463738,Online,0,Gujarat,32,115045.79427099656,0
1602,1041,153.81547309975193,Online,0,Delhi,42,28447.73412722342,0
1603,1043,804.6650138382136,Online,0,Maharashtra,18,131054.72721949515,0
1604,1001,144.02019223827148,Online,0,Karnataka,48,34800.542158530756,0
1605,1034,307.81232532560534,Online,0,Tamil Nadu,54,32289.410915678644,0
1606,1041,862.3539508975681,POS,0,Delhi,60,79394.99224392563,1
1607,1033,379.1458227247338,Online,0,Delhi,63,68383.60815772848,0
1608,1029,974.393082038453,Online,0,Karnataka,39,27099.777597159005,0
1609,1012,980.7476180351667,Online,0,Gujarat,37,41580.067684525435,1
1610,1012,304.8622194308789,POS,0,Gujarat,58,77097.74781514518,0
1611,1017,88.92931113739593,Online,0,Tamil Nadu,64,127779.38321650968,0
1612,1031,719.8101199951102,POS,0,Karnataka,60,35769.56931837849,0
1613,1031,478.4371775159265,Online,0,Delhi,22,33588.94864305423,0
1614,1034,145.71520176159748,POS,0,Karnataka,32,124627.82225311536,0
1615,1038,722.1466780291406,POS,0,Maharashtra,19,84001.01710186712,0
1616,1045,79.61616365632517,POS,0,Delhi,29,66832.4020722429,0
1617,1028,876.68685596763,Online,0,Tamil Nadu,24,79975.97349036272,0
1618,1048,181.71990265763853,POS,0,Tamil Nadu,19,73410.06958701627,0
1619,1028,170.94628480938877,Online,0,Delhi,25,121646.24218288246,0
1620,1043,216.8886830701553,POS,0,Gujarat,26,21212.557112631133,0
1621,1015,962.2530405674632,Online,0,Delhi,44,76310.61522105856,0
1622,1043,708.5108922411537,POS,0,Delhi,45,40651.10686706331,0
1623,1046,811.3029586904548,POS,0,Maharashtra,54,60077.160120337525,0
1624,1009,427.75323644611535,Online,0,Delhi,32,34582.255412496335,0
1625,1029,369.49709112970777,POS,0,Karnataka,36,75508.4532298847,0
1626,1024,272.7598064440115,Online,0,Karnataka,47,103628.36753069604,0
1627,1038,506.6156268967885,POS,0,Tamil Nadu,30,106007.12035835537,0
1628,1019,574.23729685746,POS,0,Gujarat,62,123576.6845243686,0
1629,1004,650.1861014701176,Online,0,Tamil Nadu,23,125951.48216597456,0
1630,1000,294.2625787987598,Online,0,Maharashtra,47,97705.34897335274,1
1631,1029,951.221376857841,Online,0,Delhi,18,65909.49951318928,0
1632,1048,211.27057329677905,POS,0,Tamil Nadu,59,26671.013031947652,0
1633,1002,967.3705160280917,Online,0,Delhi,55,24663.098378351107,0
1634,1044,64.1133163821286,Online,0,Tamil Nadu,42,34724.203601292436,0
1635,1013,507.0694072260033,POS,0,Delhi,52,147898.086053509,0
1636,1029,366.69944621073466,Online,0,Tamil Nadu,43,122177.06627751191,0
1637,1049,476.66724323373825,Online,0,Karnataka,30,72633.39275349515,0
1638,1003,592.1313500317495,POS,0,Maharashtra,36,80606.152005927,0
1639,1017,463.8097001120736,POS,0,Tamil Nadu,27,115859.57470531877,0
1640,1036,444.1045077865152,POS,0,Karnataka,62,86872.08338415084,0
1641,1024,746.0872446426412,POS,0,Gujarat,24,66854.11154807464,0
1642,1047,701.5824613321414,POS,0,Tamil Nadu,32,65442.88573463517,0
1643,1000,841.6077179340555,Online,0,Delhi,40,47253.416301485384,0
1644,1045,287.4610321775208,POS,0,Maharashtra,53,135129.5077416036,0
1645,1014,629.0520842663605,POS,0,Karnataka,60,73839.9977692824,0
1646,1008,605.9350461232111,POS,0,Karnataka,48,117807.18179052229,0
1647,1014,401.25092032905434,Online,0,Maharashtra,25,94589.07253880113,0
1648,1048,511.7546648075469,Online,0,Tamil Nadu,47,118032.17478009443,0
1649,1023,348.0930361404423,Online,0,Delhi,51,61718.292968329944,0
1650,1003,184.75217773613593,Online,0,Gujarat,50,117761.1379589424,0
1651,1011,253.11115012959618,POS,0,Tamil Nadu,18,122695.87811890522,1
1652,1036,150.23796408114103,POS,0,Maharashtra,33,33556.41077167244,0
1653,1036,698.9160964306179,POS,0,Tamil Nadu,28,31890.291414293868,0
1654,1042,677.6910234536939,Online,0,Tamil Nadu,44,148114.44344687817,1
1655,1005,953.0760530008791,POS,0,Maharashtra,39,35334.02042220034,0
1656,1038,743.1944929648793,Online,0,Maharashtra,57,109029.31314830076,0
1657,1045,99.44354681832488,Online,0,Gujarat,36,117215.72012734185,1
1658,1023,890.0329152325065,Online,0,Maharashtra,61,28256.40609146787,0
1659,1010,869.5414047984394,POS,0,Maharashtra,23,117046.42128856803,0
1660,1012,471.1543047340637,POS,0,Maharashtra,57,74536.94296113634,0
1661,1033,606.5698980015254,POS,0,Karnataka,56,55707.62044785386,0
1662,1024,977.2744158488929,POS,0,Maharashtra,37,106492.98370239045,0
1663,1006,555.689145655758,Online,0,Maharashtra,20,128306.18357245556,0
1664,1003,910.0557369572853,POS,0,Maharashtra,18,94463.28531051878,0
1665,1007,128.88681991967712,Online,0,Gujarat,40,133181.58794846566,0
1666,1019,231.4992752732487,Online,0,Tamil Nadu,55,22906.274714869298,0
1667,1028,468.71719626925193,Online,0,Maharashtra,20,116018.6225145875,0
1668,1044,605.5189679204394,Online,0,Maharashtra,51,42022.321760586594,1
1669,1045,825.4164592696602,Online,0,Gujarat,34,57189.61420654762,0
1670,1009,988.8490093860275,Online,0,Tamil Nadu,44,94392.81055548874,1
1671,1042,419.4089216504106,Online,0,Gujarat,56,55677.86390536814,0
1672,1033,95.04485433308068,POS,0,Delhi,40,41860.00105681241,0
1673,1025,811.1129281305585,POS,0,Delhi,55,135114.7684493882,0
1674,1040,624.1616831286677,Online,0,Delhi,28,137874.04853981244,0
1675,1048,238.61571592479157,POS,0,Maharashtra,32,24728.28430786955,1
1676,1002,520.0870337903491,POS,0,Gujarat,43,85015.74874404748,1
1677,1005,755.1947332570381,POS,0,Maharashtra,28,46478.248050076145,0
1678,1004,781.8911977152115,POS,0,Delhi,24,132243.14321308318,0
1679,1004,524.6374913988238,Online,0,Tamil Nadu,64,80127.76341885893,1
1680,1046,339.95380362241616,POS,0,Tamil Nadu,25,82199.50656310699,0
1681,1022,975.0554529365688,Online,0,Gujarat,22,101571.44621209698,0
1682,1048,680.1944804086683,Online,0,Tamil Nadu,34,27231.129995057727,0
1683,1008,437.8256433789838,POS,0,Delhi,40,36548.749661430455,0
1684,1034,316.4400629944198,POS,0,Gujarat,19,84790.07104527255,0
1685,1019,744.5478338533841,Online,0,Gujarat,44,145671.8990686795,0
1686,1048,280.0742733140793,Online,0,Delhi,38,129668.72405309723,0
1687,1041,213.12448952500375,POS,0,Delhi,24,135616.95016906195,0
1688,1034,553.3421945139668,POS,0,Delhi,55,37830.15346564089,1
1689,1049,325.4880230119348,Online,0,Delhi,43,144621.1088785536,0
1690,1017,647.4598876774343,POS,0,Gujarat,47,114899.02912104513,1
1691,1016,162.0417411305218,Online,0,Tamil Nadu,29,62339.05519421963,0
1692,1023,672.1940493389556,Online,0,Delhi,28,132380.73097384372,1
1693,1002,319.1317015978171,Online,0,Karnataka,34,117150.28074451639,0
1694,1031,50.2307877127871,Online,0,Gujarat,27,115746.26949433656,0
1695,1034,170.58925479046755,POS,0,Maharashtra,33,115500.66278487346,0
1696,1037,936.9346089433394,Online,0,Tamil Nadu,32,124110.97231937097,0
1697,1012,873.9869071595899,Online,0,Gujarat,32,143308.79086050374,0
1698,1046,271.928580434425,POS,0,Delhi,37,37793.32367489903,0
1699,1024,789.4533093182166,POS,0,Karnataka,21,149937.9154921913,0
1700,1008,628.1430135152756,Online,0,Maharashtra,49,133404.15025732573,0
1701,1003,972.359475877376,POS,0,Tamil Nadu,39,77411.53661002994,0
1702,1013,404.9253765573562,POS,0,Delhi,52,40466.92347553784,1
1703,1036,697.3875818913127,Online,0,Gujarat,31,78992.49026405546,1
1704,1033,110.35893630272265,POS,0,Gujarat,47,121219.5270342047,0
1705,1010,426.43497947558564,POS,0,Tamil Nadu,48,98318.95075616443,0
1706,1040,965.6267781287714,POS,0,Karnataka,27,56341.61908327896,0
1707,1002,562.0318307276145,POS,0,Delhi,23,72883.31277584744,0
1708,1027,323.48552816810235,POS,0,Tamil Nadu,44,144058.85048397185,0
1709,1028,164.25741497217652,Online,0,Tamil Nadu,28,124496.71123210604,0
1710,1008,718.3519231724539,POS,0,Gujarat,53,36129.018847094696,0
1711,1002,662.6132412582405,Online,0,Tamil Nadu,27,90900.9550273023,1
1712,1024,405.2417779235859,Online,0,Maharashtra,33,141028.03394613817,0
1713,1033,953.3942842725426,POS,0,Maharashtra,41,24460.142473856482,0
1714,1011,71.0926723384578,POS,0,Delhi,38,25531.158032349835,0
1715,1041,338.53765905023454,POS,0,Tamil Nadu,57,113175.25504827604,0
1716,1008,925.0160119846023,POS,0,Gujarat,58,94820.93178298697,1
1717,1014,354.88866640346833,POS,0,Delhi,53,25979.930360285296,0
1718,1039,289.64019216241184,POS,0,Karnataka,59,149482.14307962207,0
1719,1024,557.5093894346849,POS,0,Gujarat,62,95412.38844220515,0
1720,1004,832.611662424511,POS,0,Karnataka,40,83950.86666583474,0
1721,1010,147.98942283444302,POS,0,Delhi,38,78200.61507876375,0
1722,1033,945.8696741634493,POS,0,Maharashtra,49,111088.9117852754,0
1723,1023,805.3192371221058,POS,0,Gujarat,34,79586.4135961192,0
1724,1014,222.18774277397435,POS,0,Gujarat,34,105679.98128026929,1
1725,1037,726.4075631382545,Online,0,Delhi,38,83483.44770987444,0
1726,1007,415.71078650567927,POS,0,Gujarat,21,99393.30886919021,0
1727,1004,432.17994417250276,Online,0,Gujarat,40,124674.19694108542,0
1728,1047,794.125587816923,Online,0,Delhi,42,126231.85128111947,0
1729,1025,964.6455675816956,POS,0,Tamil Nadu,49,130376.2686213699,0
1730,1017,170.32307920483424,Online,0,Delhi,23,46386.063298472916,0
1731,1005,449.59872503487844,POS,0,Gujarat,31,27945.587072457904,0
1732,1036,506.89452768008834,POS,0,Delhi,58,128698.00161166154,0
1733,1047,407.4962261072477,Online,0,Gujarat,55,25498.719893066947,1
1734,1012,395.0296675304138,POS,0,Karnataka,59,47753.797059427714,1
1735,1027,99.65523418351671,Online,0,Karnataka,55,88405.84380090875,0
1736,1004,701.2616895344921,Online,0,Maharashtra,58,131206.345934672,0
1737,1012,464.4036962640431,POS,0,Delhi,62,136581.5664745295,0
1738,1016,235.0541125117304,Online,0,Delhi,33,101646.5851002758,0
1739,1049,825.231827186965,Online,0,Karnataka,49,145678.6301419222,0
1740,1039,812.4327107440465,POS,0,Karnataka,33,114892.58156388681,1
1741,1044,512.0720466844491,Online,0,Karnataka,36,88604.17225571112,1
1742,1031,333.5281280903725,POS,0,Maharashtra,54,37468.17559154607,0
1743,1028,656.1880895066298,POS,0,Maharashtra,60,75742.11679255046,0
1744,1002,323.7445289885329,POS,0,Tamil Nadu,38,126904.31031842281,0
1745,1039,274.20753380752643,POS,0,Delhi,32,56874.13600704734,0
1746,1033,743.9889213250103,Online,0,Maharashtra,43,95175.2488374162,0
1747,1039,88.30897773490317,POS,0,Gujarat,47,147846.48549350494,0
1748,1026,140.03004748286426,Online,0,Delhi,57,42675.111572884445,0
1749,1012,56.44876532241029,Online,0,Tamil Nadu,32,33189.44347690598,0
1750,1044,195.29602715165484,POS,0,Karnataka,60,123427.56824937397,0
1751,1032,115.54050827493649,POS,0,Tamil Nadu,30,23239.83622589398,0
1752,1005,996.0122493909226,POS,0,Delhi,44,103623.27160532823,0
1753,1023,324.3694714563851,Online,0,Karnataka,40,63646.84922063706,0
1754,1018,191.8046120357849,POS,0,Tamil Nadu,51,114095.79546745896,0
1755,1015,278.94644509612203,Online,0,Tamil Nadu,51,35632.91240409651,0
1756,1039,939.319292963128,POS,0,Delhi,40,62905.71249907488,0
1757,1027,544.1522118731759,POS,0,Maharashtra,61,22214.797492126654,0
1758,1032,396.57719149246407,Online,0,Gujarat,37,50561.82921954033,0
1759,1047,879.7218850137584,Online,0,Tamil Nadu,26,82823.62478835342,0
1760,1040,425.24075702158086,POS,0,Gujarat,37,43089.74362367236,0
1761,1012,368.258141459811,POS,0,Delhi,64,97955.21947468315,1
1762,1042,246.91839642224878,POS,0,Delhi,56,35359.060961339164,0
1763,1044,408.9069827139409,Online,0,Maharashtra,31,116879.06138644689,0
1764,1024,350.8501382160797,POS,0,Karnataka,43,139816.4194541796,0
1765,1041,693.438761333234,POS,0,Gujarat,44,70170.31060975819,0
1766,1035,325.10356943719074,Online,0,Tamil Nadu,51,88666.78877861788,0
1767,1026,598.3397591014334,POS,0,Karnataka,46,83506.73715202665,0
1768,1037,112.59755678037408,Online,0,Gujarat,49,122101.41148775088,0
1769,1006,231.72469886168864,Online,0,Gujarat,58,149244.83387025667,0
1770,1004,437.03500803078134,POS,0,Karnataka,62,115639.17730042481,0
1771,1042,940.1017912132606,POS,0,Karnataka,22,47888.929753427794,1
1772,1044,408.38938642991064,Online,0,Maharashtra,21,110490.41971605776,0
1773,1030,680.8704151398424,Online,0,Tamil Nadu,40,100049.31927613728,0
1774,1022,292.3328613003282,POS,0,Tamil Nadu,38,47315.585141578595,0
1775,1041,170.68189717457014,Online,0,Tamil Nadu,50,51325.03855292598,0
1776,1009,105.60977007604762,Online,0,Karnataka,58,104862.28515819364,0
1777,1031,340.1428236156138,POS,0,Maharashtra,41,125016.42587435708,0
1778,1042,199.77797545706258,Online,0,Delhi,33,119112.5282585682,0
1779,1029,215.30992561531798,Online,0,Maharashtra,49,98833.54576951789,0
1780,1038,772.7213429676026,Online,0,Karnataka,36,141880.4973797368,0
1781,1030,65.04616739763051,Online,0,Maharashtra,43,115035.91972710917,0
1782,1017,579.9196194486627,Online,0,Karnataka,20,90449.07428339259,0
1783,1035,410.48831156379157,Online,0,Gujarat,52,126106.64938675932,0
1784,1001,531.2224999131199,POS,0,Gujarat,56,57762.91730596524,1
1785,1013,584.6887253538728,POS,0,Delhi,35,54254.056811083574,0
1786,1012,347.69930973441427,POS,0,Gujarat,24,146289.16236813215,0
1787,1028,330.353417175071,POS,0,Delhi,49,143476.82106664433,1
1788,1011,746.7317568681605,Online,0,Tamil Nadu,41,134467.10219760746,1
1789,1038,877.7131387150993,POS,0,Karnataka,33,47867.98259807545,0
1790,1001,232.9525508356015,Online,0,Tamil Nadu,41,96399.56788712024,0
1791,1031,142.7378225083915,POS,0,Tamil Nadu,21,89556.51159885524,1
1792,1012,902.9060160724247,Online,0,Delhi,62,46404.10314411331,0
1793,1045,382.40069046502873,POS,0,Karnataka,49,78212.46221916967,0
1794,1026,573.7515211296734,Online,0,Delhi,59,80468.96120835356,0
1795,1048,391.5659872940033,POS,0,Maharashtra,51,51280.94303118717,0
1796,1040,169.51221952874874,POS,0,Tamil Nadu,36,144134.50664973632,0
1797,1016,609.8650627003417,POS,0,Karnataka,31,84052.94891340977,0
1798,1039,548.8838091811482,POS,0,Tamil Nadu,55,88235.94227324371,0
1799,1030,242.84388123163734,POS,0,Maharashtra,30,97815.25597761407,0
1800,1033,479.27559241966395,Online,0,Maharashtra,39,135303.81707764906,0
1801,1023,807.1001288148635,POS,0,Karnataka,48,89330.25895329962,1
1802,1044,610.9047979524968,Online,0,Karnataka,61,90325.54939024204,0
1803,1034,142.0714607136451,POS,0,Maharashtra,61,51225.13356207301,0
1804,1047,570.6204223676783,POS,0,Tamil Nadu,47,98366.23487461222,0
1805,1005,717.6013843251076,POS,0,Gujarat,40,69549.43910637975,0
1806,1018,803.0682354917138,Online,0,Tamil Nadu,29,104081.59445988423,0
1807,1029,647.6616997025534,POS,0,Gujarat,60,59097.026348789375,0
1808,1006,195.02525631374456,POS,0,Delhi,31,113044.68806611675,0
1809,1009,724.6646032606526,Online,0,Karnataka,53,100457.36197930502,0
1810,1040,693.4747537774406,Online,0,Maharashtra,62,81682.91642840164,0
1811,1031,73.20553879360156,Online,0,Delhi,25,32567.416385032826,0
1812,1033,441.160284210731,Online,0,Tamil Nadu,41,101505.86096396118,1
1813,1027,366.30273461425463,POS,0,Gujarat,20,131706.26461583696,0
1814,1014,685.9414610409613,Online,0,Karnataka,31,42239.67147807221,0
1815,1029,255.32902169537468,Online,0,Gujarat,28,31013.530492590136,0
1816,1036,611.3283268255456,POS,0,Tamil Nadu,62,25143.941857834798,0
1817,1028,917.5456637234637,Online,0,Tamil Nadu,55,24136.43591516413,0
1818,1021,807.9122535981774,Online,0,Maharashtra,45,129468.99253915712,0
1819,1003,925.3848494057039,Online,0,Delhi,40,114589.94226226443,0
1820,1019,979.5806685860555,POS,0,Karnataka,35,46298.783537901705,0
1821,1031,60.13662065585463,Online,0,Maharashtra,37,139225.27887609895,0
1822,1035,641.6042125586036,Online,0,Gujarat,50,37594.1758210906,0
1823,1049,442.1974278709611,Online,0,Delhi,19,68641.15577709628,0
1824,1003,866.8617658183656,POS,0,Karnataka,56,78774.07962007968,0
1825,1026,289.22396690867515,POS,0,Gujarat,54,29866.447724180587,0
1826,1016,981.9780146593223,Online,0,Karnataka,43,65171.646242067254,0
1827,1011,633.02257106656,POS,0,Karnataka,19,33244.4905908501,1
1828,1021,803.8605321173894,Online,0,Delhi,20,122670.67079793142,0
1829,1016,131.3195751816299,POS,0,Gujarat,37,26087.654132422533,0
1830,1009,224.28499052092178,POS,0,Maharashtra,27,22227.754111467475,0
1831,1000,770.4834893824931,Online,0,Maharashtra,59,115224.82882720392,0
1832,1021,70.88719593735743,Online,0,Maharashtra,38,121510.2811192242,0
1833,1025,826.0340865990937,Online,0,Karnataka,57,84431.9016414152,0
1834,1017,63.25156775731588,POS,0,Tamil Nadu,26,61323.43657826656,0
1835,1049,674.2628971082097,Online,0,Delhi,19,50738.90679407088,0
1836,1013,396.83922422021556,POS,0,Maharashtra,45,35213.62697750174,0
1837,1046,630.9201100832391,POS,0,Delhi,20,82949.92202172801,0
1838,1028,711.2298366396581,Online,0,Karnataka,33,83841.58715434445,0
1839,1011,375.351458226989,POS,0,Delhi,21,79274.89765642335,0
1840,1035,152.56432570529375,POS,0,Maharashtra,40,121174.13785027715,0
1841,1034,116.16357436085237,Online,0,Maharashtra,47,32970.99182932598,1
1842,1011,609.4892214344204,POS,0,Karnataka,55,107101.30311998409,0
1843,1006,544.622586047406,POS,0,Karnataka,30,72203.75197699861,0
1844,1028,755.0909586650758,Online,0,Gujarat,23,51323.48524817884,0
1845,1010,534.2487345037403,Online,0,Karnataka,27,108607.23454420162,0
1846,1032,451.32350052933515,Online,0,Tamil Nadu,34,45698.12685206231,0
1847,1005,428.1828193244193,POS,0,Tamil Nadu,25,50019.20916573745,0
1848,1046,75.12455746778409,POS,0,Maharashtra,26,149810.934987134,0
1849,1014,368.7793416118243,POS,0,Karnataka,51,135526.93439257902,0
1850,1031,977.2191496482695,Online,0,Tamil Nadu,34,110628.08539285419,0
1851,1010,879.8777974157343,POS,0,Tamil Nadu,60,61049.15852313436,0
1852,1022,362.9091636825068,POS,0,Gujarat,39,89773.3853845578,0
1853,1025,608.4056348130536,POS,0,Karnataka,20,36460.053373549075,0
1854,1033,854.9319082587192,Online,0,Gujarat,58,63413.697489445905,1
1855,1045,469.2106199125652,Online,0,Delhi,57,28836.16970464187,0
1856,1033,67.05997056264341,Online,0,Gujarat,46,99341.38308537618,0
1857,1028,120.78493872770807,POS,0,Delhi,56,131474.44642135076,0
1858,1003,534.8730852812713,POS,0,Delhi,44,125241.66914260144,0
1859,1016,970.9674068920845,Online,0,Karnataka,56,131290.56497617462,0
1860,1034,708.5490651079244,Online,0,Delhi,57,42697.96341543158,0
1861,1012,117.37038186664105,POS,0,Delhi,54,104510.99948826026,0
1862,1040,229.89283200226964,Online,0,Gujarat,20,144376.46496488736,0
1863,1038,782.7569860560076,POS,0,Karnataka,36,121822.65139431728,0
1864,1014,849.3677719584325,Online,0,Karnataka,51,20440.749243699902,0
1865,1028,636.8098568791613,Online,0,Delhi,31,134699.85950208647,0
1866,1028,662.2020111483258,Online,0,Gujarat,38,111751.38049938825,0
1867,1010,76.9205778642154,POS,0,Gujarat,19,35868.06726961782,0
1868,1031,837.103746602433,Online,0,Gujarat,27,60796.935752305595,0
1869,1001,798.8614477622882,POS,0,Gujarat,59,35276.92560314759,1
1870,1046,296.0833868981798,Online,0,Maharashtra,34,114875.36471363962,0
1871,1013,723.2428839672316,Online,0,Delhi,19,20458.105233315662,0
1872,1019,254.1118761037482,POS,0,Delhi,44,80387.88358302938,0
1873,1021,88.31365299893734,POS,0,Delhi,18,149975.16654789212,1
1874,1010,241.0797154608584,Online,0,Karnataka,53,130646.96933336847,0
1875,1026,219.69743291658452,POS,1,Karnataka,50,96338.82288732467,0
1876,1002,370.86059689810486,Online,0,Gujarat,39,110211.43872493914,0
1877,1016,447.5270223166852,POS,0,Karnataka,52,98473.04281860181,0
1878,1043,533.1119469228225,POS,0,Tamil Nadu,51,125409.97309163051,0
1879,1027,502.91618173291175,Online,0,Delhi,35,135178.02707541376,0
1880,1028,307.1408756670249,Online,0,Delhi,53,119657.00978641995,0
1881,1020,77.71213514537074,POS,0,Maharashtra,20,43655.12884092814,0
1882,1046,624.8465411252931,POS,0,Maharashtra,61,68427.7818594259,0
1883,1015,425.9575883549867,Online,0,Tamil Nadu,33,121973.06757985608,0
1884,1036,333.73854951817225,POS,0,Maharashtra,28,127013.08540788463,0
1885,1019,873.5939906889867,POS,0,Gujarat,27,101744.35545044347,0
1886,1005,759.4061424082518,POS,0,Gujarat,59,112838.87873515593,0
1887,1018,864.8772709538201,POS,0,Delhi,38,42684.813180967525,0
1888,1004,520.2336549768379,Online,0,Gujarat,42,68446.55493357146,1
1889,1002,174.3846895204386,Online,0,Maharashtra,52,89502.71659640862,1
1890,1000,711.4103643152088,POS,0,Tamil Nadu,23,147882.09278253315,0
1891,1037,245.77009094031646,POS,0,Gujarat,63,123898.02673063238,0
1892,1014,469.16818563713093,Online,0,Delhi,61,45040.570074789095,1
1893,1033,111.75074950144408,POS,0,Delhi,25,65812.85025776394,0
1894,1034,834.0429823018333,POS,0,Maharashtra,51,48196.77806789563,0
1895,1048,169.64360899512553,POS,0,Gujarat,58,39793.68158521787,0
1896,1024,907.9426316968442,POS,0,Maharashtra,63,35597.41182608034,0
1897,1023,871.0190721484793,POS,0,Delhi,18,145541.39531605877,1
1898,1011,491.35362621728376,Online,0,Tamil Nadu,20,137862.363582251,0
1899,1017,757.1497940887912,POS,0,Gujarat,55,82821.75456893705,0
1900,1014,638.4728201272457,POS,0,Tamil Nadu,44,91310.80241791974,0
1901,1043,812.9218602208576,POS,0,Gujarat,30,129020.95748858758,0
1902,1015,460.21484574661645,Online,0,Delhi,60,104348.98674725328,0
1903,1026,796.5180600321326,POS,0,Gujarat,64,115245.52919847304,0
1904,1007,489.33397621189056,POS,0,Delhi,36,122848.44302478984,0
1905,1045,943.9174984506542,Online,0,Karnataka,36,82793.73845444013,1
1906,1024,512.0534957838902,Online,0,Delhi,23,146723.0758472212,0
1907,1016,489.48830833704307,Online,0,Delhi,64,101687.44627997723,0
1908,1028,795.8182684853371,Online,0,Gujarat,31,102353.08271763929,0
1909,1007,830.4988071727961,POS,0,Tamil Nadu,22,38335.86773377404,0
1910,1014,576.7646586051122,POS,0,Delhi,60,148405.8375776268,0
1911,1026,220.80792282032164,POS,0,Gujarat,62,29200.819524873794,0
1912,1045,494.3703194097005,Online,0,Delhi,62,148132.7256103997,1
1913,1049,969.6688777641945,POS,0,Maharashtra,53,138373.52607962565,0
1914,1006,765.3368833872258,Online,0,Maharashtra,26,131334.63531910413,0
1915,1002,820.6044736851755,Online,0,Maharashtra,40,107567.83025331536,0
1916,1028,81.18422387827812,POS,0,Maharashtra,49,99151.55160566363,0
1917,1043,494.4664895024519,Online,0,Tamil Nadu,46,149560.60227671493,0
1918,1023,664.2900769746776,Online,0,Delhi,62,146619.67320736742,0
1919,1002,838.531049446671,POS,0,Maharashtra,45,125538.30087253191,0
1920,1019,96.80997090363289,POS,0,Gujarat,57,31291.99187966929,0
1921,1045,859.8169413597794,Online,0,Maharashtra,28,68381.6596320522,0
1922,1014,570.9808899048161,POS,0,Karnataka,36,132570.61527909426,1
1923,1024,237.44827204725692,POS,0,Karnataka,18,111327.64225998173,0
1924,1029,351.392455627215,Online,0,Tamil Nadu,26,35860.54646010608,1
1925,1013,317.8330741639827,Online,0,Karnataka,19,65272.310367746584,1
1926,1006,554.316082574052,POS,0,Gujarat,21,22525.3155430738,0
1927,1016,99.10139591557524,POS,0,Maharashtra,46,136064.42478053953,0
1928,1043,200.60935057492736,Online,1,Karnataka,21,117110.68713079297,0
1929,1019,822.0583912069933,POS,0,Karnataka,18,76661.91188271204,0
1930,1035,175.9737912094705,Online,0,Tamil Nadu,45,118850.4533275865,0
1931,1008,271.7264559852206,Online,0,Karnataka,35,141344.8851824805,0
1932,1037,480.70207532394943,POS,0,Maharashtra,63,56385.920044612925,0
1933,1047,541.2648437076639,POS,0,Delhi,30,57156.189338428325,1
1934,1021,775.4299556334507,POS,0,Maharashtra,57,82744.69258917563,0
1935,1001,474.9658053328784,POS,0,Karnataka,23,111896.95156961147,0
1936,1023,800.3713899837618,POS,0,Karnataka,60,149094.86659377458,0
1937,1007,637.4289916931846,Online,0,Karnataka,64,41181.08920247079,1
1938,1010,157.44475245263135,POS,0,Tamil Nadu,56,64477.623438272356,0
1939,1012,198.51486647319666,Online,0,Gujarat,39,67247.1970946215,0
1940,1016,465.18203917728226,POS,1,Maharashtra,47,114357.11646122017,1
1941,1007,427.0449234345876,Online,0,Karnataka,44,135257.7134733797,1
1942,1020,756.3670561554299,POS,0,Delhi,25,43893.367996810295,0
1943,1017,601.7002828074843,POS,0,Tamil Nadu,60,112774.54645191578,1
1944,1029,418.7264269521368,Online,0,Gujarat,45,138250.8620487466,0
1945,1017,212.22226927786636,POS,0,Karnataka,19,35768.43697008882,0
1946,1045,265.4952472092204,POS,0,Maharashtra,37,102557.79740823038,0
1947,1046,596.7259675456061,Online,0,Delhi,28,46309.92834610332,0
1948,1030,452.2668646548028,Online,0,Tamil Nadu,31,77348.31943895752,0
1949,1037,539.1811334176384,Online,0,Maharashtra,41,36485.13584334958,0
1950,1031,212.143563537122,POS,0,Maharashtra,30,108870.49504856922,1
1951,1010,679.7609397273375,Online,0,Tamil Nadu,25,72178.79938829609,0
1952,1044,859.9118038131687,Online,0,Maharashtra,61,93742.85020177443,0
1953,1024,295.0425314475556,POS,0,Delhi,38,88060.50217345111,0
1954,1032,516.9385145402352,POS,0,Delhi,39,110218.02436856658,0
1955,1037,976.7509625698567,POS,0,Maharashtra,26,136425.1841792675,0
1956,1040,366.57965352319127,POS,1,Karnataka,59,56367.41399033461,0
1957,1007,615.2940276775731,POS,0,Maharashtra,60,97371.68579836276,1
1958,1010,135.68591519023215,POS,0,Karnataka,28,94589.62923427449,0
1959,1021,625.714252355471,Online,0,Maharashtra,33,60968.891492219824,0
1960,1023,135.15018463938702,Online,0,Gujarat,26,84946.20011441567,0
1961,1040,961.2736635576309,POS,0,Delhi,20,25258.912573524583,0
1962,1016,729.8795194686958,Online,0,Maharashtra,53,75501.29933201717,0
1963,1011,798.7517987289211,Online,0,Delhi,59,55168.4951956756,0
1964,1045,718.899142733055,Online,0,Tamil Nadu,30,132316.8345125377,1
1965,1031,610.2425842726425,Online,0,Gujarat,18,66512.9194581138,0
1966,1014,477.41714203123007,POS,0,Karnataka,61,44987.26447179289,0
1967,1015,865.4547107730093,POS,0,Tamil Nadu,28,88857.2593067518,0
1968,1021,958.9938841659099,Online,0,Gujarat,41,125425.37818925019,0
1969,1027,524.0843642588773,POS,0,Tamil Nadu,22,66025.94865280774,1
1970,1019,934.9582966974989,Online,0,Delhi,19,130087.95340864536,0
1971,1032,604.1662644890916,Online,0,Gujarat,34,62396.84248747604,0
1972,1009,561.4649775516116,POS,0,Tamil Nadu,34,115627.7442985495,0
1973,1039,481.75859630758885,Online,0,Karnataka,37,34982.65307500768,0
1974,1031,248.82337345361387,POS,0,Gujarat,32,28086.071713878195,0
1975,1049,53.53367777715623,POS,0,Gujarat,21,115884.86774397841,1
1976,1032,279.43091551325824,POS,0,Tamil Nadu,28,67891.76781641043,0
1977,1001,534.2370130233869,POS,0,Maharashtra,40,71089.385639833,0
1978,1032,410.9619546467649,POS,0,Karnataka,18,94639.84411790998,1
1979,1032,476.0609666025021,POS,0,Karnataka,59,148293.12078567076,0
1980,1040,981.615808585847,POS,0,Tamil Nadu,64,42296.27423068971,1
1981,1012,382.7587521358612,POS,0,Delhi,21,58981.03021312639,0
1982,1029,479.5737923921025,POS,0,Delhi,55,104331.47471406884,0
1983,1032,176.83977378517858,Online,0,Maharashtra,19,111125.22973285489,0
1984,1012,95.55984581513826,POS,0,Maharashtra,62,111798.88367419856,0
1985,1025,786.6390388628699,Online,0,Tamil Nadu,44,97402.68485728023,0
1986,1021,592.1490163183797,POS,0,Delhi,51,96476.90237023825,0
1987,1038,772.6695657417002,Online,0,Karnataka,30,39253.903442610484,0
1988,1001,192.36965894222405,POS,0,Delhi,64,128501.29848100156,0
1989,1037,593.2373326235564,POS,0,Tamil Nadu,35,21156.455458357144,0
1990,1038,290.9603506243068,POS,0,Delhi,28,74285.04388881216,0
1991,1025,266.6587260550189,Online,0,Gujarat,22,48003.20273217094,0
1992,1045,60.949713350336,Online,0,Tamil Nadu,46,33564.18868550844,0
1993,1049,173.82368739061832,POS,0,Gujarat,42,61533.80463891568,0
1994,1014,343.80470592471056,Online,0,Tamil Nadu,31,105434.34807099399,1
1995,1033,161.0348225613921,POS,0,Karnataka,63,84620.7783408871,1
1996,1041,986.5655183903906,Online,0,Tamil Nadu,58,133558.36204359625,0
1997,1043,343.20101609775315,Online,0,Tamil Nadu,55,97959.10909524247,0
1998,1048,173.80774936721176,Online,0,Tamil Nadu,58,52907.42468197333,0
1999,1039,239.12819718655985,POS,0,Tamil Nadu,54,86978.72288782072,0
2000,1010,608.3180669244026,Online,0,Maharashtra,28,49560.15449339854,0
2001,1002,110.84134767154909,Online,0,Gujarat,61,43225.34176557558,0
2002,1005,869.312423634099,POS,0,Tamil Nadu,49,144152.66830477683,0
2003,1008,963.4246952752899,POS,0,Tamil Nadu,23,80844.26820518757,0
2004,1005,284.4100496340118,Online,0,Maharashtra,23,104657.05179568657,0
2005,1008,477.5905051613164,Online,0,Delhi,64,133546.19603464668,1
2006,1038,71.02772847802223,POS,0,Maharashtra,39,61883.09476491516,1
2007,1030,658.6747134908604,POS,0,Maharashtra,20,122573.28121453489,0
2008,1031,443.22975514995943,POS,0,Maharashtra,36,122547.50147228538,0
2009,1040,306.55554279647794,POS,0,Tamil Nadu,51,127121.54730047603,0
2010,1049,246.49525508577804,POS,0,Maharashtra,58,44630.39075515511,0
2011,1011,671.3219237758224,Online,0,Maharashtra,58,145169.2304519823,0
2012,1007,445.4061794806987,POS,0,Maharashtra,24,55721.568296286976,0
2013,1007,220.67632457841643,POS,0,Tamil Nadu,33,120985.92058173273,0
2014,1049,704.6536274124828,Online,0,Karnataka,55,41099.766950643156,0
2015,1027,586.818668884859,POS,0,Karnataka,26,140149.51761326974,0
2016,1019,865.7384521830213,POS,0,Delhi,30,75619.88870217712,0
2017,1046,161.60210393266826,POS,0,Tamil Nadu,51,106924.94874567981,1
2018,1006,796.3832718472333,Online,0,Maharashtra,63,130524.93676493378,0
2019,1010,689.8409474763961,POS,0,Maharashtra,54,56710.24709609588,1
2020,1019,159.26038998669293,POS,0,Maharashtra,60,70569.48162669451,0
2021,1015,710.0796933781347,POS,0,Karnataka,64,60740.59699310626,0
2022,1003,469.4699244358389,POS,0,Maharashtra,23,56773.16682436176,0
2023,1005,947.735546278051,Online,0,Maharashtra,55,86339.18847354552,0
2024,1021,184.53078308700435,Online,0,Karnataka,21,91076.84918208046,1
2025,1025,660.6917212749511,POS,0,Maharashtra,22,29986.95817470279,0
2026,1002,412.8810431897987,POS,0,Delhi,23,107528.07185724496,1
2027,1040,958.9739370613339,POS,0,Gujarat,30,74600.17056121561,0
2028,1041,363.47615052576265,POS,0,Delhi,63,135638.81421478093,0
2029,1013,964.0766140172102,POS,0,Tamil Nadu,41,135117.9141955878,0
2030,1010,906.4115585457116,POS,0,Delhi,45,113612.06183868238,0
2031,1017,306.8640735451235,POS,0,Delhi,30,130991.81444067159,0
2032,1011,813.3646879851063,Online,0,Karnataka,59,139926.83129285293,0
2033,1022,995.8239917133307,POS,0,Tamil Nadu,35,95052.75313977111,0
2034,1011,290.0298520627182,Online,0,Delhi,24,146347.826691991,1
2035,1012,464.9383108571537,Online,0,Gujarat,21,144201.85198068936,0
2036,1024,544.1716997384217,POS,0,Delhi,48,34284.746391697954,0
2037,1044,330.1845790136711,Online,0,Maharashtra,41,87958.15473769193,0
2038,1018,64.50159766372828,Online,0,Karnataka,39,34880.77036299852,0
2039,1045,259.12278198765034,Online,0,Maharashtra,38,108937.36344434773,1
2040,1035,317.8400401246705,POS,0,Tamil Nadu,59,119485.85216432631,0
2041,1044,471.4197162522778,Online,0,Tamil Nadu,43,135008.13561123746,1
2042,1007,212.54735449273178,Online,0,Karnataka,47,104501.24000458608,0
2043,1028,879.591638857089,POS,0,Delhi,52,79019.06081916954,1
2044,1031,719.6655760947693,POS,0,Tamil Nadu,40,40271.808525648026,0
2045,1043,130.9404536816789,Online,0,Gujarat,62,36263.51762131615,1
2046,1017,667.5878285829349,POS,0,Karnataka,57,83136.74752412521,0
2047,1005,670.9736525853394,POS,0,Maharashtra,47,128231.2012311831,0
2048,1017,958.4101149614463,Online,0,Gujarat,36,117593.43494995547,0
2049,1018,52.869827788353184,Online,0,Karnataka,49,134504.22896942048,0
2050,1021,285.5358273155168,Online,0,Gujarat,36,125428.72737295851,0
2051,1036,931.4019054065498,POS,0,Karnataka,39,46710.652246423895,0
2052,1031,935.5272196283689,Online,0,Maharashtra,21,46042.17335788163,0
2053,1040,734.5570984021056,Online,0,Delhi,62,79541.72909356642,0
2054,1002,777.4751549951629,POS,0,Karnataka,29,44850.2451906375,0
2055,1027,136.90881003316474,POS,0,Tamil Nadu,32,44371.65503329845,1
2056,1009,538.1820430393219,POS,0,Maharashtra,32,54811.26167152873,1
2057,1034,270.00384172454943,POS,0,Maharashtra,27,22933.73427710539,1
2058,1028,222.1571414329364,Online,0,Gujarat,36,94274.54636735679,0
2059,1014,819.7881341671659,Online,0,Tamil Nadu,25,71558.88106034487,1
2060,1032,178.28622984652006,Online,0,Gujarat,48,50861.45610091396,0
2061,1006,495.21905514656595,POS,0,Maharashtra,26,37449.10745993751,1
2062,1011,941.6493276067314,Online,0,Karnataka,46,79260.5347996564,0
2063,1048,226.54045278707542,POS,1,Tamil Nadu,24,98254.59068232522,1
2064,1029,979.0937525513228,POS,0,Maharashtra,25,146526.05333763134,0
2065,1020,994.5735864730061,POS,0,Tamil Nadu,58,52997.10260371771,0
2066,1030,577.8362969482828,Online,0,Karnataka,34,23423.538146454863,0
2067,1023,211.6356031683,POS,0,Delhi,32,115681.96388883454,0
2068,1019,350.29964354385083,Online,0,Gujarat,33,50572.044876299864,0
2069,1036,453.2681910427084,Online,0,Gujarat,24,82954.27617169003,0
2070,1003,343.8580131403118,Online,0,Maharashtra,59,125069.27591299264,0
2071,1027,316.60380088269,POS,0,Maharashtra,36,24806.990877595195,0
2072,1043,973.6182237555397,Online,0,Karnataka,55,38397.50333858798,0
2073,1019,195.69658604495837,Online,0,Maharashtra,42,32762.886393017718,0
2074,1023,746.6615132810191,POS,0,Maharashtra,29,50384.42912459107,0
2075,1049,50.38977496721613,Online,0,Maharashtra,49,42494.14488527547,0
2076,1048,616.373535932258,POS,0,Tamil Nadu,64,61158.23744619088,0
2077,1031,920.1458537563498,Online,0,Tamil Nadu,27,117019.59769497512,0
2078,1040,323.53738938855804,POS,0,Delhi,41,25504.686847303983,1
2079,1035,226.24967649483324,POS,0,Tamil Nadu,21,29589.30495028106,0
2080,1033,669.0958051345057,POS,0,Gujarat,60,93362.0977122945,0
2081,1035,726.9713369334735,POS,0,Delhi,54,87633.76799209778,0
2082,1001,703.6289930043822,POS,0,Maharashtra,62,81629.75953435176,0
2083,1014,353.35103602030534,Online,0,Gujarat,59,87068.16151723545,0
2084,1033,289.59228205136435,Online,0,Delhi,56,116465.05555298066,1
2085,1035,958.122859963942,Online,0,Delhi,60,94894.82500154828,0
2086,1005,927.134532856433,Online,0,Gujarat,21,79406.50831817789,1
2087,1038,484.4507793981793,POS,0,Delhi,53,30627.62930360339,0
2088,1041,853.8841728466548,POS,0,Gujarat,54,146720.2448165224,0
2089,1011,479.70730375258125,Online,0,Delhi,42,51113.37428828531,1
2090,1002,453.1695671688849,POS,0,Delhi,58,132990.52884837228,0
2091,1044,198.9248002193299,Online,0,Delhi,47,69267.10198281237,0
2092,1017,455.0857536673742,POS,0,Gujarat,18,108911.74393394597,1
2093,1039,560.5460916698166,POS,0,Delhi,46,79036.8627099994,1
2094,1020,71.37911105725215,Online,0,Tamil Nadu,33,66041.15772786451,0
2095,1014,471.9073549166361,Online,0,Tamil Nadu,54,99859.65662288977,0
2096,1032,792.2884074754403,POS,0,Tamil Nadu,54,89693.83409466146,0
2097,1034,696.0437535555563,Online,0,Tamil Nadu,24,50216.212905184046,0
2098,1025,653.3991394207383,Online,0,Tamil Nadu,57,63711.43385592088,0
2099,1007,914.0776570153424,Online,0,Maharashtra,50,24468.982523294413,0
2100,1035,67.13040933396852,Online,0,Delhi,39,45165.87172896906,1
2101,1047,579.1952068826224,POS,0,Karnataka,60,63658.29123326097,0
2102,1029,797.9814059892217,POS,0,Maharashtra,44,146375.77024896198,0
2103,1022,564.2686135662038,POS,0,Gujarat,46,88521.56151953152,0
2104,1041,357.7007749513602,POS,0,Maharashtra,33,111103.50894236955,0
2105,1043,179.43803683737897,Online,0,Karnataka,38,107568.04761421605,0
2106,1013,893.1849182253818,Online,1,Maharashtra,28,147515.43075170863,0
2107,1013,497.2242727682228,Online,0,Delhi,38,92236.48631275137,0
2108,1001,884.2094371364163,POS,0,Tamil Nadu,26,96114.27554876852,0
2109,1036,606.5595163115099,POS,0,Delhi,44,59009.12297147001,0
2110,1004,690.4825107842507,POS,0,Maharashtra,56,101395.31867550872,0
2111,1037,814.0480966595276,POS,0,Karnataka,39,118504.17485366459,0
2112,1044,676.1977673701276,Online,0,Gujarat,32,33422.939486892734,0
2113,1040,428.1520986449908,Online,0,Delhi,60,82416.21482608131,0
2114,1046,537.9517147322184,Online,0,Karnataka,40,74847.02649996869,1
2115,1013,812.8932484420859,POS,0,Gujarat,46,34765.984966157346,0
2116,1038,404.967781554335,POS,0,Tamil Nadu,56,64367.41240000927,1
2117,1024,418.7153839300722,POS,1,Delhi,33,89573.22322074808,1
2118,1019,140.9056102551011,POS,0,Delhi,20,104483.0189130014,0
2119,1001,918.8552134606604,POS,0,Tamil Nadu,33,57556.270104523894,0
2120,1038,136.48449919816966,POS,0,Tamil Nadu,25,81918.94689063891,0
2121,1005,665.7987185761281,Online,0,Maharashtra,43,115430.33095778394,0
2122,1016,442.5347548626578,POS,0,Gujarat,59,74892.20725894127,0
2123,1024,435.3384207426702,POS,0,Karnataka,26,142300.50515978847,0
2124,1027,695.5742447440497,POS,0,Tamil Nadu,52,23991.80076052285,0
2125,1001,113.7390459983848,Online,0,Maharashtra,24,53829.54360350597,1
2126,1034,614.0204938038629,Online,0,Gujarat,25,37340.86083285582,0
2127,1036,783.430196673737,POS,0,Gujarat,52,90367.78738626037,0
2128,1004,836.8021199922645,Online,0,Delhi,63,43058.55603602048,0
2129,1000,212.00386992408653,Online,1,Maharashtra,56,116439.2554304814,0
2130,1039,902.5480975742651,Online,0,Maharashtra,53,139385.5024168169,0
2131,1011,673.3387872550701,POS,0,Delhi,23,46935.95522839806,1
2132,1035,887.7620607796487,Online,0,Karnataka,24,137879.2039937409,0
2133,1044,511.01668125468836,Online,0,Tamil Nadu,29,102128.17951296072,0
2134,1022,564.931677842342,Online,0,Delhi,56,45502.18409762112,0
2135,1046,923.0863631772376,POS,0,Tamil Nadu,18,115750.91219849754,0
2136,1030,904.9140661869382,Online,0,Maharashtra,60,31813.577864648585,0
2137,1010,475.7528297005519,POS,0,Delhi,60,109979.26928907052,0
2138,1009,310.6920000538977,Online,0,Karnataka,42,131963.9718306471,1
2139,1002,423.51191283605095,POS,0,Tamil Nadu,29,143548.8826122955,0
2140,1013,418.37611210326224,POS,0,Tamil Nadu,44,27089.045257735634,0
2141,1015,322.52353123365424,POS,0,Tamil Nadu,40,28051.62646675829,0
2142,1009,305.1506241163182,POS,0,Maharashtra,36,140952.63548335,0
2143,1028,868.0097896557335,POS,0,Tamil Nadu,38,122647.03438658637,0
2144,1009,116.36882465042859,Online,0,Gujarat,38,120654.7316712786,0
2145,1011,693.7306229946145,Online,0,Tamil Nadu,41,116540.82480967486,0
2146,1029,214.1790488836297,Online,0,Maharashtra,30,113252.85006937545,0
2147,1040,377.28059872436006,POS,0,Delhi,59,99718.97417970297,0
2148,1000,108.46588242809501,POS,0,Tamil Nadu,53,125656.2057885341,0
2149,1004,306.47495501268895,POS,0,Tamil Nadu,32,24442.41210127923,0
2150,1019,780.00001756138,Online,1,Delhi,18,116239.27411128256,0
2151,1007,890.7645583198957,POS,0,Gujarat,51,95779.27499034628,0
2152,1042,260.45079430724866,POS,0,Maharashtra,59,137969.6819281956,0
2153,1011,490.37044729597574,POS,0,Delhi,48,141728.5993002624,0
2154,1000,496.8078455403461,POS,0,Maharashtra,49,51372.96607843031,0
2155,1019,879.8965404717475,Online,0,Delhi,53,122629.81108118063,0
2156,1027,774.6591002320151,POS,0,Karnataka,46,144409.83454881015,0
2157,1042,537.4233574496474,POS,0,Gujarat,27,54664.43717552481,0
2158,1036,687.2098404481848,POS,0,Karnataka,38,130641.01660022151,0
2159,1046,854.9873012138985,POS,0,Delhi,53,96248.85544210993,0
2160,1036,59.0620063242677,Online,0,Delhi,41,71349.37415453768,0
2161,1011,432.74552949754616,POS,0,Maharashtra,44,127069.22174471353,1
2162,1036,911.8810089132247,Online,0,Delhi,38,133138.87799141463,1
2163,1048,753.2973793017538,Online,0,Maharashtra,35,56744.084870380495,0
2164,1048,565.6993056173709,POS,0,Maharashtra,21,123280.18506881918,0
2165,1043,553.1623006833768,POS,0,Delhi,64,26455.992689063976,0
2166,1027,380.38159272421586,Online,0,Maharashtra,35,74296.1357560584,0
2167,1046,544.4945069594388,POS,0,Gujarat,26,29072.084187747227,0
2168,1014,672.6140394902806,POS,0,Karnataka,47,58198.63303853052,0
2169,1005,447.44488650735343,Online,0,Delhi,52,143547.4427913247,0
2170,1043,728.4454890725652,Online,0,Maharashtra,62,115515.86826936726,0
2171,1019,868.1706158973666,Online,0,Maharashtra,47,118227.9374938753,0
2172,1049,196.9506057756181,Online,0,Maharashtra,56,37483.22974593514,1
2173,1013,478.9696716765532,Online,0,Maharashtra,63,95229.16752422287,0
2174,1001,437.61908672082706,Online,0,Gujarat,23,70548.60543930356,0
2175,1008,703.0915638472417,POS,0,Delhi,31,115443.4200951068,0
2176,1036,287.3740919950329,POS,0,Delhi,63,40421.14222428311,0
2177,1019,658.2383692046625,POS,0,Gujarat,46,56649.76255875895,0
2178,1025,883.6147796449136,POS,0,Gujarat,49,136814.46068479674,0
2179,1028,447.22501980394156,POS,0,Gujarat,31,42071.35015466901,0
2180,1000,915.4649149802591,POS,0,Delhi,37,102213.5614380467,0
2181,1034,993.5055519868044,POS,0,Tamil Nadu,26,60969.74429452911,1
2182,1005,150.78744745055445,POS,0,Karnataka,29,30645.087202828458,0
2183,1036,271.4005285856157,POS,0,Gujarat,31,49078.71085349982,0
2184,1004,952.8607639079885,Online,0,Gujarat,40,133023.21300377575,0
2185,1032,960.4113021573174,Online,0,Delhi,51,138371.44509137783,0
2186,1048,142.82191161742057,POS,0,Delhi,33,74578.36711817334,0
2187,1013,64.24857535827985,POS,0,Karnataka,35,100717.12167711991,0
2188,1011,203.04502209360115,Online,0,Maharashtra,58,87664.75257010573,0
2189,1041,996.2121442131358,Online,0,Delhi,57,56360.22686664014,0
2190,1019,220.99963578015252,Online,0,Karnataka,50,64823.39139152543,0
2191,1049,527.420226385922,POS,0,Delhi,22,88486.66357675698,0
2192,1023,855.9968401089855,Online,0,Delhi,56,110397.06593483285,0
2193,1042,69.38153015379602,Online,0,Delhi,27,65481.30241254203,0
2194,1033,624.2645331455365,Online,0,Tamil Nadu,39,110858.93377152263,0
2195,1024,313.1741764261431,POS,0,Tamil Nadu,60,144927.5061969559,1
2196,1049,869.218170617745,Online,0,Gujarat,61,23192.430499213064,0
2197,1028,319.28809180087524,POS,0,Tamil Nadu,50,41298.81380263281,0
2198,1038,702.4179342678135,Online,0,Karnataka,48,139115.25704374464,0
2199,1030,690.5086508250271,Online,0,Delhi,23,29304.062307189088,0
2200,1046,260.418871416658,POS,0,Tamil Nadu,53,119456.07776847614,0
2201,1042,83.05923987493262,Online,0,Delhi,20,101117.17282178871,0
2202,1049,438.7870950961274,Online,0,Maharashtra,21,26201.117534494835,0
2203,1022,324.7334943675762,Online,0,Gujarat,44,20094.570459329985,0
2204,1043,818.5288621330232,POS,0,Tamil Nadu,55,85259.88853072544,0
2205,1037,810.345979032578,POS,1,Delhi,42,35254.90535398152,0
2206,1019,484.17275458299423,POS,0,Maharashtra,54,133388.02270089864,0
2207,1022,626.186614057058,Online,0,Gujarat,44,82500.70562171085,0
2208,1044,624.0465401875789,POS,0,Gujarat,58,50477.714966628715,0
2209,1015,835.8002410062422,Online,0,Maharashtra,53,41866.63470602236,0
2210,1049,453.7522934170376,Online,0,Tamil Nadu,63,128650.4403351788,0
2211,1041,311.67434580098364,Online,0,Tamil Nadu,64,113436.03871133682,0
2212,1007,301.7831722335201,Online,0,Delhi,53,113335.16046295062,0
2213,1049,559.3826653180939,Online,1,Karnataka,63,31089.87719970312,0
2214,1020,476.6907925956019,Online,0,Delhi,59,101187.31402702793,0
2215,1000,468.11473243568935,Online,0,Delhi,24,133032.73580701236,0
2216,1007,136.58047213522187,Online,0,Delhi,47,119567.08176817276,0
2217,1028,732.6735536556859,POS,0,Maharashtra,64,35360.36917121974,0
2218,1031,253.04985358281516,POS,0,Gujarat,46,143406.318042279,0
2219,1037,237.1059486982853,Online,0,Gujarat,57,29065.46845327688,0
2220,1004,442.12040426352377,POS,0,Karnataka,58,92397.56101182886,0
2221,1046,266.38942453691135,POS,0,Tamil Nadu,22,142851.60319157946,0
2222,1021,604.6653539426146,POS,0,Delhi,23,126893.3747167679,0
2223,1046,402.89017236774794,Online,0,Maharashtra,61,108507.7693098564,0
2224,1033,476.4661364631506,POS,0,Maharashtra,24,131324.67642911,1
2225,1000,560.3108555238274,Online,0,Delhi,56,107526.570989695,1
2226,1025,243.3587463577146,POS,0,Maharashtra,49,27143.345918818966,0
2227,1042,197.9640417222533,POS,0,Maharashtra,32,65613.3529012818,0
2228,1009,886.4008077299245,POS,0,Delhi,30,75525.92870366125,0
2229,1029,462.03751768985,Online,0,Karnataka,35,91029.04392743358,0
2230,1049,441.4889291509122,Online,0,Maharashtra,27,49853.25706650631,1
2231,1017,83.83154275919941,Online,0,Gujarat,57,134552.41458169554,0
2232,1016,523.0774874580236,Online,0,Gujarat,28,49731.08614079375,0
2233,1025,576.46123553045,Online,0,Gujarat,57,105487.17637600991,0
2234,1007,580.8988274069332,Online,0,Delhi,57,133958.96645102435,0
2235,1046,721.6796108567402,Online,0,Gujarat,64,115265.69755667639,0
2236,1039,218.60774324146118,Online,0,Tamil Nadu,19,37681.64211866082,0
2237,1048,289.6119775190879,Online,0,Maharashtra,44,143681.2440562576,0
2238,1011,820.1939419688921,POS,0,Karnataka,62,31949.155493700666,0
2239,1026,949.8120860012243,POS,0,Gujarat,61,46008.741164211126,1
2240,1007,179.1361099989546,Online,0,Delhi,25,38101.602223005175,0
2241,1024,522.7670767799573,POS,0,Karnataka,55,106699.21710370551,0
2242,1045,253.4674401026075,POS,1,Delhi,33,124963.30972062325,0
2243,1003,107.06950993723332,Online,0,Karnataka,41,50942.06209599502,0
2244,1032,359.22817121982865,Online,0,Karnataka,40,147302.30364358303,0
2245,1000,186.5032439250021,POS,0,Maharashtra,31,38101.69301020425,0
2246,1018,724.436419762534,Online,0,Karnataka,44,61062.90690965832,0
2247,1030,557.0391429878722,POS,0,Tamil Nadu,27,83740.20032891828,1
2248,1015,186.64274744079535,Online,0,Tamil Nadu,45,125150.18662703941,1
2249,1013,58.77950898523865,POS,0,Tamil Nadu,42,68950.52903584504,0
2250,1047,817.7491965730021,Online,1,Delhi,19,43386.52542353234,0
2251,1004,217.38468585603516,POS,0,Maharashtra,62,80441.71347029688,1
2252,1040,625.9058101097277,POS,0,Delhi,50,81944.38760533936,0
2253,1025,370.0758174229083,POS,0,Gujarat,63,22106.67614642252,0
2254,1027,606.2116413992838,POS,0,Tamil Nadu,52,22715.491198598604,0
2255,1001,349.87094563320784,Online,0,Maharashtra,64,56093.044027871205,0
2256,1049,132.59258265764146,POS,0,Tamil Nadu,58,116358.70670453011,0
2257,1005,261.80250812986594,Online,0,Maharashtra,30,67578.73880912614,0
2258,1008,228.6556381551218,POS,0,Delhi,22,47456.57017672181,0
2259,1032,456.61838481766165,Online,0,Delhi,22,34686.70277836505,0
2260,1040,675.3695942548495,POS,0,Tamil Nadu,39,56467.889637588196,0
2261,1024,300.61577119903967,Online,0,Karnataka,51,82587.09866477267,0
2262,1047,61.46643853558705,POS,0,Maharashtra,18,32139.33123866547,0
2263,1012,542.9904960515191,POS,0,Gujarat,34,21941.411522916875,0
2264,1008,625.4715148910235,Online,0,Karnataka,26,36549.91544994943,0
2265,1012,964.7269693017192,POS,0,Delhi,27,115937.33861346504,0
2266,1030,609.9972629385845,POS,0,Maharashtra,32,80620.26585961733,0
2267,1040,497.61393140923474,POS,0,Karnataka,62,77871.74185880595,0
2268,1010,594.7315446028186,POS,0,Gujarat,46,22567.84125159382,1
2269,1003,931.5055983689257,Online,0,Karnataka,42,112422.78248126619,0
2270,1033,836.9592383215639,POS,0,Gujarat,38,46248.15561679705,0
2271,1037,356.8297966956176,Online,0,Delhi,34,31812.516207909008,0
2272,1045,275.3916454742804,Online,0,Maharashtra,44,129464.27757925059,0
2273,1003,299.50193174776996,Online,0,Delhi,45,83129.03424275888,0
2274,1037,529.1999877294523,Online,0,Maharashtra,40,117361.30057138244,0
2275,1018,756.846978667149,POS,0,Karnataka,56,126845.03649336012,0
2276,1005,528.058246823814,POS,0,Delhi,53,145400.20673431235,0
2277,1033,114.40657603670695,Online,0,Maharashtra,20,101080.93474789664,0
2278,1017,737.4016654179819,POS,0,Gujarat,50,28876.144487084865,0
2279,1012,815.6716222374062,POS,0,Maharashtra,24,92499.4667036791,0
2280,1040,325.0229718637337,Online,1,Delhi,22,86237.94296785827,0
2281,1022,680.9194523191828,Online,0,Delhi,43,27483.293760240667,0
2282,1018,455.2623060016737,Online,0,Karnataka,34,59819.26784690332,0
2283,1044,894.6633879410707,POS,0,Gujarat,34,73583.14002426947,0
2284,1010,852.9642802527029,Online,0,Maharashtra,64,40926.79298639956,0
2285,1000,549.1603983941602,Online,0,Delhi,20,21139.013614953146,0
2286,1023,706.9302685229147,POS,0,Maharashtra,20,118407.17087284537,0
2287,1006,889.1822159709988,POS,0,Tamil Nadu,51,130712.47349609676,0
2288,1024,520.9311595743618,POS,0,Gujarat,25,49783.2147105824,0
2289,1020,347.58820346438085,POS,0,Gujarat,62,20494.043949478924,1
2290,1014,765.9828310141022,POS,0,Tamil Nadu,23,135691.8031667116,0
2291,1000,259.0629420454572,POS,0,Gujarat,54,37414.79761338091,0
2292,1011,419.10459060573993,POS,0,Tamil Nadu,62,72419.823174604,0
2293,1006,872.440875251454,POS,0,Maharashtra,39,67575.61218137265,1
2294,1014,738.2012232558493,Online,0,Tamil Nadu,50,41353.9820759514,1
2295,1020,433.6204549851243,POS,0,Karnataka,24,97845.3730344611,0
2296,1018,254.00727728793953,Online,0,Tamil Nadu,57,139410.47171384413,0
2297,1028,388.1699712906247,POS,0,Maharashtra,36,86784.03338789576,0
2298,1024,319.89894176606134,POS,0,Gujarat,63,146478.61027939478,0
2299,1032,217.28482354666122,Online,0,Karnataka,27,44800.328717934244,0
2300,1048,756.1662678873738,POS,0,Tamil Nadu,40,130305.30600714812,0
2301,1031,289.46639250766293,Online,0,Maharashtra,19,53398.05024749211,1
2302,1048,481.45909665937563,POS,0,Karnataka,38,52570.39597789793,0
2303,1034,416.56647449430363,Online,0,Karnataka,41,35299.88927676251,0
2304,1043,982.9735097038492,Online,0,Karnataka,30,132272.29086903617,0
2305,1037,421.5376319408095,POS,0,Tamil Nadu,22,114257.63506559971,0
2306,1025,125.98335865691706,Online,0,Maharashtra,35,64415.38836801088,0
2307,1010,135.33446494347982,Online,0,Maharashtra,28,65424.185243557695,0
2308,1034,611.2160352854115,POS,0,Maharashtra,54,129823.29953309592,0
2309,1007,619.3953741513524,POS,0,Delhi,49,140585.62592778634,0
2310,1045,447.82104095852225,Online,0,Gujarat,45,98315.36841509097,0
2311,1013,460.2515076964282,POS,0,Maharashtra,39,72889.11609248581,0
2312,1009,101.23595369882764,Online,0,Delhi,62,26908.67068777504,0
2313,1001,540.7191848697992,Online,0,Delhi,45,36453.45192316109,0
2314,1045,529.5025016113341,Online,0,Karnataka,18,38432.41693763749,0
2315,1008,192.0718526290973,POS,0,Gujarat,23,55984.434789510095,0
2316,1002,148.6474168053812,POS,0,Karnataka,28,53414.13697371704,0
2317,1020,167.39386606951598,Online,0,Gujarat,59,90574.61421934217,0
2318,1025,145.9768341666956,Online,0,Karnataka,50,142732.98446395487,0
2319,1007,629.2227857599219,Online,0,Tamil Nadu,33,132015.93284264416,0
2320,1047,236.6585197827727,POS,0,Gujarat,30,86191.19048613538,0
2321,1001,288.8586445780903,Online,0,Delhi,38,22248.773772392968,0
2322,1005,214.89353694386776,POS,0,Delhi,64,28891.85742172273,0
2323,1027,959.9435392260779,Online,0,Gujarat,56,131845.61792499846,0
2324,1028,861.8865899942436,Online,0,Karnataka,63,56871.90345688987,0
2325,1025,268.9700954839449,Online,0,Tamil Nadu,41,61351.754301495625,1
2326,1024,361.1879792260197,Online,0,Tamil Nadu,60,38171.06930372596,1
2327,1011,249.3982001897473,POS,0,Maharashtra,44,49004.744000143546,1
2328,1004,517.2821614877826,POS,0,Gujarat,62,52134.461906896424,0
2329,1033,68.63000585054091,POS,0,Tamil Nadu,54,73572.15048549406,0
2330,1047,687.7996084519559,POS,0,Karnataka,20,101008.91649238968,0
2331,1036,547.0002423267596,POS,1,Karnataka,29,65910.29088151523,0
2332,1014,903.7069818860481,Online,0,Delhi,24,78482.22470366838,0
2333,1043,206.17305011199343,POS,0,Tamil Nadu,37,43647.012601828625,0
2334,1035,813.9037837580751,POS,0,Tamil Nadu,32,27330.6619108934,0
2335,1014,802.36296374338,POS,0,Karnataka,18,65271.2489748288,0
2336,1042,170.82212975604259,POS,0,Delhi,27,28123.89028962763,0
2337,1047,428.6312629369212,Online,0,Tamil Nadu,31,58963.617915657946,0
2338,1022,211.64500908729104,Online,0,Karnataka,32,128887.84249475773,0
2339,1005,291.9844754346715,Online,0,Delhi,51,67701.00961626378,0
2340,1045,300.08386608901714,POS,0,Delhi,42,45124.029522794815,0
2341,1049,578.4245743244841,Online,0,Karnataka,48,137268.7806447175,0
2342,1043,440.8403851724422,Online,0,Delhi,27,103115.41450453253,0
2343,1042,950.34616380599,POS,0,Delhi,54,148472.73420062417,0
2344,1044,170.05163484965487,POS,0,Maharashtra,23,59032.68452869122,1
2345,1020,975.0075281076888,POS,0,Delhi,23,46047.97958867799,1
2346,1022,269.10670820355074,Online,0,Tamil Nadu,45,58732.236806602836,1
2347,1042,784.2302395627604,POS,0,Delhi,55,125624.00669996679,0
2348,1015,372.02142986418033,Online,0,Tamil Nadu,31,39698.70876899751,0
2349,1046,185.92732564644822,Online,0,Karnataka,30,51340.17973065385,0
2350,1014,864.9947259839279,Online,0,Delhi,30,111212.28466522004,1
2351,1024,343.41785427464004,Online,0,Karnataka,27,115940.056079101,0
2352,1035,675.9126340155001,Online,0,Gujarat,33,144649.3740889112,0
2353,1010,588.1215008322953,POS,0,Delhi,56,147419.71798845433,0
2354,1014,498.1684939213306,Online,0,Karnataka,52,106259.04547229319,0
2355,1003,521.0284990161122,Online,0,Gujarat,32,67163.30072006318,1
2356,1020,745.6260183876732,Online,0,Tamil Nadu,40,78891.84163924813,0
2357,1012,133.38426841726854,Online,0,Tamil Nadu,54,77104.80240721337,0
2358,1021,684.7716288600099,Online,0,Tamil Nadu,25,70359.13698814227,0
2359,1018,901.0214963286497,POS,0,Tamil Nadu,43,63971.87932986255,0
2360,1033,104.89878716887094,Online,0,Tamil Nadu,39,41827.0425612459,0
2361,1013,183.6206722719834,Online,0,Maharashtra,22,67600.67487020709,1
2362,1003,730.8003398669298,Online,0,Karnataka,51,145999.86546287552,0
2363,1047,465.4175658323867,Online,0,Gujarat,44,134680.32459969516,0
2364,1045,433.37118977300395,POS,0,Gujarat,36,100252.46277031339,0
2365,1026,180.11830281702407,Online,0,Delhi,60,45064.77748452084,1
2366,1028,531.4315386818987,Online,0,Karnataka,60,134226.4165134582,0
2367,1046,170.21804563655837,Online,0,Maharashtra,52,60542.57995231579,0
2368,1027,502.7894334950134,Online,0,Maharashtra,62,90942.93316149025,1
2369,1034,775.4345340135739,POS,0,Karnataka,37,138533.32241144177,0
2370,1007,295.3511399928053,POS,0,Tamil Nadu,64,63509.713724205416,0
2371,1015,506.7468597707409,POS,0,Tamil Nadu,55,138734.5553894079,0
2372,1041,992.4151709269939,Online,0,Karnataka,30,50566.68652808161,0
2373,1035,702.3179021863353,POS,0,Gujarat,35,140731.40349793594,1
2374,1029,849.2889327399387,POS,0,Tamil Nadu,35,66626.51139209894,0
2375,1017,444.1052262325185,POS,0,Delhi,18,68698.1571462676,0
2376,1001,779.4678769695626,POS,0,Maharashtra,49,91891.02981394266,0
2377,1048,88.48371429425575,POS,0,Tamil Nadu,42,65113.44148918597,0
2378,1012,166.76562341513272,Online,0,Gujarat,38,78497.71354983977,0
2379,1003,242.91706327405902,POS,0,Tamil Nadu,44,85172.1167686759,0
2380,1025,431.8543283844586,POS,0,Tamil Nadu,28,83832.54131539352,0
2381,1024,853.457634409475,POS,0,Maharashtra,18,144944.22920377034,0
2382,1029,378.95274824853396,Online,0,Delhi,36,56632.498864030924,0
2383,1010,671.8901338396897,Online,0,Delhi,49,56995.34537866307,0
2384,1006,723.8485800633092,POS,0,Gujarat,25,128929.81969029494,0
2385,1030,606.8732363839243,Online,0,Karnataka,36,70961.14944042295,0
2386,1043,389.3798697616294,Online,0,Karnataka,33,29515.628708366174,0
2387,1009,598.2006746278671,POS,0,Karnataka,52,82563.01728249484,0
2388,1038,375.1523131502589,Online,0,Gujarat,19,91529.75887804391,0
2389,1012,129.68005162441148,POS,0,Tamil Nadu,29,100300.05550482644,0
2390,1030,993.1637792767136,POS,0,Delhi,46,50562.12363585668,0
2391,1006,170.82333095088535,POS,0,Delhi,27,146523.7270467906,0
2392,1048,118.73096464425448,Online,0,Tamil Nadu,39,115812.37532054058,0
2393,1041,884.6042117467981,POS,0,Delhi,51,113618.2909051582,0
2394,1041,336.74292784825036,POS,0,Delhi,38,133473.42029731878,0
2395,1035,667.7821253698322,Online,0,Karnataka,54,23396.5833934627,0
2396,1019,362.5554431791212,POS,0,Karnataka,22,99708.48974010012,0
2397,1003,421.8815572547476,Online,0,Maharashtra,23,126318.79815626268,0
2398,1006,299.00732341595665,Online,0,Maharashtra,49,24468.586854833364,1
2399,1000,375.8918055033597,POS,0,Delhi,20,118298.94284034341,0
2400,1043,440.16538055721594,Online,0,Karnataka,27,148660.64251804625,0
2401,1044,734.3952656377257,POS,0,Maharashtra,22,97143.34545339478,0
2402,1041,535.9593845230522,Online,0,Maharashtra,41,75210.01068551122,0
2403,1046,946.3869562991281,Online,0,Karnataka,37,78969.08745966115,0
2404,1012,89.78637414683674,Online,0,Maharashtra,54,108332.50094931915,0
2405,1021,527.9149065004267,Online,0,Tamil Nadu,48,94094.2489919061,1
2406,1020,605.0135493901322,POS,0,Tamil Nadu,64,122384.13074830428,0
2407,1021,924.1871367705602,POS,0,Karnataka,34,74812.88306689187,0
2408,1027,96.7005974403562,Online,0,Karnataka,41,74252.2046605239,1
2409,1008,594.8246056884552,POS,0,Maharashtra,35,116975.49894813144,0
2410,1025,860.9484321015592,POS,0,Delhi,43,103917.42726128615,0
2411,1008,279.83134171327475,POS,0,Gujarat,59,121152.74429696827,0
2412,1014,882.4777310977406,POS,0,Tamil Nadu,24,135331.28417353152,0
2413,1009,68.09123881057724,POS,0,Tamil Nadu,60,54242.75978602574,0
2414,1023,745.8318976770432,POS,0,Karnataka,31,60954.66326430475,0
2415,1041,936.4575601102204,POS,0,Delhi,58,88503.59641300124,1
2416,1007,674.3377785580591,Online,0,Karnataka,19,140958.8628050384,0
2417,1023,467.0777817814256,POS,0,Maharashtra,47,128509.42697578951,0
2418,1015,92.63696564908213,Online,0,Delhi,34,80897.94350345514,0
2419,1048,924.1081226564974,Online,0,Maharashtra,37,94505.45540954803,0
2420,1025,496.78141155699603,Online,0,Tamil Nadu,27,112600.31607205249,0
2421,1026,77.5469071191506,POS,0,Karnataka,41,87948.41107529159,0
2422,1036,705.3300177623238,POS,1,Karnataka,61,32798.33372077279,0
2423,1003,507.74539089744525,Online,0,Gujarat,29,65855.78236654989,1
2424,1049,168.1280515702902,Online,0,Delhi,44,26189.595601629142,0
2425,1023,253.5582188447466,POS,0,Tamil Nadu,32,107082.4963229343,0
2426,1018,111.26614643305396,POS,0,Gujarat,26,63826.09195992737,1
2427,1035,595.5788627231449,POS,0,Gujarat,35,115987.15019194785,0
2428,1038,640.9280052894088,Online,0,Karnataka,24,75862.3213353118,0
2429,1009,530.4551834376721,Online,0,Delhi,45,25926.482549762917,0
2430,1024,826.2470263524842,POS,0,Karnataka,63,69350.0847124951,1
2431,1017,867.9583802426129,POS,0,Delhi,53,48430.29268311662,0
2432,1018,634.8431768489703,Online,0,Gujarat,20,47857.79760338181,0
2433,1035,62.11865572205902,POS,0,Maharashtra,61,69089.27866486463,0
2434,1009,710.4681729603489,POS,0,Tamil Nadu,33,147182.42034309695,0
2435,1032,447.099256074334,Online,0,Gujarat,53,144809.00320573786,1
2436,1049,587.2796090650677,Online,0,Karnataka,21,124449.04973523234,0
2437,1004,666.6265719179402,Online,0,Tamil Nadu,52,51910.742537936414,0
2438,1046,382.7247836107229,Online,0,Gujarat,26,119310.78345478569,0
2439,1048,921.2435799132045,POS,0,Delhi,63,21997.248309559214,0
2440,1034,177.27612341229215,Online,0,Karnataka,29,27325.377358612415,0
2441,1043,687.9362169169856,POS,0,Gujarat,27,128645.25957864935,1
2442,1033,54.141600958751404,POS,0,Delhi,63,93350.75820271153,0
2443,1032,928.4185501349218,POS,0,Delhi,61,68529.9977539065,0
2444,1020,156.87892657618693,Online,0,Delhi,61,116259.58678266256,0
2445,1016,140.1400186401959,Online,0,Tamil Nadu,19,34867.18788549141,1
2446,1021,366.35725139963205,POS,0,Karnataka,36,57269.23996153936,0
2447,1047,404.8879717371266,POS,0,Delhi,30,114589.11308963544,0
2448,1036,253.5850687067347,Online,0,Gujarat,59,46931.946981391666,0
2449,1014,605.8655778807685,POS,0,Delhi,50,98083.54201426823,1
2450,1034,470.7683931398654,POS,0,Karnataka,18,78196.22256218057,0
2451,1027,82.46680958903305,POS,0,Tamil Nadu,45,46307.29713591114,0
2452,1006,353.6694591425356,POS,0,Delhi,57,135489.75227491546,0
2453,1031,819.911267894512,POS,0,Gujarat,23,76618.58270475548,0
2454,1010,705.2164581187751,POS,0,Karnataka,20,97849.19682896676,1
2455,1009,738.6273109008864,POS,0,Delhi,62,52894.89260008527,0
2456,1008,713.2110778793474,POS,0,Tamil Nadu,42,65084.64415316551,0
2457,1013,345.42437031388164,Online,0,Maharashtra,61,26367.89901104857,0
2458,1012,144.68072597293707,Online,0,Gujarat,33,82817.86323995591,0
2459,1024,308.8438248314412,POS,0,Delhi,60,64829.98959679802,0
2460,1001,840.1960351759013,POS,0,Delhi,21,62822.49023920442,1
2461,1034,981.4472578939176,Online,0,Maharashtra,25,135692.62781168884,0
2462,1006,519.1546640044833,Online,0,Karnataka,56,111503.08676799455,0
2463,1020,59.21533717689011,Online,0,Maharashtra,33,79447.63844474342,0
2464,1017,183.0425715275176,POS,0,Karnataka,61,45395.65694454209,0
2465,1002,355.9765465504525,Online,0,Delhi,55,146522.68257930462,1
2466,1041,599.6560811633022,Online,0,Maharashtra,40,29719.487781144126,0
2467,1038,121.33896351504828,POS,0,Delhi,23,37693.78457402224,0
2468,1040,946.1894337743876,Online,1,Maharashtra,60,55141.80010384949,0
2469,1048,396.8294896201807,POS,0,Delhi,61,144088.68619232712,0
2470,1010,916.9550070285819,Online,0,Delhi,33,56254.673688643714,0
2471,1038,791.4957126191707,Online,0,Delhi,33,83885.4218578607,0
2472,1023,767.665408889802,Online,0,Tamil Nadu,40,118951.41478047999,0
2473,1045,626.3836007931204,Online,0,Maharashtra,33,140794.13238310098,0
2474,1018,645.4446261992524,Online,0,Tamil Nadu,53,98661.70120499699,0
2475,1003,656.1030734554357,POS,0,Delhi,29,69956.06235788396,0
2476,1025,647.285317674303,POS,0,Gujarat,54,148116.12450784637,0
2477,1037,576.0418198284432,Online,0,Karnataka,26,23401.141268733933,0
2478,1041,987.0933175587445,POS,0,Maharashtra,35,128182.5116380483,0
2479,1031,745.6760390544113,Online,0,Maharashtra,26,56065.87651610498,0
2480,1038,788.0990689728951,Online,0,Karnataka,38,126268.7356475986,0
2481,1044,878.8396743294904,Online,0,Tamil Nadu,18,41081.694174662145,0
2482,1045,254.85777458955673,Online,0,Karnataka,40,65086.39395483513,0
2483,1035,129.61395114030773,Online,0,Gujarat,22,27276.27249203929,0
2484,1039,508.7497147686687,POS,0,Delhi,36,45950.89329096746,0
2485,1036,538.3766608383096,POS,0,Karnataka,52,98363.00373046515,0
2486,1032,837.7226909524218,POS,0,Karnataka,50,118995.26732576973,0
2487,1035,471.5944003182189,POS,0,Delhi,63,138459.4832559494,0
2488,1002,592.3103742670971,Online,0,Maharashtra,35,35559.11977864534,0
2489,1008,550.7173915877854,POS,0,Gujarat,57,38274.470798048016,0
2490,1007,86.29264456952151,Online,0,Karnataka,31,142040.8216671953,1
2491,1032,634.4541517670683,Online,0,Karnataka,37,119576.70571198686,0
2492,1005,836.6411214855397,POS,0,Maharashtra,30,90167.68928192451,0
2493,1040,199.62552067201364,POS,0,Gujarat,33,81974.32347498683,0
2494,1038,614.615147230266,Online,0,Delhi,58,40503.06963744063,0
2495,1003,613.9300172240936,Online,0,Delhi,48,69309.17398974569,0
2496,1012,205.9757158535408,Online,0,Tamil Nadu,56,68438.62022763092,0
2497,1048,167.29039504419922,POS,0,Gujarat,52,104285.04433088633,0
2498,1001,981.0493458276605,Online,0,Gujarat,37,97857.6445738339,0
2499,1004,424.0332111703857,Online,0,Karnataka,18,27762.43388314051,0
2500,1043,266.05064228735284,Online,0,Tamil Nadu,57,130302.41813713308,0
2501,1026,212.7583172316562,Online,0,Delhi,63,141881.2049079113,0
2502,1031,684.2216279040733,POS,0,Gujarat,30,121427.0896109975,0
2503,1020,628.9730324609149,POS,0,Gujarat,24,43189.96937072568,0
2504,1007,661.3745168380466,Online,0,Maharashtra,62,42381.88282347891,1
2505,1037,133.60572613587965,POS,0,Delhi,39,114394.58147040237,1
2506,1007,898.8578543235151,Online,0,Maharashtra,24,77312.79007160166,0
2507,1049,419.80307696859586,POS,0,Tamil Nadu,37,121244.50120593011,0
2508,1002,347.70093610884004,POS,0,Gujarat,54,29812.271460748034,0
2509,1043,489.24337488535224,POS,0,Tamil Nadu,53,113136.74374037566,0
2510,1002,420.56276246024686,POS,0,Maharashtra,21,75132.47440294249,0
2511,1021,870.3981529821885,Online,0,Delhi,23,24028.03590581035,0
2512,1005,932.7979264379975,Online,0,Gujarat,63,90870.5342986594,0
2513,1001,338.2805556271259,Online,0,Delhi,20,110874.66056216453,0
2514,1022,870.739017086957,POS,0,Tamil Nadu,20,88671.1407812874,0
2515,1043,792.4469730564138,POS,0,Karnataka,20,35974.39245206989,0
2516,1001,934.2672887275237,Online,0,Delhi,53,126068.1856919534,0
2517,1037,283.4627965765934,POS,0,Delhi,26,61221.02796305116,0
2518,1016,598.1111926149301,POS,0,Delhi,33,139789.78290029996,0
2519,1034,310.8173555034224,Online,0,Gujarat,33,137893.80932458246,0
2520,1033,832.8897659601555,POS,0,Tamil Nadu,29,46047.117919764365,0
2521,1022,55.057981042511045,Online,0,Tamil Nadu,55,81927.49983298985,0
2522,1029,586.5782047420763,POS,0,Gujarat,37,37857.51810790348,0
2523,1007,372.2432597083221,Online,0,Delhi,48,108107.10863122155,0
2524,1021,356.5495217239292,POS,0,Delhi,47,130749.20285326512,0
2525,1043,662.6610076716711,POS,0,Karnataka,38,104288.52822532401,0
2526,1035,858.9102268482942,POS,0,Delhi,20,53861.730349915386,0
2527,1004,628.7356218236599,POS,0,Maharashtra,38,29920.91682291909,0
2528,1012,860.5143297143863,POS,0,Delhi,45,29003.861922932876,0
2529,1028,301.36725628697843,Online,0,Karnataka,45,99420.6505132633,0
2530,1030,543.5267620267321,POS,0,Maharashtra,22,143932.7184301433,0
2531,1046,478.00971211372223,Online,0,Karnataka,24,110386.16310747145,0
2532,1015,61.062654527941405,Online,0,Karnataka,22,114981.4017256606,0
2533,1041,578.9715359837031,Online,0,Tamil Nadu,26,62809.04363476599,0
2534,1029,678.4481079388662,POS,0,Gujarat,64,96185.01232045979,0
2535,1015,612.3186841981166,Online,0,Karnataka,38,61157.99822522113,0
2536,1011,749.4659038442504,POS,0,Delhi,37,137216.54711722798,1
2537,1016,592.7725520304233,POS,0,Tamil Nadu,55,37226.817619255686,0
2538,1015,113.41274210821908,POS,0,Maharashtra,57,102163.18469762606,0
2539,1011,160.62324788047584,Online,1,Gujarat,54,115009.82863429787,0
2540,1007,616.6508486667548,POS,0,Tamil Nadu,34,110803.7137590692,0
2541,1019,311.2302323749582,POS,0,Karnataka,59,53451.167124577776,0
2542,1002,125.66287258302755,POS,0,Tamil Nadu,45,83184.12536625043,0
2543,1015,458.1226062761194,Online,0,Delhi,48,106235.08808749949,1
2544,1029,576.6064681794726,Online,0,Delhi,50,141022.6071908871,0
2545,1044,362.30868893212624,Online,0,Delhi,49,84955.79809682458,0
2546,1022,734.4120171144891,Online,1,Gujarat,49,59066.14678576258,0
2547,1027,661.5820776961824,POS,0,Tamil Nadu,40,70247.72138700473,0
2548,1039,366.1774430370884,Online,0,Tamil Nadu,38,90371.47365332714,0
2549,1004,767.1289024631326,POS,0,Karnataka,42,146926.64474200772,0
2550,1019,666.2602904063837,Online,0,Maharashtra,50,101683.10886143884,0
2551,1039,655.573109782007,POS,0,Delhi,20,40115.70093080962,0
2552,1043,575.7563157477147,Online,0,Maharashtra,23,129608.73147055371,0
2553,1000,60.82018468412515,Online,0,Maharashtra,45,43588.13564243051,0
2554,1029,711.6818243030447,Online,0,Delhi,19,25037.00586510766,0
2555,1020,407.23970155369864,POS,0,Delhi,49,33027.29403431221,0
2556,1019,945.4792246507228,POS,0,Karnataka,43,122195.8297948732,0
2557,1005,827.0855325233451,Online,0,Gujarat,22,137246.43776145607,0
2558,1021,608.3097460547466,Online,0,Delhi,28,54866.42296474746,0
2559,1017,289.57288272830596,Online,0,Maharashtra,27,84754.27020038018,0
2560,1007,243.53152361378326,Online,0,Karnataka,32,97638.99206047632,0
2561,1038,373.3655957936717,Online,0,Tamil Nadu,35,74429.75408935393,0
2562,1031,502.7395464010176,Online,0,Karnataka,31,28492.122424634577,0
2563,1032,331.26223453699976,POS,0,Delhi,45,27364.856028202514,0
2564,1015,539.1830206228586,POS,0,Delhi,47,77245.41732782558,0
2565,1011,207.10190423752664,POS,0,Gujarat,30,123722.79464894424,1
2566,1037,978.827172184225,POS,0,Karnataka,37,31001.86568068767,0
2567,1033,152.52832721674417,POS,0,Delhi,19,46737.842798155354,0
2568,1013,935.3469326716535,POS,0,Maharashtra,42,55069.82343809835,0
2569,1035,917.8991108325602,Online,0,Maharashtra,61,92686.38243419718,0
2570,1032,549.0924577285232,Online,0,Karnataka,60,25615.483331086176,0
2571,1022,738.6647582442802,Online,0,Gujarat,29,131805.56502113704,0
2572,1049,464.24588307395845,Online,0,Karnataka,42,81194.4708141585,0
2573,1044,648.5328486653162,Online,1,Gujarat,21,83080.22679495282,0
2574,1001,373.54714055006275,POS,0,Maharashtra,59,62447.470743930564,0
2575,1040,336.1010687961731,POS,0,Delhi,29,47560.337565640584,1
2576,1020,599.318296861038,POS,0,Tamil Nadu,24,67276.98279499791,0
2577,1001,523.2231904747814,POS,0,Delhi,55,138742.02760640765,0
2578,1026,600.559550692482,POS,0,Maharashtra,57,32250.007864512474,0
2579,1008,322.32755222267184,Online,0,Maharashtra,49,27894.716585306796,1
2580,1000,398.6099402261455,POS,0,Delhi,60,34878.683811881914,0
2581,1010,129.70306259746383,POS,0,Delhi,23,121007.07954315527,0
2582,1002,99.66255365859544,POS,0,Maharashtra,44,26294.138347859396,0
2583,1022,290.7842731893654,Online,0,Delhi,52,63311.48088131689,0
2584,1025,120.53451636401847,Online,0,Tamil Nadu,38,75231.67457091447,0
2585,1003,148.58597320300368,Online,0,Tamil Nadu,37,85924.44264412652,0
2586,1017,822.2819851242402,Online,0,Karnataka,36,20415.902676997513,0
2587,1005,86.93001216585483,Online,0,Tamil Nadu,50,83279.49256357463,0
2588,1034,675.9956542380056,Online,0,Maharashtra,21,45340.167373336735,0
2589,1021,308.9298613746305,POS,0,Maharashtra,36,32724.01037960622,0
2590,1042,877.9683966727201,POS,0,Karnataka,45,89328.51686567024,0
2591,1014,510.7426703486246,POS,0,Gujarat,39,116739.39555933165,0
2592,1021,340.29763636143446,Online,0,Karnataka,41,141517.4401956157,0
2593,1036,541.7569889049628,Online,0,Gujarat,63,138645.73545379212,1
2594,1041,412.8601180930054,Online,0,Gujarat,47,71869.56141119139,0
2595,1011,586.0860114363387,Online,0,Delhi,46,111527.50761399615,0
2596,1046,158.80622491003083,POS,0,Tamil Nadu,27,110430.62843956676,0
2597,1048,997.1409776719236,Online,0,Gujarat,49,73573.73588755654,0
2598,1041,454.2780838118817,Online,0,Delhi,26,32767.35241657868,0
2599,1037,380.81910772200024,Online,0,Karnataka,42,69661.15898694565,0
2600,1017,724.6993559004517,Online,0,Karnataka,33,149006.5247176907,0
2601,1044,395.7044361705658,Online,0,Gujarat,32,92154.50843630348,0
2602,1034,841.6105897773198,POS,0,Delhi,35,64380.83080732055,0
2603,1029,481.557188142404,Online,0,Maharashtra,40,116695.92099231029,0
2604,1023,733.5804926021632,Online,0,Tamil Nadu,59,109222.35296110781,0
2605,1041,152.08055561979222,POS,0,Gujarat,20,95243.98857093077,0
2606,1029,853.8132262773562,Online,0,Maharashtra,24,102866.23872106404,0
2607,1013,748.9320874392043,Online,0,Tamil Nadu,56,96041.92831530272,0
2608,1005,251.1309395388674,POS,0,Maharashtra,28,144316.0141321717,0
2609,1002,188.0217092584973,POS,0,Delhi,41,86187.41121030049,1
2610,1015,350.4777312893432,POS,0,Gujarat,52,96724.81868628616,0
2611,1006,977.2670567303092,POS,1,Maharashtra,42,81315.14322039552,1
2612,1013,293.9899958387057,POS,0,Maharashtra,45,98028.89138918434,0
2613,1008,483.32084849930163,POS,0,Maharashtra,29,135807.49792269175,0
2614,1014,78.51921443146949,POS,0,Gujarat,40,64168.09373902314,0
2615,1020,427.3661530879209,POS,0,Delhi,34,84467.37298853794,0
2616,1034,592.7540146614476,POS,0,Delhi,58,78319.42421617421,0
2617,1001,955.4683818825669,POS,0,Maharashtra,54,71737.04660971221,0
2618,1026,540.8992426930612,Online,0,Delhi,35,126734.84100811118,1
2619,1001,828.1519598688034,POS,0,Tamil Nadu,26,50152.87097791745,0
2620,1034,569.7712604404555,POS,0,Delhi,62,84989.34007314473,1
2621,1017,88.74576276374219,POS,0,Maharashtra,52,140202.47375226315,0
2622,1013,349.25786143028535,POS,0,Tamil Nadu,53,40963.12705285665,0
2623,1019,596.7720324395481,POS,0,Gujarat,35,20603.783245604587,0
2624,1017,953.0642676345681,Online,0,Karnataka,37,54479.06357252596,0
2625,1009,866.1738417636716,Online,0,Delhi,38,139900.47678900306,0
2626,1024,266.9378334699053,Online,0,Tamil Nadu,64,31391.181568455693,1
2627,1001,259.10433851820534,POS,0,Karnataka,37,37819.674761915725,0
2628,1024,241.1143187582057,POS,0,Gujarat,23,61644.163854585444,0
2629,1032,926.373951487378,Online,0,Karnataka,26,120061.47208220616,0
2630,1035,860.0328454466346,POS,0,Gujarat,60,117666.49871033624,0
2631,1030,786.1392606403014,POS,0,Maharashtra,46,31319.137126569447,0
2632,1013,423.0983585130162,Online,0,Maharashtra,46,141399.498224748,0
2633,1000,529.1616690838284,POS,0,Gujarat,30,51046.44528660811,0
2634,1045,491.1151575553952,POS,0,Karnataka,53,56482.78209476384,0
2635,1015,290.728202181404,POS,0,Delhi,44,70234.30255024409,0
2636,1045,529.7766438413287,POS,0,Karnataka,64,102484.05909722977,0
2637,1002,78.97172046011674,POS,0,Karnataka,61,87770.22874454895,0
2638,1034,175.21985482258623,POS,0,Delhi,23,140719.93711474893,0
2639,1040,892.2601163604991,POS,0,Karnataka,56,93400.68523935106,0
2640,1005,764.0957786798521,Online,0,Karnataka,49,131414.81419150002,0
2641,1024,451.72498860613274,Online,0,Tamil Nadu,60,30166.493984044246,0
2642,1012,541.2928441696833,POS,0,Gujarat,61,131267.25524465117,0
2643,1033,401.49894166197856,POS,0,Maharashtra,45,45702.70973005552,0
2644,1007,753.7408738026388,Online,0,Gujarat,62,67132.11043971572,0
2645,1020,794.9778202704756,Online,0,Karnataka,18,61585.26251865123,0
2646,1033,775.1209306930011,Online,0,Delhi,60,63846.598602674574,0
2647,1003,736.4811385927271,Online,0,Delhi,48,139428.54324143488,0
2648,1024,244.27912175815604,Online,0,Maharashtra,47,77407.18392677986,0
2649,1014,371.0714802784548,Online,0,Maharashtra,35,54835.86992682976,0
2650,1003,496.3531632344912,Online,0,Maharashtra,46,58272.26041555714,0
2651,1044,364.2533418562728,POS,0,Delhi,59,124433.73900538372,0
2652,1011,767.1931901504125,Online,0,Karnataka,55,90084.85928950227,0
2653,1031,362.8858480374569,Online,0,Maharashtra,40,78434.62547995371,1
2654,1031,181.32048244607032,Online,0,Maharashtra,39,140485.80513841554,0
2655,1027,429.0884294458889,POS,0,Delhi,19,140901.00108115023,0
2656,1012,980.9187111432614,POS,0,Karnataka,22,118295.37163747907,0
2657,1030,264.58734228689707,POS,0,Maharashtra,59,87340.84681669335,0
2658,1013,631.5507259960676,Online,0,Karnataka,32,35159.513208330885,1
2659,1019,461.324397347721,Online,0,Tamil Nadu,49,112033.47854303074,0
2660,1017,117.4733392668603,Online,0,Maharashtra,63,125964.60305048719,0
2661,1028,513.4827756981565,POS,0,Maharashtra,23,130765.41675633755,0
2662,1005,717.0561122158969,POS,0,Delhi,31,95642.48575251589,0
2663,1031,537.5589770364278,POS,0,Tamil Nadu,41,100189.08181915703,0
2664,1028,878.5007605592521,POS,0,Tamil Nadu,38,112207.82240676705,0
2665,1042,324.4901658247035,POS,0,Tamil Nadu,31,133610.75371513973,0
2666,1001,131.9367127387667,POS,0,Gujarat,29,25905.108076434088,0
2667,1022,939.7373310751058,Online,0,Delhi,21,93218.85292889414,0
2668,1018,409.2865320518081,POS,0,Delhi,61,67982.50568442239,0
2669,1030,597.5852738809517,POS,0,Maharashtra,38,128310.69958888809,1
2670,1004,802.4029698236861,POS,0,Delhi,34,37395.44840976346,0
2671,1018,358.0979806818016,POS,0,Maharashtra,46,138261.17620021285,1
2672,1033,730.3563112687306,Online,0,Maharashtra,33,36120.8595237883,0
2673,1009,178.64790732693663,Online,0,Gujarat,35,31612.471860657788,0
2674,1024,326.72905984523,POS,0,Delhi,55,65044.89528794469,1
2675,1001,187.47510432969392,Online,0,Delhi,58,149314.14764936565,0
2676,1010,820.66903048129,Online,0,Gujarat,61,102394.35380175312,0
2677,1049,261.51677346544614,Online,0,Gujarat,28,23437.01398386694,0
2678,1030,731.5333776349497,Online,0,Delhi,49,52404.37713735775,0
2679,1014,946.13347738337,Online,0,Delhi,45,39391.50014479417,1
2680,1008,551.3835986154331,Online,0,Maharashtra,33,20130.551341315302,1
2681,1022,563.0277326476534,Online,0,Karnataka,51,86942.30023173642,0
2682,1018,487.9818896929214,POS,0,Maharashtra,47,69543.99721907132,0
2683,1008,359.59563622396064,Online,0,Tamil Nadu,55,99726.43150406044,0
2684,1034,501.87227937867124,POS,0,Tamil Nadu,39,48127.35002878322,0
2685,1020,622.6671556534214,Online,0,Karnataka,22,128036.90125594474,0
2686,1008,986.6919935621264,Online,0,Gujarat,26,69811.21030327812,0
2687,1027,940.8763313523131,Online,0,Tamil Nadu,30,82777.61057356076,0
2688,1045,869.0453103784657,POS,0,Gujarat,56,115223.17206430064,1
2689,1006,894.6740089196154,Online,0,Gujarat,40,41601.46597001667,0
2690,1015,494.4567241274408,POS,0,Maharashtra,44,54104.63952332855,0
2691,1015,674.5721108185916,Online,0,Gujarat,49,40117.75946219919,0
2692,1032,900.3133867894035,Online,0,Karnataka,48,119850.60967599814,0
2693,1003,423.3032267417854,POS,0,Maharashtra,50,32677.835875923738,0
2694,1003,963.6743544281953,Online,0,Karnataka,59,83570.38511999405,0
2695,1038,444.99675896572387,Online,0,Gujarat,43,117488.2528974159,0
2696,1039,621.0285321235549,Online,0,Tamil Nadu,35,86009.03871422543,0
2697,1016,724.3144776087534,POS,0,Gujarat,29,86127.99647138036,0
2698,1036,953.0624124221414,Online,1,Karnataka,20,28277.717218623126,0
2699,1038,282.3854603496527,Online,0,Delhi,22,121771.95760634542,0
2700,1028,758.8244293267102,Online,0,Delhi,31,98520.99963304172,0
2701,1035,544.774806836878,POS,0,Tamil Nadu,64,106776.6979800058,1
2702,1037,305.12928358960903,Online,0,Karnataka,29,119553.94577892584,0
2703,1038,787.776497806571,POS,0,Tamil Nadu,21,92880.31424315285,0
2704,1049,574.6111661651543,Online,0,Maharashtra,33,86120.98951357833,0
2705,1036,677.925129617192,Online,0,Gujarat,28,106211.48128276893,0
2706,1034,356.756015149006,POS,0,Maharashtra,53,137001.06203360902,0
2707,1006,507.2102542362248,POS,0,Delhi,55,103004.63986828382,0
2708,1026,636.4865384386637,POS,0,Gujarat,19,122481.82759816416,0
2709,1027,434.6652735563518,POS,0,Maharashtra,30,82435.32774154589,0
2710,1021,238.45391285531625,POS,0,Delhi,25,96644.35226475356,1
2711,1013,963.5584676995388,Online,0,Maharashtra,61,43419.453724255094,0
2712,1006,535.8941630404865,Online,0,Gujarat,38,83507.34597050115,0
2713,1036,747.2243517733154,POS,0,Maharashtra,43,39355.689206301264,0
2714,1021,440.49483387825524,Online,0,Gujarat,55,80712.78800185934,1
2715,1004,387.3751758244305,Online,0,Maharashtra,52,28443.718874135084,0
2716,1001,436.80608354376875,POS,0,Tamil Nadu,32,94906.95901621708,0
2717,1026,438.7368115963673,POS,0,Maharashtra,57,57275.60814638856,0
2718,1020,566.9711101448559,POS,0,Maharashtra,47,129413.69969259137,0
2719,1037,566.296376482295,Online,0,Tamil Nadu,19,68914.28469765282,0
2720,1014,522.2961250887281,POS,0,Delhi,33,139310.5226310463,0
2721,1020,178.0464956715662,Online,0,Gujarat,30,81475.39295280023,1
2722,1009,521.2717045755046,POS,0,Karnataka,18,130353.49217406148,1
2723,1022,210.6487053996189,POS,0,Delhi,60,58645.290483281875,0
2724,1038,169.8289969809769,POS,0,Gujarat,45,78708.27534966325,0
2725,1004,936.0134314741093,POS,0,Maharashtra,18,102376.51730694353,0
2726,1000,624.702512490319,Online,0,Delhi,57,53624.61570213627,0
2727,1012,676.5155552183551,Online,0,Maharashtra,51,105452.68244200728,0
2728,1020,431.7039868166956,Online,0,Delhi,30,57518.30691805645,0
2729,1025,913.531847319121,POS,1,Delhi,19,82958.04749480812,0
2730,1049,656.0339651006822,Online,0,Karnataka,21,23038.074296975017,0
2731,1044,780.7113760474081,Online,0,Tamil Nadu,42,30163.70188389278,0
2732,1020,400.13434557632814,Online,0,Delhi,51,49523.15489107111,0
2733,1017,962.0112867781692,POS,0,Maharashtra,30,124844.09034582348,1
2734,1036,829.4382256503993,Online,0,Karnataka,53,105849.94514870839,0
2735,1044,861.2510398638165,POS,0,Delhi,49,136148.25651835627,0
2736,1031,213.58455405446657,POS,0,Tamil Nadu,38,137612.4196733415,0
2737,1035,307.41504747765856,Online,0,Maharashtra,43,68707.2822608135,0
2738,1016,321.3452696993982,Online,0,Karnataka,32,67779.01780280673,0
2739,1034,307.3637620845276,POS,0,Gujarat,46,128646.59644783735,0
2740,1048,862.6377539990735,POS,0,Tamil Nadu,43,75437.62510890112,0
2741,1010,80.29055544816251,POS,0,Gujarat,38,131436.169631576,0
2742,1020,122.29498953173558,Online,0,Gujarat,29,85770.87867401529,1
2743,1025,310.21912709840853,POS,0,Karnataka,29,75212.70615055022,0
2744,1003,239.87932591697145,POS,0,Karnataka,22,56279.08671172884,0
2745,1033,270.26663318870595,POS,0,Karnataka,59,36443.28977932839,0
2746,1047,808.046029790635,Online,0,Gujarat,43,88367.29997213116,0
2747,1017,584.9702641974445,POS,0,Maharashtra,49,62279.264987809685,0
2748,1039,55.482128228319596,POS,0,Karnataka,19,52427.22885810398,0
2749,1034,457.8566274189855,POS,0,Tamil Nadu,25,42055.82161705951,1
2750,1040,437.490680507841,POS,0,Karnataka,44,70520.87575223936,0
2751,1028,158.24800597231635,POS,0,Karnataka,54,92263.45900074764,0
2752,1028,692.3346991713843,Online,0,Karnataka,25,128813.37533608556,0
2753,1037,716.9923289605165,Online,0,Gujarat,41,126624.70046001715,0
2754,1041,734.8485580994928,POS,1,Maharashtra,30,131158.2447528505,0
2755,1020,742.0473982806625,POS,0,Karnataka,46,94910.37003178235,0
2756,1041,50.05018558568196,POS,0,Gujarat,30,92741.49052706799,0
2757,1012,956.224763654386,POS,0,Tamil Nadu,40,137668.41702864046,0
2758,1048,823.49832870193,POS,0,Maharashtra,64,57511.09861155872,1
2759,1040,908.7826117598211,POS,0,Gujarat,32,38908.5717735432,0
2760,1016,64.86113054206243,Online,0,Delhi,41,30760.720393431697,0
2761,1008,937.1658559964524,POS,0,Tamil Nadu,60,134535.8023562567,1
2762,1040,819.2991022536994,POS,0,Tamil Nadu,40,68330.51806171279,0
2763,1000,845.3581858107636,Online,0,Delhi,27,84834.4150698169,0
2764,1001,138.6230154858701,Online,0,Gujarat,55,124397.80600666703,0
2765,1047,751.8391274726678,Online,0,Gujarat,22,68511.84583289115,0
2766,1028,961.9208551599864,Online,0,Tamil Nadu,22,132834.11757718632,1
2767,1032,694.6199743472527,POS,0,Gujarat,48,61820.72306057969,0
2768,1009,592.0333343933761,Online,0,Delhi,57,115209.68942390385,0
2769,1049,948.3481938615471,Online,0,Gujarat,18,106758.0920033507,0
2770,1039,470.7902656477142,Online,0,Tamil Nadu,19,46174.993683626686,0
2771,1020,619.3288879949548,POS,1,Gujarat,46,36184.71469092465,0
2772,1027,502.52137881964785,POS,0,Maharashtra,24,34502.10753926777,1
2773,1010,936.2039102922841,POS,0,Delhi,46,104618.79864236395,0
2774,1033,122.2804904272319,Online,0,Delhi,26,21682.688931670167,1
2775,1007,526.0637157840808,POS,0,Karnataka,53,105887.64419520216,0
2776,1021,702.6048193161664,Online,0,Gujarat,24,121655.54986060978,1
2777,1007,802.3112115011251,Online,0,Delhi,45,59326.330019723726,0
2778,1048,603.8677150719295,Online,0,Gujarat,27,116941.06469429076,1
2779,1014,913.4718569153813,Online,0,Maharashtra,33,41500.217575850416,0
2780,1016,944.8918745396782,POS,0,Tamil Nadu,27,144863.8231653268,0
2781,1022,111.10326203390434,POS,0,Tamil Nadu,56,50168.604502669696,1
2782,1023,432.25201256430563,POS,0,Karnataka,43,83487.45569219267,0
2783,1044,72.28607063509672,POS,0,Karnataka,51,147464.5201149541,0
2784,1018,362.9458245057208,Online,0,Delhi,51,137927.93684991816,0
2785,1004,560.024807072072,Online,0,Delhi,57,105730.47050716185,0
2786,1031,915.2551839844514,Online,0,Delhi,31,67995.05863054356,1
2787,1043,854.2266063421328,Online,0,Maharashtra,35,111011.48371637509,0
2788,1000,171.12474033838646,Online,0,Karnataka,18,79835.56228013965,0
2789,1022,138.3788560038509,POS,0,Karnataka,34,34149.19500278063,1
2790,1036,609.8039718188337,POS,0,Tamil Nadu,39,123477.0995386052,0
2791,1007,555.5120738358435,Online,0,Karnataka,54,133309.50305678108,0
2792,1012,303.05875935852265,Online,0,Karnataka,33,72988.90129868378,1
2793,1007,904.4804303261435,POS,0,Maharashtra,24,106544.42033364926,0
2794,1022,930.9980889884758,POS,0,Delhi,32,23947.14415811633,0
2795,1042,432.4808664231545,Online,0,Maharashtra,38,45642.518990357945,0
2796,1000,895.7874292578442,POS,0,Gujarat,19,94134.3099033479,1
2797,1044,414.751449549824,POS,0,Tamil Nadu,42,55630.74105737131,1
2798,1023,749.9759902382151,Online,0,Tamil Nadu,26,142767.26686646702,0
2799,1034,502.14510667033795,Online,0,Tamil Nadu,37,128815.73661822229,0
2800,1023,166.45399868182383,POS,0,Delhi,27,105150.80769213206,0
2801,1016,931.5374911751704,POS,0,Delhi,38,149849.17499798827,0
2802,1004,481.39176370865977,Online,0,Delhi,21,51622.22601104407,0
2803,1019,747.7626883062835,POS,0,Tamil Nadu,47,139486.51486839706,0
2804,1020,398.8151237097276,POS,0,Tamil Nadu,51,59594.547071302484,0
2805,1039,67.93683464742293,POS,0,Tamil Nadu,47,97557.31785317049,0
2806,1030,145.50384075724412,Online,0,Gujarat,31,76467.73682845563,1
2807,1045,521.4085055154283,POS,0,Gujarat,39,77617.89723911334,0
2808,1035,705.4661392700443,POS,0,Tamil Nadu,18,119126.30313779217,0
2809,1010,367.9985602503151,Online,0,Delhi,25,65180.64459008039,0
2810,1014,710.7140362187678,Online,0,Delhi,28,85978.68984732497,0
2811,1018,713.7038099603582,POS,0,Gujarat,18,47522.76816809164,0
2812,1006,718.7391119614393,Online,0,Gujarat,22,119251.30271332953,0
2813,1027,517.895761319483,Online,0,Tamil Nadu,62,91751.09932546197,0
2814,1042,919.1418426154288,POS,0,Tamil Nadu,27,53158.26764383925,0
2815,1004,514.7366920815848,Online,0,Delhi,56,54571.56058391064,0
2816,1004,477.7519338218063,POS,0,Karnataka,30,58159.781404417095,0
2817,1029,239.41177806009563,POS,0,Delhi,38,110907.95353261608,1
2818,1031,342.2723329885197,Online,0,Delhi,53,97361.96026082344,0
2819,1007,90.21776789238818,POS,0,Tamil Nadu,62,126891.9358800036,0
2820,1009,651.8585289353617,POS,0,Karnataka,50,94298.88897908684,0
2821,1037,286.1089567307382,POS,0,Karnataka,60,59864.94095764537,0
2822,1046,338.9474917611918,POS,0,Tamil Nadu,45,145173.1262591267,0
2823,1031,782.2737955811051,POS,0,Maharashtra,26,135193.545986332,0
2824,1047,360.8601240033812,Online,0,Tamil Nadu,62,56246.78175645002,0
2825,1027,280.08609741248506,Online,0,Gujarat,28,138650.085454767,0
2826,1016,210.60486167702047,POS,0,Karnataka,57,113616.16424232454,0
2827,1030,786.1154820728581,POS,0,Tamil Nadu,46,73910.19280923886,1
2828,1007,173.22094509052556,Online,0,Delhi,24,80693.98629276623,0
2829,1039,481.06607223783584,POS,0,Delhi,44,78029.60049981443,0
2830,1024,531.5836102733347,POS,0,Delhi,39,123592.25258329204,1
2831,1008,703.0204170514288,POS,0,Tamil Nadu,48,42815.546408692986,0
2832,1001,651.6193082163456,Online,0,Maharashtra,47,27626.8259374446,0
2833,1014,820.1846392979161,POS,0,Gujarat,45,84799.52850803704,0
2834,1049,92.51386222992625,Online,0,Delhi,37,57753.24375759595,1
2835,1002,331.61868854042734,POS,1,Tamil Nadu,32,93310.16083308427,0
2836,1048,316.12741283661074,POS,0,Maharashtra,32,147165.33322699644,0
2837,1035,188.7160603125028,Online,0,Karnataka,29,107288.83344466207,0
2838,1003,324.719341163621,Online,0,Karnataka,34,144698.3827511358,0
2839,1013,344.2770484357583,POS,0,Gujarat,40,115167.11260713394,0
2840,1040,545.7902388311044,POS,0,Tamil Nadu,23,29868.954527189795,1
2841,1040,680.5192549799433,POS,0,Tamil Nadu,62,135609.1132784577,0
2842,1024,412.04548793122336,Online,0,Delhi,33,45859.547601507475,0
2843,1049,733.4967197477121,POS,0,Maharashtra,44,132422.61406848454,0
2844,1009,369.357071650601,Online,0,Gujarat,40,117380.8421506295,0
2845,1020,325.7694934490223,POS,0,Maharashtra,18,129020.28503623635,1
2846,1035,564.1286530641731,POS,0,Gujarat,62,52965.457501490586,0
2847,1011,72.53054229050107,POS,0,Tamil Nadu,24,124961.58625359328,0
2848,1026,125.79966745230035,POS,0,Tamil Nadu,62,99345.76581236842,0
2849,1039,447.0710664072007,POS,0,Gujarat,56,30643.49334525443,0
2850,1001,945.7670758221686,POS,0,Maharashtra,57,135587.15046271548,0
2851,1012,735.4361908512525,POS,0,Karnataka,57,133985.4644008783,0
2852,1031,133.72024102552984,Online,0,Karnataka,56,94358.8472046353,1
2853,1030,854.00211214183,POS,0,Delhi,35,78841.16047536043,0
2854,1015,745.685732077772,POS,0,Delhi,53,72071.11312867503,0
2855,1031,630.3991994175205,POS,0,Maharashtra,39,98355.84677584613,0
2856,1031,829.2783125787184,POS,0,Tamil Nadu,19,129419.80266017017,0
2857,1033,433.90435535580923,Online,0,Maharashtra,43,93570.59576610436,1
2858,1010,260.42599831116013,Online,0,Gujarat,49,36854.73594267391,1
2859,1009,536.4222196533213,POS,0,Karnataka,40,59801.99370764853,1
2860,1014,571.3996678138001,POS,0,Delhi,57,106872.0826992705,1
2861,1016,561.4100534094165,Online,0,Maharashtra,63,104087.21787825391,0
2862,1039,586.8201019061,Online,0,Maharashtra,35,87456.7566640733,0
2863,1017,951.2696723272218,Online,0,Gujarat,36,51262.13289317563,0
2864,1008,907.1333419414198,POS,0,Tamil Nadu,41,55175.36185498603,1
2865,1024,881.9311847309924,Online,0,Tamil Nadu,21,82952.45036051067,1
2866,1039,811.3459703631958,Online,0,Karnataka,63,71284.51236841132,0
2867,1013,946.2567019020211,POS,0,Delhi,19,61071.79779824111,0
2868,1024,143.5699095954331,POS,0,Tamil Nadu,47,127829.55607644521,0
2869,1049,301.86709837345256,POS,0,Tamil Nadu,55,85522.43402554939,0
2870,1021,520.3031483718556,Online,0,Tamil Nadu,48,85398.9383370757,1
2871,1029,854.2077684672349,Online,0,Maharashtra,57,75647.26996343542,0
2872,1019,529.9074259465958,Online,0,Tamil Nadu,33,108517.36596242579,0
2873,1020,760.6330023745093,Online,0,Gujarat,50,42834.45915465467,0
2874,1043,182.0119099864704,POS,0,Karnataka,20,142666.449045729,0
2875,1031,289.79312232773214,Online,0,Tamil Nadu,35,33599.64687559781,0
2876,1045,745.1872902857888,POS,0,Delhi,27,112338.97063755042,0
2877,1048,206.49730844333786,Online,0,Maharashtra,19,111559.34700053495,0
2878,1020,383.7881379221804,Online,0,Gujarat,47,34811.91015499088,0
2879,1034,301.6229449228929,Online,0,Karnataka,47,149095.55786507844,0
2880,1031,382.3686095113546,POS,0,Maharashtra,42,24460.804144725153,0
2881,1029,722.9078466240718,Online,0,Gujarat,60,67409.69554854708,0
2882,1038,399.45482208566096,POS,0,Maharashtra,41,75220.132634632,0
2883,1048,577.5001564775432,POS,0,Karnataka,52,124364.80252373165,0
2884,1011,144.93528320168917,POS,0,Karnataka,27,23876.259543123644,0
2885,1040,814.7668085728964,POS,0,Tamil Nadu,47,92412.62062276516,0
2886,1046,401.3941943657186,Online,0,Delhi,43,46520.132344664555,0
2887,1017,666.1074510816753,Online,0,Tamil Nadu,52,94436.5388370832,0
2888,1020,739.120121578741,POS,0,Maharashtra,41,104025.09573860193,0
2889,1012,249.17787600611538,POS,0,Tamil Nadu,37,24438.345181459532,0
2890,1020,890.4412357056824,Online,0,Karnataka,56,28770.403737588502,0
2891,1007,635.4130390266052,Online,0,Karnataka,57,31079.172641870144,0
2892,1045,457.28888466390737,POS,0,Karnataka,52,130796.06783280274,0
2893,1039,223.21842439930856,Online,0,Tamil Nadu,56,140466.7325347141,0
2894,1045,945.1858910061463,Online,0,Gujarat,27,76903.94742939004,0
2895,1006,767.3147939250439,Online,0,Tamil Nadu,44,133723.51814835798,1
2896,1022,247.62333459658643,POS,0,Tamil Nadu,32,81907.323118686,0
2897,1043,370.8252359880133,POS,0,Tamil Nadu,32,72146.41826245391,0
2898,1031,819.1905451836695,POS,0,Tamil Nadu,54,89061.84465329847,0
2899,1010,710.8937800545721,POS,0,Karnataka,52,122724.13037951825,0
2900,1021,777.4950780799381,POS,0,Delhi,20,49089.558909426734,0
2901,1021,469.14104710228577,Online,0,Tamil Nadu,46,59225.136385975384,0
2902,1042,730.6524495100585,Online,0,Tamil Nadu,21,130353.67989693324,0
2903,1024,417.169036720718,Online,0,Delhi,64,139076.93730562282,1
2904,1021,250.6997710912866,POS,0,Tamil Nadu,33,35991.28174637416,0
2905,1027,651.0431830992919,Online,0,Delhi,22,111641.54987910169,0
2906,1028,977.2132293188545,POS,0,Karnataka,38,21250.624448716804,0
2907,1012,345.0709228255631,POS,0,Gujarat,57,52004.337914302356,1
2908,1017,487.9211126019127,POS,0,Tamil Nadu,59,28921.618943507892,0
2909,1001,690.3013025163609,POS,0,Gujarat,38,87000.8879433322,0
2910,1028,564.4309680163635,POS,0,Tamil Nadu,19,64639.88360864497,0
2911,1020,851.2564059235967,POS,0,Maharashtra,31,37886.37549402984,0
2912,1014,773.6555711460401,Online,0,Maharashtra,22,20041.707521167125,0
2913,1026,105.38234366923919,POS,0,Karnataka,24,70490.33780422073,1
2914,1049,998.5001722275853,Online,0,Gujarat,28,58281.321059569396,0
2915,1030,764.7823310334938,POS,0,Gujarat,52,26069.553917541347,0
2916,1014,870.7081504794075,Online,0,Delhi,47,130729.95710994431,1
2917,1022,668.6378264905791,POS,0,Delhi,61,73401.1255356234,1
2918,1023,863.4708716444242,POS,0,Tamil Nadu,63,120721.97394540948,1
2919,1043,156.76382618227393,Online,0,Delhi,18,74865.4684927848,0
2920,1012,380.3509437813498,POS,0,Delhi,33,28776.99078257939,0
2921,1021,882.5998964242681,POS,0,Gujarat,64,71254.20287231714,0
2922,1042,241.57245070354762,Online,0,Maharashtra,18,135197.21338520123,0
2923,1036,124.3299936510216,Online,0,Gujarat,39,21010.412349673938,0
2924,1032,798.712992947958,POS,0,Delhi,30,136389.445363596,0
2925,1002,843.7118478611314,Online,0,Tamil Nadu,44,105374.61326926497,0
2926,1018,204.51960728040558,Online,0,Maharashtra,32,149432.370938287,0
2927,1022,861.6286836435797,POS,0,Delhi,34,139095.2950823828,0
2928,1028,702.4294058173111,Online,0,Delhi,26,132963.80945356068,0
2929,1029,544.0785490557547,POS,0,Tamil Nadu,22,24876.274105371383,1
2930,1038,838.7376831423157,Online,0,Tamil Nadu,40,56432.22906664427,0
2931,1043,448.2867868530175,POS,0,Delhi,61,68716.68709554657,0
2932,1046,234.29425841222735,POS,0,Delhi,60,110976.93648579648,0
2933,1024,320.61004278008295,POS,0,Gujarat,28,104323.30291780269,0
2934,1036,529.9058173786491,Online,0,Karnataka,41,42320.458336998876,0
2935,1046,554.7642530395169,POS,0,Tamil Nadu,25,115788.64815313551,0
2936,1007,815.301785119172,Online,0,Tamil Nadu,64,40231.63906410398,0
2937,1041,801.7850874697177,POS,0,Gujarat,51,79336.315180957,0
2938,1015,602.2982293443462,POS,0,Maharashtra,59,95236.13697260145,0
2939,1007,791.7462091972026,POS,0,Maharashtra,48,133188.71246003007,0
2940,1000,232.18478537898744,Online,0,Maharashtra,39,102071.86462990813,1
2941,1043,97.56130073862963,POS,0,Tamil Nadu,31,144129.684272213,0
2942,1004,879.9521315029651,POS,0,Karnataka,22,149284.1677030716,1
2943,1002,121.77676907463109,Online,0,Karnataka,34,86146.91889675224,0
2944,1000,284.35400825679744,POS,0,Gujarat,35,26692.374740094536,0
2945,1003,710.5530021431654,POS,0,Maharashtra,36,23681.45698938185,1
2946,1039,438.9755407459437,Online,0,Maharashtra,24,131234.26108262932,0
2947,1034,882.4982714197333,Online,0,Delhi,43,84980.51558738903,0
2948,1031,333.08080492915605,Online,0,Gujarat,42,67683.17928803185,0
2949,1041,61.27777933589133,POS,0,Gujarat,35,56979.29180237357,0
2950,1033,335.6228585327069,Online,0,Tamil Nadu,61,56632.653293498726,0
2951,1042,599.1712967255901,POS,0,Tamil Nadu,32,29466.585131761614,0
2952,1024,407.14145663312866,POS,0,Gujarat,46,59389.06829275794,0
2953,1009,558.1291179708176,Online,0,Karnataka,63,103824.80322312661,0
2954,1020,882.7682128932678,Online,0,Gujarat,59,70077.29316623317,1
2955,1045,916.86080151885,POS,0,Karnataka,18,143216.31553809866,0
2956,1038,302.6753614214065,Online,0,Tamil Nadu,21,106862.15559078136,0
2957,1026,489.03344960640567,Online,1,Gujarat,26,132316.96553969686,0
2958,1026,571.6868144793787,POS,0,Karnataka,53,34840.83761595034,0
2959,1001,951.6568340438347,Online,0,Delhi,49,78567.06306184334,0
2960,1040,998.6864532061654,Online,0,Delhi,41,25387.022673964635,0
2961,1047,273.6368863994503,Online,0,Gujarat,54,136351.7546946514,0
2962,1012,740.6308777785247,POS,0,Maharashtra,35,39092.91957589473,0
2963,1008,409.1295091215354,Online,0,Gujarat,32,124704.79204964728,0
2964,1035,57.70278704190257,Online,0,Tamil Nadu,37,140095.43798656037,0
2965,1021,58.78989631410724,POS,0,Tamil Nadu,57,77445.4795634916,0
2966,1041,487.53770718414296,POS,0,Delhi,19,70616.91892026293,0
2967,1025,513.9181673541179,POS,0,Karnataka,42,98015.30078422846,0
2968,1011,71.44121174477053,POS,0,Delhi,30,116242.90147196563,0
2969,1016,702.5810459355873,Online,0,Karnataka,44,103929.2862003665,0
2970,1013,329.30321916520546,POS,0,Gujarat,30,20150.10720621549,0
2971,1013,581.898446459152,POS,0,Maharashtra,45,122171.58651852618,0
2972,1033,335.8731195071478,Online,0,Tamil Nadu,63,39160.44485816744,0
2973,1019,208.77759912584182,POS,0,Gujarat,32,78457.92042493117,0
2974,1010,436.8150516689315,POS,0,Delhi,46,56706.36808974848,0
2975,1015,270.6596965509757,Online,1,Gujarat,38,140627.97416990972,0
2976,1030,558.0609280732097,POS,0,Maharashtra,61,85274.06666414309,0
2977,1005,238.88710377215597,POS,0,Karnataka,48,87880.86981379772,0
2978,1018,532.9856778123957,Online,0,Maharashtra,40,29899.10054210668,1
2979,1036,199.50958912542418,Online,0,Delhi,54,136656.93277692137,0
2980,1003,687.4259740114957,Online,0,Maharashtra,20,51073.57392449457,0
2981,1046,766.2408002193529,Online,0,Tamil Nadu,52,73814.47784071439,0
2982,1003,154.8745225374371,Online,0,Maharashtra,31,148088.29415800737,0
2983,1019,494.41229143547224,Online,0,Gujarat,19,34806.370323103234,0
2984,1009,117.3281156221299,Online,0,Karnataka,30,113408.62271619447,0
2985,1023,618.2733232649023,Online,0,Tamil Nadu,19,53817.47262959632,0
2986,1034,301.1840830331631,Online,0,Tamil Nadu,29,74572.71304330233,0
2987,1025,551.2432339967725,Online,0,Tamil Nadu,44,74365.08063924118,0
2988,1036,541.5879589150766,Online,0,Delhi,51,141190.28665453807,0
2989,1037,928.1366288841103,Online,0,Delhi,57,21347.10492811726,0
2990,1020,571.6290614402867,POS,0,Gujarat,22,67736.52998935079,1
2991,1039,603.8485557323999,Online,0,Karnataka,42,130815.03850828037,0
2992,1038,431.5704694761613,Online,0,Maharashtra,28,138366.58415170704,0
2993,1020,951.625623023676,Online,0,Gujarat,30,60472.20100281184,0
2994,1009,788.3266139676291,Online,0,Delhi,45,51454.10549202281,0
2995,1037,321.1350257876995,Online,0,Gujarat,38,79965.03085294871,0
2996,1045,851.9991064874205,POS,0,Karnataka,43,116959.14192812346,0
2997,1003,460.77654217583546,POS,0,Gujarat,44,40025.01407883907,0
2998,1044,837.2337863569143,POS,0,Tamil Nadu,43,121980.68287769453,0
2999,1019,831.743664878827,POS,0,Maharashtra,32,86647.41556935689,0
3000,1016,229.42667742471167,Online,0,Delhi,23,38304.7200264289,0
3001,1006,716.084074814398,POS,0,Delhi,21,107328.71701731923,1
3002,1003,326.11082084120454,POS,0,Karnataka,21,101666.10243843246,0
3003,1028,332.6180364930348,Online,0,Karnataka,47,100907.1585450262,0
3004,1013,331.5306730365517,POS,0,Karnataka,30,118122.25251069314,0
3005,1002,739.2898351819508,POS,0,Delhi,26,43558.96214630961,0
3006,1023,268.33473970290925,Online,0,Tamil Nadu,59,110674.655723867,1
3007,1036,50.86054348378571,Online,0,Maharashtra,31,135348.26643238688,0
3008,1015,729.4750108085015,POS,0,Karnataka,45,88940.46841292371,0
3009,1003,212.62550664336902,Online,0,Delhi,57,83183.86079964435,0
3010,1023,149.2582755424429,POS,0,Tamil Nadu,20,123712.45772648754,0
3011,1033,275.64031456435714,Online,0,Karnataka,58,39010.68075241835,0
3012,1029,410.9054962065688,POS,0,Karnataka,46,64313.61750580522,0
3013,1017,502.1110110995407,POS,0,Maharashtra,50,130991.95085378143,0
3014,1018,92.34153867699928,POS,0,Maharashtra,32,84970.65729652677,0
3015,1030,972.0446659959924,Online,0,Gujarat,64,129256.69479345839,0
3016,1018,730.2599007485802,Online,0,Karnataka,56,52742.84699409775,0
3017,1048,357.0343620581193,POS,0,Gujarat,32,70644.6960730977,1
3018,1045,352.76239442112745,Online,0,Delhi,24,127070.41618369779,0
3019,1018,476.11542190003644,Online,0,Maharashtra,62,41254.3898672543,0
3020,1021,644.9325816248813,POS,0,Tamil Nadu,29,136321.0989945262,0
3021,1023,189.05441325951938,Online,0,Karnataka,56,60282.22236859567,0
3022,1044,229.48332307670472,Online,0,Karnataka,24,146450.5932879941,0
3023,1011,866.4628536918733,POS,0,Gujarat,64,127604.57371919838,0
3024,1029,293.4421776946189,POS,0,Maharashtra,58,79226.07797630795,0
3025,1037,411.18524807641865,Online,0,Gujarat,23,116491.80371446694,0
3026,1030,877.7082584026112,Online,0,Karnataka,43,92184.09058037032,0
3027,1035,679.9904379298314,Online,0,Maharashtra,26,130922.17072103644,0
3028,1018,374.6262853746039,POS,0,Karnataka,41,87354.15730482894,0
3029,1047,699.5145684383897,Online,0,Maharashtra,47,148439.38531291555,0
3030,1044,68.69905461234302,Online,0,Karnataka,33,37355.90459160505,0
3031,1035,748.860527010797,Online,0,Tamil Nadu,44,107940.97577265599,0
3032,1029,512.6652384904276,Online,0,Gujarat,50,51934.958552091164,0
3033,1048,822.5230399202381,Online,0,Maharashtra,40,44859.6038280067,1
3034,1032,956.9057694061449,Online,0,Gujarat,62,73072.59719867108,0
3035,1017,929.4991220198399,POS,0,Maharashtra,36,67770.0106111494,0
3036,1048,913.8017912825737,POS,0,Maharashtra,53,26023.589542861708,0
3037,1027,536.5614581371929,POS,0,Maharashtra,36,75604.07114900496,0
3038,1046,392.13500843199114,Online,0,Karnataka,39,143749.37541642706,0
3039,1010,491.78355849413913,Online,0,Delhi,59,80693.87266995461,0
3040,1044,705.4012031476927,POS,0,Karnataka,62,59235.9767747999,0
3041,1032,889.7978880276274,POS,0,Delhi,50,143379.87970718887,0
3042,1016,246.63698785011357,POS,0,Karnataka,62,85743.92506231296,0
3043,1005,922.2835005386179,POS,0,Delhi,27,57323.321294820686,0
3044,1003,824.4212203713946,POS,0,Maharashtra,64,121788.63558299314,0
3045,1019,979.9132144193229,Online,0,Maharashtra,49,49069.74703476666,0
3046,1047,886.2391846176027,Online,0,Delhi,32,52207.383639860935,0
3047,1046,315.9404632073113,Online,0,Delhi,56,62163.16004754409,0
3048,1026,150.6581157768453,Online,0,Gujarat,63,71319.89539857728,1
3049,1014,156.6290183920092,Online,0,Maharashtra,25,95774.26347024243,0
3050,1005,326.66215264936227,POS,0,Karnataka,42,86987.00689205447,0
3051,1046,633.4745377853122,POS,0,Gujarat,35,116685.002525902,0
3052,1013,814.1043097923139,Online,0,Delhi,32,113232.21173706723,0
3053,1010,904.2877916324865,POS,0,Karnataka,43,25922.82171209209,0
3054,1038,642.5657151507711,Online,0,Tamil Nadu,58,37407.5656007559,0
3055,1008,55.349747110651045,Online,0,Tamil Nadu,61,47974.949801738694,0
3056,1025,227.00093769260684,POS,0,Tamil Nadu,38,97696.29293824974,0
3057,1015,144.73989366069955,Online,0,Karnataka,39,136384.3656165772,1
3058,1004,395.1582517905595,Online,0,Delhi,63,62237.859805033615,0
3059,1009,526.2834439520586,Online,0,Karnataka,51,145286.73080415174,0
3060,1049,91.2273196496328,POS,0,Gujarat,54,42471.87255800697,0
3061,1002,381.05407700587256,POS,0,Gujarat,54,140215.20719719646,0
3062,1012,220.22069089405645,Online,0,Tamil Nadu,31,124130.2829127678,0
3063,1042,664.7166579459303,Online,0,Delhi,21,70574.34271882253,0
3064,1048,491.058750858123,POS,0,Gujarat,41,46820.57818489222,0
3065,1029,520.5517645872134,POS,0,Maharashtra,19,70868.07428720864,0
3066,1044,456.307198631788,POS,0,Maharashtra,18,47786.02405214754,0
3067,1005,958.2187249622386,POS,0,Tamil Nadu,19,92949.72523919641,1
3068,1016,253.99836886548508,Online,0,Tamil Nadu,30,94726.43901434455,0
3069,1044,540.8310468516806,Online,0,Tamil Nadu,44,119864.61057397287,0
3070,1018,749.2164999470691,Online,0,Gujarat,34,88622.45827206843,0
3071,1041,579.0021924778345,POS,0,Delhi,62,64869.009779388834,0
3072,1034,932.569841430961,POS,0,Tamil Nadu,34,138507.8650002103,0
3073,1045,409.06993785922,Online,0,Karnataka,22,30139.81334198342,0
3074,1025,490.49201548451913,POS,0,Tamil Nadu,41,125141.61974398531,0
3075,1004,134.096199453992,Online,0,Gujarat,25,73244.70035989216,0
3076,1028,628.5491554993321,POS,0,Delhi,61,43542.927434709054,0
3077,1036,323.80137002570075,Online,0,Tamil Nadu,26,35646.24491089217,1
3078,1019,202.29358753979042,Online,0,Maharashtra,35,48699.373169382874,0
3079,1048,567.3047282592827,Online,0,Tamil Nadu,33,35854.2574791019,0
3080,1020,555.6947502109151,Online,0,Tamil Nadu,49,79660.97479498608,0
3081,1009,122.07805916284516,POS,0,Delhi,57,65459.65586668535,0
3082,1004,713.3046808197491,Online,0,Karnataka,56,66356.57582218852,0
3083,1035,642.5835811183102,Online,0,Tamil Nadu,58,40392.878089416656,0
3084,1005,229.56641860917236,Online,0,Tamil Nadu,61,105766.53207275245,0
3085,1025,495.96311904634166,Online,0,Gujarat,63,99013.62756708851,0
3086,1003,734.3067706546319,POS,0,Delhi,49,147697.2359560443,0
3087,1038,552.9639535142127,Online,0,Gujarat,59,41793.75111026791,0
3088,1038,425.7146223743917,Online,0,Tamil Nadu,19,128422.00679185554,0
3089,1049,356.22153517689645,POS,0,Tamil Nadu,55,24403.309934112774,1
3090,1034,629.8741733118509,Online,0,Maharashtra,60,29531.484603032884,0
3091,1000,942.1532633947286,Online,0,Gujarat,21,104246.71433746163,0
3092,1023,688.1575984536092,Online,0,Delhi,22,72841.0549904622,0
3093,1035,121.00860845449972,Online,0,Tamil Nadu,54,49965.141154674304,0
3094,1005,487.65072480802706,POS,0,Maharashtra,54,20358.34642968061,0
3095,1040,896.2829249350962,POS,0,Maharashtra,43,106208.97103331468,0
3096,1045,139.73930451103254,POS,0,Karnataka,60,77310.31419189143,0
3097,1043,989.4319265306661,POS,0,Delhi,26,42202.339321440624,0
3098,1030,951.6159239631503,POS,0,Maharashtra,32,146389.11338555452,0
3099,1019,124.36075669338207,POS,0,Delhi,41,65609.4317228848,1
3100,1023,936.7426544270772,Online,0,Tamil Nadu,41,59397.76110018846,0
3101,1024,394.9759607464891,Online,0,Karnataka,52,86340.84846443494,0
3102,1035,852.4737087220694,Online,0,Delhi,58,56036.87983393176,0
3103,1020,447.4641708276079,Online,0,Karnataka,42,55459.07588561563,0
3104,1029,468.81235706739005,POS,0,Delhi,43,145617.26161209893,0
3105,1023,652.5309364286654,Online,0,Delhi,40,53949.190833350265,0
3106,1043,785.7535483121842,Online,0,Gujarat,23,98710.68832560029,1
3107,1041,82.0996934008362,POS,0,Karnataka,58,24868.068010708157,0
3108,1029,613.4981957507775,Online,0,Delhi,44,40065.40221792176,1
3109,1021,227.39634439250244,Online,0,Gujarat,36,22870.42668923085,1
3110,1027,378.6520419700428,POS,0,Gujarat,48,89481.97178151959,0
3111,1006,380.57023284745566,Online,0,Karnataka,55,83908.85288798151,1
3112,1034,495.60732321009596,Online,0,Tamil Nadu,60,63019.92687970242,0
3113,1027,367.4295912823647,POS,0,Karnataka,49,111036.57787812773,0
3114,1013,151.99306252813437,Online,0,Delhi,19,101353.30500000132,1
3115,1009,188.34730159917888,Online,0,Tamil Nadu,35,98044.42395273541,0
3116,1015,81.7660862830428,Online,0,Karnataka,45,63713.55483854055,0
3117,1015,496.7366310623166,Online,0,Karnataka,24,62528.94459539188,0
3118,1030,956.7253101103391,Online,0,Karnataka,40,133548.2898714604,0
3119,1041,159.89146246571073,POS,0,Karnataka,53,90715.41959105233,0
3120,1024,948.951268352928,Online,0,Tamil Nadu,41,55390.44471611122,0
3121,1012,746.6934389954889,Online,0,Delhi,45,90618.69629730796,0
3122,1005,655.623862787455,Online,0,Gujarat,42,54680.20664399834,0
3123,1043,663.0138675573847,POS,0,Karnataka,56,44088.87512082736,1
3124,1008,835.391265976468,POS,0,Gujarat,21,56682.9322979875,0
3125,1044,151.57387116083032,POS,0,Gujarat,62,101756.0231593147,0
3126,1035,529.5166073872647,Online,0,Gujarat,36,87058.94400019576,0
3127,1042,712.2365813477206,Online,0,Karnataka,21,41385.04691503131,0
3128,1019,607.4794228198855,Online,0,Karnataka,30,138028.66687636246,0
3129,1017,841.1401174721299,Online,0,Karnataka,18,84778.49325694365,0
3130,1042,118.65812356078392,Online,0,Karnataka,51,123184.28196749922,0
3131,1020,706.1659875242076,POS,0,Maharashtra,24,62989.49555345007,0
3132,1003,557.3263438654819,Online,0,Delhi,42,144482.72197532404,1
3133,1049,410.20282078094624,Online,0,Maharashtra,40,117772.10270230884,0
3134,1032,373.2612331223293,POS,0,Tamil Nadu,47,79085.89318372565,0
3135,1026,639.7910011354833,POS,0,Maharashtra,24,137298.06822714504,0
3136,1006,896.4456059120515,POS,0,Maharashtra,62,113270.6424780373,0
3137,1005,521.3671297960595,POS,1,Maharashtra,34,75968.66518119682,0
3138,1014,833.4870058730742,POS,0,Delhi,50,146637.89058599324,0
3139,1017,432.0485627517691,Online,0,Gujarat,19,58810.634008463094,0
3140,1031,147.2747396535177,Online,0,Tamil Nadu,55,53354.19776279313,0
3141,1010,108.43044963570662,Online,0,Tamil Nadu,61,136305.3069952607,1
3142,1019,98.76765275749369,Online,0,Delhi,30,111958.33928987203,0
3143,1023,411.1426348597864,Online,0,Maharashtra,49,64916.27563721648,0
3144,1014,370.37586329404996,POS,0,Gujarat,39,50134.311258849004,0
3145,1047,732.040172441441,Online,0,Karnataka,26,43144.97884777351,0
3146,1006,755.6804265056226,Online,0,Delhi,34,60754.52811427144,0
3147,1020,98.31127039205283,POS,0,Gujarat,35,36320.197826962125,1
3148,1041,260.0670997445642,POS,0,Delhi,57,38895.25899273285,0
3149,1025,310.5487576509547,Online,0,Delhi,57,120961.15929936356,0
3150,1043,570.231384935669,Online,0,Karnataka,44,28288.827679222784,0
3151,1013,187.28946271160274,POS,0,Gujarat,28,77107.4763777838,0
3152,1036,177.24415843000037,Online,0,Maharashtra,45,72649.8486007186,0
3153,1020,946.5994447475601,POS,0,Gujarat,25,144824.83504707698,0
3154,1017,813.992761932892,Online,0,Gujarat,35,80520.41754902354,0
3155,1004,221.6221569866118,POS,0,Maharashtra,30,40911.197463735356,1
3156,1002,436.2394175102164,POS,0,Karnataka,50,31492.610207926424,0
3157,1022,387.8408992946873,POS,0,Gujarat,32,115217.01887295325,0
3158,1025,801.453870362137,Online,0,Maharashtra,39,39205.737862127644,0
3159,1036,534.7022706542159,POS,0,Delhi,55,141937.8040902673,0
3160,1023,171.45725014379366,POS,0,Delhi,47,92697.73283696693,0
3161,1048,752.0424599984317,Online,0,Maharashtra,23,72220.55631703774,0
3162,1018,427.043579313673,Online,0,Delhi,62,108963.2477200729,0
3163,1024,299.7780352505397,Online,0,Gujarat,51,45860.64988886015,0
3164,1020,406.72369091968415,POS,0,Maharashtra,36,69693.47725176092,1
3165,1011,522.8687354265516,POS,0,Gujarat,50,24343.800497037846,1
3166,1040,375.95974059615895,POS,0,Tamil Nadu,31,134098.1616241601,0
3167,1032,279.81048396216994,Online,0,Karnataka,64,75283.4195029524,0
3168,1049,428.5769273637813,Online,0,Karnataka,58,118647.27501495651,0
3169,1003,68.21426521240333,POS,0,Karnataka,36,139191.12408740917,0
3170,1041,783.8729537914982,Online,0,Maharashtra,57,104863.10814308154,0
3171,1006,212.39764888920652,Online,0,Tamil Nadu,32,68847.07108038879,0
3172,1021,91.70938294910539,POS,0,Karnataka,27,100538.70288980762,0
3173,1032,671.0137582598253,POS,0,Gujarat,19,66843.03622125194,0
3174,1016,785.2393223824886,Online,0,Karnataka,19,93750.8164352817,0
3175,1023,823.137675013201,POS,0,Tamil Nadu,38,76181.49208306146,0
3176,1033,518.8337235275699,Online,0,Gujarat,29,39482.89479984615,0
3177,1027,245.09977545548603,Online,0,Gujarat,27,121413.14916160046,0
3178,1042,750.3662933873354,POS,0,Maharashtra,29,84534.4773128414,0
3179,1040,714.7274232966203,POS,0,Maharashtra,56,44718.54504447601,0
3180,1038,283.9571973980146,Online,0,Delhi,19,135937.85751253297,0
3181,1021,908.2373680696534,Online,0,Tamil Nadu,18,130918.43408773492,1
3182,1048,149.15288517868754,POS,0,Gujarat,19,92647.39949120392,1
3183,1016,983.5538276117594,Online,0,Tamil Nadu,40,146141.42799992126,0
3184,1033,867.2354204285914,Online,0,Karnataka,45,140532.13478719542,0
3185,1005,703.5037132051215,Online,0,Karnataka,34,136610.75892866933,0
3186,1045,941.8123938658412,Online,0,Delhi,57,37327.930860603075,0
3187,1005,736.1956099075225,Online,0,Gujarat,38,58301.84340043499,0
3188,1033,230.93414717854364,POS,0,Gujarat,61,73324.72799027729,0
3189,1000,470.04833120717115,Online,0,Delhi,51,128148.20531682842,0
3190,1009,117.92787311505359,Online,0,Karnataka,26,133260.64902189517,0
3191,1020,420.17455117370963,POS,0,Gujarat,34,117693.07551076605,0
3192,1004,754.5228687503483,POS,0,Tamil Nadu,59,81411.90763281583,0
3193,1001,417.1211833842765,POS,0,Gujarat,62,41047.149611795125,0
3194,1021,363.77946669472743,Online,0,Karnataka,49,24575.50527631926,0
3195,1047,615.5879363847963,Online,0,Gujarat,22,110909.30616827834,0
3196,1001,878.5943025489503,POS,0,Gujarat,31,149240.02982964698,1
3197,1009,95.2040329188068,POS,0,Maharashtra,63,64911.37550538122,0
3198,1033,416.19691296474866,POS,0,Gujarat,64,93935.14736277891,0
3199,1015,200.32870472449957,POS,0,Delhi,42,125375.64272784871,0
3200,1047,710.5865381952761,POS,0,Delhi,39,44242.60790127059,0
3201,1038,150.43833240957812,Online,0,Tamil Nadu,22,127842.41122975235,0
3202,1021,681.5673706512323,POS,0,Gujarat,55,101294.60449841653,0
3203,1011,321.87182725801193,Online,0,Tamil Nadu,26,94080.28015982792,0
3204,1023,238.97097305036345,Online,0,Karnataka,48,119096.61881326821,1
3205,1046,939.5349299337361,POS,0,Karnataka,58,51323.3104290842,0
3206,1039,67.59834790865807,POS,0,Maharashtra,38,99921.45252164289,0
3207,1037,465.88840829509047,POS,0,Maharashtra,53,51248.91295223129,0
3208,1009,70.5456428387041,POS,0,Gujarat,18,43339.603046671145,0
3209,1034,509.4133956991126,POS,0,Gujarat,39,101036.10289752223,1
3210,1048,525.9950089046973,Online,0,Tamil Nadu,40,55006.54320445866,0
3211,1031,355.5793478250097,POS,0,Tamil Nadu,40,112869.29251349405,0
3212,1006,175.5536886487725,POS,0,Gujarat,32,86883.10712390851,0
3213,1020,407.5681608477515,Online,0,Gujarat,63,110343.98916647145,0
3214,1019,688.6497929359377,POS,0,Maharashtra,18,135910.45064977522,0
3215,1025,793.2760182122362,POS,0,Maharashtra,23,37971.985785151126,0
3216,1003,554.2130722687352,POS,0,Maharashtra,57,28676.02422540269,0
3217,1045,610.3426747177679,Online,0,Gujarat,52,71989.19891535319,0
3218,1021,240.58555256842007,POS,0,Tamil Nadu,34,113171.99730368884,0
3219,1014,322.963816566267,POS,0,Delhi,40,135199.69315979967,0
3220,1039,203.80082954974048,POS,0,Delhi,37,24523.27261443635,0
3221,1020,286.8305825043808,POS,0,Tamil Nadu,45,123084.56028782787,0
3222,1014,263.6424412142552,Online,0,Tamil Nadu,54,29804.226078479132,0
3223,1021,543.4763470716757,POS,0,Tamil Nadu,35,95474.83784222249,0
3224,1027,584.554318001193,Online,0,Maharashtra,24,64733.371900155806,0
3225,1013,947.7000497804293,POS,1,Karnataka,64,22295.04473572749,0
3226,1026,235.7921147464469,POS,0,Gujarat,37,32622.147773271612,0
3227,1040,659.5919246534212,POS,0,Maharashtra,41,65984.40783286253,0
3228,1039,826.3963055381467,Online,0,Delhi,33,143987.94350200205,1
3229,1027,582.2293905938999,POS,0,Gujarat,30,40128.16881125595,0
3230,1025,292.2534698760219,POS,0,Tamil Nadu,45,55357.017760378876,0
3231,1048,299.4227185190002,Online,0,Delhi,24,149237.29971176636,0
3232,1001,87.29040041744992,POS,0,Tamil Nadu,32,82480.66225947948,0
3233,1024,340.1720152210576,POS,0,Tamil Nadu,40,54091.86386814524,0
3234,1002,757.3734950532111,POS,0,Tamil Nadu,40,100072.13103660857,0
3235,1007,95.14186934675486,POS,0,Gujarat,48,76684.19480161388,0
3236,1043,258.33051837958914,Online,0,Delhi,22,131580.05643825204,0
3237,1032,720.9208736051928,Online,0,Delhi,44,21037.288637785397,0
3238,1041,793.5189846817328,Online,0,Tamil Nadu,61,149580.95913115982,0
3239,1034,482.552489558832,POS,0,Maharashtra,27,28620.617377475883,0
3240,1005,713.1706215547164,POS,0,Karnataka,59,89826.0792304436,0
3241,1038,418.5545602221474,POS,0,Maharashtra,24,110661.99869114933,0
3242,1022,201.91758277292115,POS,0,Gujarat,49,91477.92609698328,1
3243,1024,428.2420188467612,Online,0,Karnataka,40,59100.58868569874,0
3244,1049,600.9694291929857,POS,0,Maharashtra,64,131206.25999415078,0
3245,1042,950.6506177602457,Online,0,Delhi,26,75954.993997541,0
3246,1018,115.31340448424345,POS,0,Maharashtra,46,59091.17447775278,0
3247,1004,532.0243891527125,POS,0,Tamil Nadu,44,119883.38114168098,0
3248,1010,362.4737893001882,Online,0,Gujarat,55,38961.262839270785,0
3249,1011,532.8961095628598,POS,0,Maharashtra,38,46651.176321130384,0
3250,1009,72.7766750077051,Online,1,Maharashtra,60,52860.06957682505,0
3251,1007,347.37408696650226,Online,0,Karnataka,23,76534.52707714535,0
3252,1023,828.8747401506547,POS,0,Tamil Nadu,43,22643.71990460524,0
3253,1027,576.2446471619056,Online,0,Karnataka,37,148930.83477410104,0
3254,1040,478.0533681753115,Online,0,Gujarat,32,98019.62387374294,0
3255,1035,321.2488181295726,POS,0,Gujarat,62,146193.5272273963,0
3256,1036,333.1403966517881,Online,0,Tamil Nadu,55,124968.92445133648,0
3257,1020,413.94636191105525,Online,0,Karnataka,37,37460.2995414562,0
3258,1007,843.7921744663324,POS,0,Tamil Nadu,32,47178.847163902785,0
3259,1008,968.852546467855,Online,0,Karnataka,46,24478.406233611637,0
3260,1046,466.7226122828558,POS,0,Delhi,23,128392.76206983712,0
3261,1014,423.6851968103737,Online,0,Tamil Nadu,33,97149.4898323226,0
3262,1047,854.2232370288697,POS,0,Gujarat,18,47958.45653114616,0
3263,1045,455.5600546044884,POS,0,Karnataka,23,146111.02395881707,0
3264,1039,574.4172636808686,POS,0,Delhi,33,115776.0667378838,0
3265,1017,269.3945813688072,POS,0,Gujarat,50,111717.44730608516,0
3266,1041,756.3274089901214,POS,0,Karnataka,24,54709.20647704888,0
3267,1019,555.3889023572428,Online,0,Delhi,27,60738.57197288458,0
3268,1005,818.5828227283246,POS,0,Gujarat,25,106837.24941309303,0
3269,1011,791.6960935272363,POS,0,Gujarat,38,97161.7142918554,0
3270,1001,254.25452985652714,Online,1,Delhi,43,104146.86060757512,0
3271,1006,729.8537730298743,POS,0,Gujarat,54,134246.96167901024,0
3272,1015,810.0516875538028,Online,0,Karnataka,35,40852.12001211121,0
3273,1002,378.8018787432753,Online,0,Karnataka,21,35123.34425294894,1
3274,1044,213.97865725716082,POS,0,Gujarat,37,93402.31067038534,0
3275,1002,52.50054780060877,Online,0,Maharashtra,59,85020.24642396424,0
3276,1026,478.35847043849077,Online,0,Delhi,57,72373.085340372,0
3277,1049,384.8110949618995,Online,0,Maharashtra,36,137612.65845047694,1
3278,1042,577.1643421341385,POS,0,Karnataka,50,92589.43332268391,0
3279,1039,228.63903795934647,Online,0,Gujarat,40,93742.67860103112,0
3280,1037,866.6822702831514,POS,0,Tamil Nadu,26,67635.81123552567,0
3281,1032,294.86745484670416,POS,0,Tamil Nadu,55,64729.33867998235,0
3282,1027,265.1081248332675,Online,0,Maharashtra,62,148388.5778843151,1
3283,1000,506.67835366013816,POS,0,Maharashtra,62,100999.45973485823,0
3284,1007,523.9084725570606,Online,0,Maharashtra,35,127265.03796536458,0
3285,1036,254.3309673458382,Online,0,Karnataka,63,78169.55992089924,0
3286,1031,308.26769038962,POS,0,Karnataka,19,44941.05965784027,0
3287,1047,211.21997719748268,POS,0,Gujarat,34,62229.329110342194,0
3288,1042,732.5371694070085,POS,0,Karnataka,33,64996.54472708972,0
3289,1036,781.5845796913778,Online,0,Gujarat,63,93438.62824070605,0
3290,1003,489.21207258631847,Online,0,Gujarat,62,40100.03888093091,0
3291,1029,728.3826715507665,Online,0,Maharashtra,41,70312.35575468132,1
3292,1005,749.1386223405732,POS,0,Tamil Nadu,48,33075.032830720025,0
3293,1045,181.36175129391816,Online,0,Maharashtra,18,84548.95050532548,0
3294,1018,967.86912359281,Online,0,Karnataka,45,143165.1754744485,0
3295,1031,829.9803497416094,Online,0,Delhi,50,64061.37773650279,0
3296,1008,244.25928813603232,Online,0,Karnataka,59,26462.618555550704,1
3297,1011,226.85678395876673,POS,0,Tamil Nadu,54,99138.86760399253,0
3298,1010,169.37808830060362,Online,0,Karnataka,56,102514.85705499463,0
3299,1045,181.45963441482246,POS,0,Tamil Nadu,21,82344.06217457925,0
3300,1015,760.7537090772614,Online,0,Delhi,18,71591.74649126461,0
3301,1000,496.17154410404237,Online,0,Delhi,50,136046.39807673544,0
3302,1044,793.7874641028739,Online,0,Gujarat,27,141996.83382433988,0
3303,1020,758.9421496326952,POS,0,Karnataka,20,107511.00575088624,0
3304,1029,624.3820778299605,POS,0,Gujarat,54,85159.24668930913,0
3305,1012,702.0482762497455,POS,0,Maharashtra,62,28781.20127302417,0
3306,1033,67.4379381601847,Online,0,Maharashtra,38,59134.95995616593,0
3307,1003,346.1887644647709,Online,0,Maharashtra,26,57061.926805457806,0
3308,1027,655.9310702964397,POS,0,Maharashtra,57,27571.52450889576,0
3309,1037,58.87770581193199,Online,0,Maharashtra,60,129637.20256662102,0
3310,1030,81.32809649846374,Online,0,Karnataka,41,132716.1888268795,0
3311,1026,859.293583346864,POS,0,Gujarat,63,138608.21484826188,0
3312,1004,699.8236186074682,Online,0,Gujarat,25,116435.21037260945,0
3313,1024,302.1012464643268,Online,0,Tamil Nadu,41,112366.8161044204,1
3314,1002,703.5646981127736,Online,0,Maharashtra,41,82117.44623268361,0
3315,1032,802.8338356823001,POS,0,Delhi,27,131461.7318934523,1
3316,1003,341.4545689545962,Online,0,Tamil Nadu,52,86317.49355038867,0
3317,1024,84.23550862422807,POS,0,Tamil Nadu,21,23853.344135764564,0
3318,1019,936.1401684533478,Online,0,Karnataka,61,96038.34820229527,0
3319,1033,377.92084638084896,POS,0,Tamil Nadu,26,70759.48684864884,0
3320,1025,151.15767512047105,POS,0,Delhi,28,87768.73333692682,1
3321,1004,517.26402782349,POS,0,Gujarat,60,77291.79250349902,0
3322,1034,780.0444058809271,POS,0,Tamil Nadu,30,84583.76523447226,0
3323,1027,260.56494888668124,Online,0,Karnataka,44,34114.45448634082,0
3324,1028,306.0155476266952,POS,0,Maharashtra,47,21889.31623445801,0
3325,1008,280.579237458654,Online,0,Delhi,63,64224.362346455906,0
3326,1037,992.0894001900942,Online,0,Maharashtra,56,53090.053735563844,0
3327,1049,237.53354704401542,POS,0,Tamil Nadu,29,52507.50292910876,0
3328,1005,596.7442061178178,Online,0,Gujarat,36,141822.37913571732,0
3329,1018,929.0014095741161,Online,0,Karnataka,57,126468.05499534582,0
3330,1043,189.55174043389027,Online,0,Delhi,21,21738.212065255528,0
3331,1010,972.3114879743152,Online,0,Gujarat,51,21133.497353021663,0
3332,1001,950.1033726758434,POS,0,Delhi,40,120996.9902397629,0
3333,1046,890.3433877053494,Online,0,Karnataka,62,148031.87549504155,0
3334,1043,253.82869526350214,Online,0,Karnataka,43,80476.8267411015,0
3335,1043,652.3523032104341,Online,0,Tamil Nadu,24,76306.86942604394,0
3336,1008,772.8468993131781,Online,0,Delhi,35,55857.188269160695,1
3337,1020,986.7265317866082,Online,0,Tamil Nadu,59,106662.38631034296,0
3338,1023,221.4026309773019,POS,1,Delhi,21,81314.42346549778,0
3339,1033,777.7246045433317,Online,0,Delhi,25,41777.432124728424,0
3340,1021,371.8611114307573,POS,0,Maharashtra,39,82578.70484876158,0
3341,1002,216.8451422896022,Online,0,Tamil Nadu,43,68928.2315280051,0
3342,1011,450.3080941531622,POS,0,Delhi,30,135674.76870777394,0
3343,1027,804.1441165411856,Online,0,Delhi,63,120306.25931469345,0
3344,1029,491.60731351884954,Online,0,Karnataka,34,111162.1675123085,0
3345,1025,560.646945192896,POS,0,Maharashtra,61,62530.82900972996,0
3346,1047,995.4014396901151,POS,0,Karnataka,53,38149.99965510397,0
3347,1020,429.1538345795547,POS,0,Tamil Nadu,58,132408.26794093844,0
3348,1027,634.6307169737778,Online,0,Tamil Nadu,64,64557.160239723824,0
3349,1025,396.98199153460325,POS,0,Delhi,32,97084.35699022636,0
3350,1032,423.1463640122697,POS,0,Gujarat,35,96807.32382927528,0
3351,1020,710.8587157731376,POS,0,Karnataka,44,140646.90061324887,0
3352,1034,940.9926272901394,Online,0,Tamil Nadu,23,42324.07236962441,0
3353,1033,565.2410029677053,Online,0,Delhi,51,120313.91016164183,0
3354,1040,779.9799325013408,Online,0,Delhi,58,80136.7750804568,0
3355,1046,134.74623087611565,POS,0,Karnataka,22,42717.76150637403,0
3356,1017,250.6001355603306,Online,0,Delhi,29,128633.01894861113,1
3357,1010,527.0250588735557,Online,0,Maharashtra,46,126618.08377197909,0
3358,1022,69.01113744733605,Online,0,Gujarat,54,25223.713280019427,1
3359,1047,290.2122298244309,Online,0,Karnataka,29,112227.20228262657,0
3360,1021,541.5312253337179,POS,0,Karnataka,42,39957.58520205345,0
3361,1016,64.21313834348568,Online,0,Karnataka,64,99346.8454726836,1
3362,1004,301.3189719147396,POS,0,Delhi,51,103694.34208341401,1
3363,1043,538.329278502076,POS,0,Delhi,28,106481.79155640386,0
3364,1010,594.4917855821834,POS,0,Karnataka,40,35612.592118039094,0
3365,1029,929.4641084025402,POS,0,Karnataka,41,97781.0681573334,0
3366,1014,663.0783420880774,POS,1,Maharashtra,35,32982.21749003619,0
3367,1026,443.9990124034941,POS,0,Tamil Nadu,27,116922.04433098076,0
3368,1034,933.8336182764144,Online,0,Maharashtra,22,28286.80223742337,0
3369,1032,795.6388342184046,POS,0,Karnataka,48,118515.43447641944,1
3370,1019,240.00847505711022,Online,0,Delhi,42,134854.01253116375,0
3371,1015,174.30024328137878,POS,0,Delhi,34,58810.41351809675,0
3372,1033,692.0210539555964,Online,1,Karnataka,45,121177.95802407395,0
3373,1001,581.8890072981346,POS,0,Tamil Nadu,18,74277.75721063436,0
3374,1034,800.1899331031179,Online,0,Gujarat,62,123702.76888390687,1
3375,1039,751.8647975747522,Online,0,Gujarat,19,109212.80805627091,0
3376,1027,643.9509571646392,POS,0,Maharashtra,64,57588.2665996901,0
3377,1046,987.0630630474476,POS,0,Tamil Nadu,57,45185.37565220847,0
3378,1038,556.9102436048883,POS,0,Gujarat,19,138916.47769709682,0
3379,1005,157.45046867663385,POS,0,Tamil Nadu,44,129067.29218199816,0
3380,1008,836.859886575189,Online,0,Delhi,25,105787.26238629204,0
3381,1019,289.2606942284235,Online,0,Delhi,44,65418.31036548646,1
3382,1000,788.4370407367223,POS,0,Tamil Nadu,54,86359.71985402479,0
3383,1007,959.2517412000489,POS,0,Karnataka,34,92522.33701574843,1
3384,1022,711.9557382661242,Online,0,Gujarat,21,31189.093647170233,0
3385,1002,616.2286529023111,POS,0,Gujarat,61,146390.40254827056,0
3386,1003,487.36686689128857,Online,0,Delhi,55,31936.49717605878,0
3387,1024,396.1893726956331,POS,0,Maharashtra,48,113818.87569571166,1
3388,1046,385.35451342324444,POS,0,Gujarat,22,84064.21527137392,0
3389,1037,654.554070424111,Online,0,Delhi,42,118784.23493893088,0
3390,1014,763.7094610908586,Online,0,Delhi,45,53920.94108146816,0
3391,1020,694.5912160101936,POS,0,Tamil Nadu,36,71364.34623605336,0
3392,1034,238.4895961338846,Online,0,Tamil Nadu,54,88315.18906099019,0
3393,1045,519.2878211363166,POS,0,Tamil Nadu,59,35695.44011485079,0
3394,1013,802.0580685739098,Online,0,Maharashtra,40,130738.85808074546,0
3395,1035,501.9188742796034,POS,0,Gujarat,53,148899.87795780814,0
3396,1011,559.7921157487192,POS,0,Maharashtra,62,74286.38394296814,0
3397,1016,782.5792457622811,POS,1,Maharashtra,30,68986.1351869243,1
3398,1038,678.2020409518369,Online,0,Tamil Nadu,34,97230.480639057,1
3399,1008,438.877674838273,Online,0,Delhi,47,109526.92847745003,0
3400,1034,900.642075634508,Online,0,Karnataka,40,132914.93361253673,0
3401,1012,204.43871523030467,Online,0,Delhi,20,68475.83043479334,0
3402,1014,995.7406261608085,POS,0,Delhi,30,119427.54562631069,0
3403,1017,162.90994955242536,Online,0,Delhi,49,51210.49155664376,0
3404,1032,64.20247254902696,Online,0,Delhi,62,108458.23818031937,0
3405,1005,895.5179560913265,Online,0,Maharashtra,52,80676.87864145961,0
3406,1026,282.7058329476583,POS,0,Tamil Nadu,19,106018.47209121156,0
3407,1022,743.2146460743849,Online,0,Tamil Nadu,64,69374.99263927872,0
3408,1026,820.4646061854659,Online,0,Delhi,20,58264.11294372444,0
3409,1033,866.037071480511,POS,0,Karnataka,46,83178.71926555102,0
3410,1045,992.0145238809583,POS,0,Gujarat,27,136363.3529140125,1
3411,1037,329.3377245379991,POS,0,Delhi,37,107730.7658635849,0
3412,1013,724.7311748308962,POS,0,Delhi,51,99515.44767395672,0
3413,1035,159.62986536678682,POS,0,Karnataka,32,113582.4791554473,0
3414,1007,436.4688267890069,POS,0,Maharashtra,57,114784.51807716208,0
3415,1034,855.5731086469608,POS,0,Delhi,62,58316.72894699021,0
3416,1018,399.27514375615294,Online,0,Karnataka,18,50255.891789109526,0
3417,1029,611.5406115088333,POS,0,Maharashtra,43,86187.1426830785,0
3418,1013,528.5847715384024,POS,0,Maharashtra,49,39218.766425849826,1
3419,1019,663.6539545564428,POS,0,Delhi,19,81716.28327545739,0
3420,1048,974.2496699183101,POS,0,Maharashtra,49,110095.88448828152,1
3421,1024,102.94875017633201,POS,0,Delhi,58,20963.321369116606,0
3422,1039,595.2634416265482,Online,0,Delhi,46,34449.16913319419,0
3423,1023,869.8773402877705,Online,0,Tamil Nadu,37,145079.98347834384,0
3424,1013,507.31357616100615,Online,0,Gujarat,40,140632.45594284794,0
3425,1025,124.60082664449418,Online,0,Gujarat,29,74329.1459553073,0
3426,1037,582.5123847959323,Online,0,Tamil Nadu,61,96704.26608833254,0
3427,1022,365.47019628262944,Online,0,Delhi,27,40188.01673767275,1
3428,1021,197.19469607103912,Online,0,Karnataka,36,63031.55854016432,1
3429,1047,856.5827876192993,POS,0,Maharashtra,27,123081.18321001722,0
3430,1018,545.5195373415655,POS,0,Tamil Nadu,36,131275.65468989388,0
3431,1045,936.6125917601133,POS,0,Tamil Nadu,43,72687.98169880614,0
3432,1002,815.7156793729156,POS,0,Tamil Nadu,41,60436.84982696802,0
3433,1041,708.323204084984,POS,0,Tamil Nadu,26,108618.6467812233,0
3434,1018,54.77422819704634,POS,0,Gujarat,46,113327.41038398295,0
3435,1008,456.43228380633747,Online,0,Delhi,46,147894.91366056536,0
3436,1027,237.61196756943067,POS,1,Tamil Nadu,54,110652.74504600116,0
3437,1019,915.2580154964244,POS,0,Tamil Nadu,45,51221.449666677494,1
3438,1044,215.85478544254227,POS,1,Tamil Nadu,20,27797.995724951164,0
3439,1006,321.7570490763212,Online,0,Karnataka,40,53488.67658979653,1
3440,1013,540.9949293477741,Online,0,Karnataka,21,49464.84113257229,0
3441,1008,300.1954380481753,Online,0,Maharashtra,31,32068.45660598662,0
3442,1018,249.37144341516512,POS,0,Delhi,55,77770.38543894474,0
3443,1046,619.1443588476149,POS,0,Tamil Nadu,30,57458.08603867237,0
3444,1013,134.48304661727266,POS,0,Maharashtra,45,140261.77378415765,0
3445,1037,105.25937078487848,Online,1,Maharashtra,56,72508.26733174745,0
3446,1035,403.63303042676785,Online,0,Delhi,61,133960.15943502483,0
3447,1039,734.6312317824692,POS,0,Karnataka,37,59875.16784862752,0
3448,1016,577.0664203602506,Online,0,Delhi,45,128093.77697131853,1
3449,1029,451.7326450434399,POS,0,Maharashtra,49,79086.89196333704,0
3450,1008,587.4639860133533,Online,0,Delhi,31,24206.565843163917,1
3451,1032,397.1789104206099,Online,0,Karnataka,30,83303.94591815237,1
3452,1024,939.3390186605072,Online,0,Maharashtra,28,49479.86447719244,0
3453,1013,102.1596463652356,POS,0,Delhi,55,59967.4817461171,0
3454,1010,689.7219050783434,Online,0,Tamil Nadu,56,108966.46230684982,0
3455,1034,896.718531586363,POS,0,Tamil Nadu,59,88835.60534880705,0
3456,1040,813.6904732984907,POS,0,Delhi,32,135519.6249302441,0
3457,1013,224.8389830803744,POS,0,Delhi,26,141674.10540948983,0
3458,1029,331.1300315312739,Online,0,Karnataka,20,109824.45941173598,0
3459,1040,731.1955417717495,Online,0,Maharashtra,22,132259.6037387161,0
3460,1003,130.05703122172724,Online,0,Delhi,45,45359.67096322591,0
3461,1003,821.2686148409548,POS,0,Maharashtra,59,30305.682136027834,0
3462,1027,732.9615973745508,Online,0,Tamil Nadu,32,63285.98409082648,0
3463,1007,743.1263167735755,Online,0,Maharashtra,20,62343.11849439352,0
3464,1001,145.2293017542118,POS,0,Gujarat,52,106462.02733227913,0
3465,1040,731.8725175754194,POS,0,Karnataka,24,129246.76887496815,0
3466,1045,695.8272189589715,POS,0,Karnataka,47,58594.704610364686,0
3467,1021,839.376366280758,Online,0,Maharashtra,41,75220.4900853424,0
3468,1040,89.51615844364602,Online,0,Karnataka,48,33644.19687495539,0
3469,1015,71.95513504440258,POS,0,Maharashtra,31,73656.3221978522,1
3470,1028,404.3567448846327,Online,0,Maharashtra,33,47873.131686754015,0
3471,1048,191.34886965669523,POS,0,Tamil Nadu,21,69719.19963230629,0
3472,1047,580.4652536917108,Online,0,Maharashtra,20,54625.14378043747,0
3473,1029,921.4814564314114,POS,0,Karnataka,52,125134.83952187478,0
3474,1011,421.90574381731494,Online,0,Gujarat,26,20528.149399867358,1
3475,1034,852.702858408974,POS,1,Delhi,21,64032.07402727072,0
3476,1010,50.22883079197315,POS,0,Karnataka,36,146000.6332635159,1
3477,1045,210.088911286225,POS,0,Gujarat,41,108269.05059158111,0
3478,1049,78.90236267138134,Online,0,Karnataka,28,120381.74006326811,0
3479,1020,361.7398214893152,Online,0,Gujarat,32,131783.5892102377,0
3480,1020,912.7801159116776,Online,0,Karnataka,53,67039.731710262,1
3481,1004,142.10451741903836,POS,0,Delhi,48,28572.800632660757,0
3482,1047,626.0892879066104,POS,0,Tamil Nadu,25,73389.69431955474,0
3483,1019,478.921142163472,POS,0,Tamil Nadu,19,104851.83744497976,0
3484,1036,941.5448017475219,POS,0,Delhi,20,68202.90542317418,0
3485,1002,166.39318541023914,POS,0,Karnataka,20,78280.62646069999,0
3486,1043,251.4264579771175,POS,0,Gujarat,38,127315.51790585095,0
3487,1032,78.0648701809186,POS,0,Maharashtra,29,24710.826214874087,1
3488,1008,462.23848714980505,POS,0,Karnataka,31,63513.73337455474,1
3489,1008,313.94125458642156,POS,1,Delhi,40,83493.69362448773,1
3490,1003,876.4106371958048,Online,0,Tamil Nadu,30,58894.31453269661,0
3491,1034,624.6937725378673,POS,0,Tamil Nadu,33,77957.81544388647,1
3492,1016,633.3862010769166,Online,1,Karnataka,34,72229.36422963373,0
3493,1033,555.3151620372373,POS,0,Gujarat,35,140108.1625986005,0
3494,1023,137.25782036774095,Online,0,Delhi,30,84105.93104150923,0
3495,1031,472.7677495390875,POS,0,Delhi,43,81921.85454226076,0
3496,1000,999.5299302230907,Online,0,Gujarat,62,53083.45245841837,0
3497,1007,843.4678263037141,POS,0,Gujarat,57,26021.967251531583,0
3498,1044,898.7861014587601,POS,0,Karnataka,56,58932.153581868726,0
3499,1022,832.0650412841745,POS,0,Karnataka,48,23537.063401480387,0
3500,1046,147.88960875943354,Online,0,Tamil Nadu,57,127480.65247961113,0
3501,1039,266.07584136155964,POS,0,Tamil Nadu,34,46557.396330616335,0
3502,1011,52.965568788589145,Online,0,Gujarat,49,138455.1587631342,0
3503,1011,338.33461863420587,Online,0,Maharashtra,18,135158.68600747915,0
3504,1045,153.17703222916793,Online,0,Maharashtra,52,106410.46391046073,0
3505,1046,499.15367803650383,Online,0,Maharashtra,53,132130.67857584835,0
3506,1014,693.2711141452069,Online,0,Delhi,36,134128.9545681671,1
3507,1040,880.7800302861732,POS,0,Karnataka,45,120925.0298227157,0
3508,1018,761.7563068363532,Online,0,Gujarat,19,86030.6312555399,0
3509,1025,941.65631598958,Online,0,Tamil Nadu,46,143506.0418572074,0
3510,1028,101.20337587409935,Online,0,Maharashtra,60,126306.3379057762,0
3511,1021,61.57084364571437,Online,0,Tamil Nadu,46,36508.05115119154,0
3512,1039,678.2712081444021,POS,0,Karnataka,60,74588.07786406705,0
3513,1020,324.8847897111339,POS,0,Gujarat,36,90159.85429931355,0
3514,1037,290.8259653004845,POS,0,Maharashtra,45,88823.88585498279,1
3515,1019,364.3427333091046,Online,0,Maharashtra,51,69339.52310604023,0
3516,1028,306.30625499774595,Online,0,Gujarat,48,89113.23270177875,0
3517,1003,535.8645859865079,Online,0,Tamil Nadu,54,32088.96569552406,1
3518,1006,468.14102486292586,POS,0,Karnataka,36,105180.21670636177,0
3519,1027,536.8071238078235,Online,0,Karnataka,49,84706.48527770439,0
3520,1027,689.0779309254144,POS,0,Karnataka,46,122394.88696854438,0
3521,1003,417.7739835225909,Online,0,Tamil Nadu,26,110140.40027713601,0
3522,1021,288.74230278504893,Online,0,Tamil Nadu,24,34660.07318974164,0
3523,1011,207.8905099683082,POS,0,Maharashtra,29,65592.24106717239,0
3524,1044,382.00041355599427,Online,0,Tamil Nadu,48,115712.07133537142,0
3525,1002,754.7161514838634,POS,0,Delhi,35,63795.20504620744,0
3526,1021,768.8696646058961,Online,0,Gujarat,45,93697.13430155595,1
3527,1043,683.5601173499998,POS,0,Tamil Nadu,38,144965.04103285895,0
3528,1001,272.32676654153084,Online,0,Karnataka,26,30389.67866157576,0
3529,1023,608.6819335619629,Online,0,Tamil Nadu,51,44737.59674172671,0
3530,1033,592.1551784980056,Online,0,Maharashtra,51,82479.22221018339,0
3531,1026,510.0528882042392,Online,0,Gujarat,64,115996.34858526125,0
3532,1040,572.480037064671,Online,0,Gujarat,41,62914.473955363304,0
3533,1000,517.2011009924847,POS,0,Karnataka,33,35269.99279972704,0
3534,1007,587.1835477704028,POS,0,Gujarat,45,61050.85802176694,0
3535,1022,729.7306568900723,Online,0,Delhi,63,103776.23226493107,0
3536,1037,154.14678468326775,POS,0,Gujarat,64,123031.21255092608,0
3537,1005,762.1444645415726,POS,0,Karnataka,52,147011.67586724623,0
3538,1021,179.09184262121448,POS,0,Gujarat,23,118974.94078381953,0
3539,1024,113.29659848985597,POS,0,Tamil Nadu,55,83993.62652641437,0
3540,1017,977.2757019103942,Online,0,Maharashtra,58,58040.21726282569,0
3541,1016,959.1421804269194,POS,0,Tamil Nadu,28,140577.12986703153,1
3542,1011,107.41471769353585,POS,0,Delhi,21,89447.34212351005,0
3543,1005,471.09076940121406,Online,0,Delhi,31,109543.16899508293,0
3544,1025,226.93269138478598,Online,0,Maharashtra,30,81417.24646428,0
3545,1026,511.07765227769715,Online,0,Maharashtra,32,51473.918133668776,0
3546,1007,838.6683808496081,Online,0,Maharashtra,25,91101.9981360224,0
3547,1018,953.0811860057457,Online,0,Maharashtra,60,129187.54548982347,0
3548,1041,652.5400207789605,Online,0,Gujarat,41,69831.72062915031,0
3549,1000,386.2103838512262,Online,0,Tamil Nadu,28,106934.44536746167,0
3550,1028,623.1592873623684,Online,0,Delhi,52,25506.300053997624,1
3551,1044,346.4012408030278,POS,0,Gujarat,42,141749.8850521078,0
3552,1048,914.3324587904573,Online,0,Maharashtra,40,146091.1001834583,1
3553,1034,876.8804399505451,POS,0,Karnataka,64,70218.29848549675,0
3554,1039,580.320162765678,Online,0,Karnataka,62,84789.90875249275,0
3555,1013,358.5589696113425,Online,0,Tamil Nadu,24,40875.75124954914,0
3556,1034,328.72019180382944,POS,0,Delhi,22,45505.57314243486,0
3557,1047,81.74709496980648,Online,0,Delhi,49,98268.92104922589,0
3558,1044,825.0298084740305,Online,0,Tamil Nadu,45,101510.58031227352,1
3559,1019,477.8640523870576,POS,0,Maharashtra,61,64408.901170143305,1
3560,1048,358.8762819802512,POS,0,Maharashtra,20,68623.66443824733,0
3561,1012,497.5548372478662,POS,0,Delhi,47,85809.7088397145,0
3562,1037,827.8010909319194,POS,0,Delhi,61,142173.01324529632,0
3563,1048,168.38349732214513,POS,0,Delhi,22,39455.36242573442,0
3564,1045,864.773188829736,POS,0,Maharashtra,50,91698.61546482315,0
3565,1048,902.6333933529363,Online,0,Karnataka,37,27564.19850097931,0
3566,1007,949.3725192821938,Online,0,Tamil Nadu,47,79585.38272588782,0
3567,1042,427.6135928014964,Online,0,Tamil Nadu,61,71637.5868234105,1
3568,1019,256.2833838357883,Online,0,Gujarat,39,41345.87039328314,0
3569,1032,404.95877754336357,Online,0,Gujarat,39,41319.42037741661,0
3570,1025,366.26649141983313,POS,0,Karnataka,55,78512.53174117836,1
3571,1038,217.34621687771704,POS,0,Delhi,46,36457.33772144349,0
3572,1020,626.9033365964135,Online,0,Karnataka,38,58321.18904317823,0
3573,1048,502.79295248319744,POS,0,Gujarat,35,29258.38581507185,0
3574,1041,872.4159427078034,Online,0,Gujarat,28,58648.18411548051,0
3575,1042,80.50410145795534,POS,0,Tamil Nadu,27,89380.01999031963,0
3576,1040,661.67453117737,Online,0,Karnataka,52,116703.23062461223,0
3577,1008,774.8014345859831,Online,0,Maharashtra,43,127952.89220388007,0
3578,1023,771.5122407288917,Online,0,Gujarat,61,63919.5244515799,0
3579,1036,891.7702687407489,POS,0,Tamil Nadu,63,142043.5952666392,0
3580,1048,742.5820556880194,POS,0,Delhi,21,51281.22234515894,0
3581,1040,931.4195585653115,Online,0,Karnataka,27,30474.92685761703,0
3582,1016,366.0237698298469,POS,0,Gujarat,56,140251.2565485756,0
3583,1023,528.0489459139659,Online,0,Maharashtra,33,90175.37318076512,1
3584,1020,63.37568011874614,Online,0,Gujarat,58,65679.30937375163,0
3585,1038,56.609707938126654,POS,0,Maharashtra,47,136754.411346854,0
3586,1040,278.1202894289439,Online,0,Karnataka,20,120846.94943275038,1
3587,1038,145.766837282131,Online,0,Maharashtra,51,128217.68314066915,0
3588,1012,297.20079953896595,Online,0,Maharashtra,42,58004.64841493866,1
3589,1010,218.19112980197752,POS,0,Tamil Nadu,55,133553.07980919,0
3590,1045,77.09402359671583,Online,0,Karnataka,59,104470.42280563385,0
3591,1018,913.8389390857469,Online,0,Gujarat,53,115942.06136184112,0
3592,1010,57.811974819446945,Online,0,Delhi,21,60614.88298714641,0
3593,1012,749.2780371202311,Online,0,Karnataka,59,51852.01700350948,0
3594,1045,194.5404925735407,POS,0,Karnataka,27,73063.59730686445,0
3595,1044,916.61814089962,Online,0,Delhi,30,94777.65466745665,0
3596,1000,898.1561426103915,Online,0,Gujarat,23,106578.29854785599,0
3597,1039,671.2060890507945,POS,0,Tamil Nadu,24,84735.39173137216,0
3598,1043,688.6224423105749,POS,0,Gujarat,45,110852.34989467847,0
3599,1018,55.072184871204115,POS,0,Delhi,54,112083.10450899974,0
3600,1011,985.627987807922,POS,0,Gujarat,32,106589.6874790467,1
3601,1007,883.9409733970236,POS,0,Karnataka,47,52641.500830213,0
3602,1007,900.3509144435874,POS,0,Tamil Nadu,57,78022.70356784464,0
3603,1044,676.2823101983283,Online,0,Maharashtra,27,119547.26752012379,0
3604,1011,377.5475822218097,Online,0,Gujarat,29,135304.9878598332,0
3605,1047,898.9662166359568,POS,0,Maharashtra,34,85152.2466778339,0
3606,1032,326.9410817436327,Online,0,Tamil Nadu,47,148282.796163034,0
3607,1044,584.5759661750927,POS,0,Maharashtra,18,42712.645205308145,0
3608,1025,144.7444237266883,Online,0,Gujarat,53,49169.2838691175,0
3609,1038,925.8578486261126,POS,0,Delhi,57,79897.66987204464,0
3610,1027,183.73193488265267,POS,0,Karnataka,41,86136.27521256145,0
3611,1004,263.65196544388687,Online,0,Karnataka,55,75182.02453853947,0
3612,1007,580.2274502218042,POS,0,Maharashtra,38,75951.60860983479,1
3613,1024,775.8883502023325,Online,0,Karnataka,59,83342.58108266073,0
3614,1026,638.383740639484,POS,0,Karnataka,49,61621.62964467619,0
3615,1045,270.5272171601483,POS,0,Delhi,35,37022.60450748795,0
3616,1022,50.89589040111582,Online,0,Maharashtra,30,144294.12688525545,0
3617,1029,769.2930512920673,POS,0,Delhi,54,123348.30067511686,1
3618,1044,985.9469596155391,Online,0,Delhi,61,125937.406760686,0
3619,1046,819.4174642907859,Online,0,Tamil Nadu,38,67444.6571026456,0
3620,1022,487.1962872487846,Online,0,Maharashtra,35,72504.96023922872,1
3621,1048,908.5788983291512,Online,0,Delhi,57,141659.6239870219,0
3622,1046,439.3552894624325,Online,0,Gujarat,63,146478.74205659342,0
3623,1019,548.6873800312942,POS,0,Karnataka,64,142540.71240663412,0
3624,1017,503.27327902589906,POS,0,Maharashtra,43,103538.02366808109,0
3625,1017,475.2426790322487,Online,0,Tamil Nadu,22,51553.07177070045,0
3626,1001,786.4312308292104,POS,0,Delhi,22,98646.5355087211,0
3627,1003,550.4304619060174,Online,0,Gujarat,48,96581.25851164432,0
3628,1029,350.88126592395525,POS,0,Karnataka,45,138070.5708386693,0
3629,1032,295.2502592755544,Online,0,Karnataka,30,60516.91824063307,0
3630,1035,85.85995111906172,POS,0,Gujarat,28,46088.39091366066,1
3631,1017,604.0354037888936,Online,0,Maharashtra,18,54554.91089807667,0
3632,1036,268.46334463098253,POS,0,Karnataka,41,51608.85558863489,0
3633,1018,190.72722591556393,Online,0,Karnataka,30,104289.97447005464,0
3634,1046,671.1384656362937,Online,0,Karnataka,35,125616.28808194026,1
3635,1027,697.1487949304714,POS,0,Delhi,41,67854.72150984695,0
3636,1039,764.5471476447826,Online,0,Delhi,46,42933.680977062424,0
3637,1019,528.398051521662,Online,0,Karnataka,45,64601.910156806065,0
3638,1048,899.3518749436922,POS,0,Tamil Nadu,55,91052.58837063062,1
3639,1032,939.5256157283164,POS,0,Karnataka,62,106383.1849133405,1
3640,1011,817.002392802865,Online,0,Maharashtra,39,91473.82676274297,0
3641,1014,653.8138079077778,Online,0,Tamil Nadu,37,53374.93792313077,0
3642,1040,338.5349059116292,Online,0,Maharashtra,28,139342.44150990958,0
3643,1038,983.7976755392101,Online,0,Gujarat,37,76915.63859518591,0
3644,1001,310.42935883234145,POS,0,Gujarat,58,79666.09657311023,0
3645,1028,242.5240758909095,Online,1,Delhi,30,145760.07930418756,0
3646,1040,470.0464080972536,Online,0,Delhi,64,132887.76855776177,0
3647,1009,103.99854217676904,POS,0,Delhi,41,124814.99226537754,0
3648,1001,979.5697414382013,POS,0,Gujarat,60,43749.83209719628,0
3649,1010,609.0118785956035,Online,0,Maharashtra,41,128951.35012982109,0
3650,1012,579.1044870809665,POS,0,Tamil Nadu,34,79190.1233605713,0
3651,1009,673.0064659047339,POS,0,Delhi,22,47221.19162024646,0
3652,1013,522.1724653883464,POS,0,Gujarat,47,148814.65558307164,0
3653,1017,80.46034123981451,Online,0,Delhi,31,42367.053842679496,0
3654,1008,631.6957243983769,Online,0,Karnataka,32,139851.89137666524,1
3655,1038,730.3651831086091,Online,0,Tamil Nadu,26,20068.709411362513,0
3656,1027,445.9116075928505,POS,0,Maharashtra,31,76929.34777690205,0
3657,1002,769.4307934676333,Online,0,Delhi,27,23886.478414248897,0
3658,1019,265.6512343714996,Online,0,Karnataka,39,138618.7784213798,0
3659,1005,260.21276151287486,Online,0,Karnataka,48,36365.57422684405,0
3660,1026,203.34613830319526,POS,0,Tamil Nadu,30,107502.80160556457,0
3661,1001,403.3950217997038,Online,0,Gujarat,34,102058.64878665157,0
3662,1028,854.6614336196294,Online,0,Gujarat,18,121278.89312670137,1
3663,1037,836.5164590416111,Online,0,Delhi,31,117094.09388748638,0
3664,1002,413.6829975653286,Online,0,Delhi,61,24218.351559384562,0
3665,1015,609.6627991812247,POS,0,Gujarat,56,70492.08150361813,0
3666,1029,734.7755006511699,Online,0,Maharashtra,52,61927.99861000328,1
3667,1039,279.1464358966218,Online,0,Maharashtra,18,146475.08426557647,1
3668,1001,209.73403160000973,POS,0,Karnataka,44,120736.11625556559,0
3669,1016,973.4911935516955,POS,0,Tamil Nadu,62,112034.76958288165,0
3670,1040,636.6794475491375,POS,0,Maharashtra,39,77480.85027337549,0
3671,1011,982.3449357419806,POS,0,Delhi,51,135825.88324928418,0
3672,1034,370.8681877756176,POS,0,Maharashtra,26,22186.554969983867,0
3673,1042,717.8801149754249,Online,0,Tamil Nadu,53,49697.03024590194,0
3674,1000,261.47345471417583,POS,0,Delhi,49,110351.66401234834,0
3675,1044,298.1401627102173,POS,0,Tamil Nadu,55,86090.42068209958,0
3676,1014,536.3070152061428,POS,0,Gujarat,37,89394.94582892739,0
3677,1025,353.6372192326677,Online,0,Tamil Nadu,44,74124.84212711017,0
3678,1036,209.24048564855525,Online,0,Tamil Nadu,20,41639.57650192313,0
3679,1020,299.7366668898597,Online,0,Tamil Nadu,28,41608.79275230386,0
3680,1048,83.96097474257141,POS,0,Delhi,41,58282.5587029071,0
3681,1030,719.2024404036123,Online,0,Tamil Nadu,46,80880.25343965387,0
3682,1024,517.5108242315684,POS,0,Tamil Nadu,22,127136.35839875131,0
3683,1022,139.53091308429936,POS,0,Karnataka,50,78088.16281473995,0
3684,1023,213.10929347206664,Online,0,Delhi,25,136713.3917228261,0
3685,1037,147.40781120701183,Online,0,Tamil Nadu,36,35667.17137884476,0
3686,1027,631.9631678620826,Online,0,Maharashtra,21,55330.48700270937,0
3687,1020,139.49984543186912,POS,0,Tamil Nadu,58,29168.089293470563,1
3688,1042,766.5682163834553,Online,0,Maharashtra,52,86303.32358132952,0
3689,1017,69.48537335437162,Online,0,Gujarat,47,31704.198375026557,0
3690,1035,286.90699859609754,Online,0,Gujarat,22,123438.93883559786,0
3691,1034,896.1333420973118,Online,0,Delhi,57,25169.281903907668,0
3692,1044,732.6047522161338,Online,0,Delhi,55,81801.14535728889,0
3693,1008,119.31991627940333,POS,0,Gujarat,20,74679.88623041814,0
3694,1037,830.0697992609207,POS,0,Delhi,33,46290.271402383405,0
3695,1029,518.3833654631945,Online,0,Maharashtra,25,96290.99128646901,0
3696,1043,854.4438758103878,POS,0,Maharashtra,62,70192.78443090482,1
3697,1033,620.7027857278737,POS,0,Karnataka,22,45735.68543425602,0
3698,1031,697.7413804312158,POS,0,Delhi,55,127453.16360280657,0
3699,1002,993.8264823759228,Online,0,Delhi,52,105890.41385318828,1
3700,1002,270.71876862781727,POS,0,Karnataka,25,21579.870570634233,0
3701,1027,642.748296023319,Online,0,Tamil Nadu,53,85242.40874383149,0
3702,1043,487.30532055452846,POS,0,Maharashtra,42,55269.871488299555,0
3703,1014,87.47935527655687,Online,0,Tamil Nadu,25,138964.59423591843,1
3704,1040,63.74710942772178,POS,0,Karnataka,38,114325.51050918413,0
3705,1022,163.26714892696572,POS,0,Delhi,63,99509.91060445944,0
3706,1039,666.6371535116207,Online,0,Tamil Nadu,26,31577.030551929594,0
3707,1010,588.8049335177226,Online,0,Delhi,49,140983.9689145741,0
3708,1047,575.7580831055411,POS,0,Karnataka,61,38746.161770435436,1
3709,1031,80.26392440184708,Online,0,Gujarat,30,78597.06325971207,0
3710,1035,495.8378465420067,Online,0,Delhi,40,108535.40424483619,0
3711,1032,928.3916769504021,Online,0,Tamil Nadu,25,84319.97159149901,1
3712,1023,427.7122758451143,Online,0,Tamil Nadu,52,134721.10467070533,0
3713,1038,643.6763462990335,POS,0,Karnataka,45,128594.3640727176,1
3714,1033,790.8277418419864,Online,0,Tamil Nadu,32,37597.820472793086,0
3715,1027,794.7290151847932,POS,0,Maharashtra,46,100292.71382377231,0
3716,1036,543.3160782755078,POS,0,Delhi,21,26786.409537450338,0
3717,1006,865.0543481322195,Online,0,Maharashtra,51,113675.07579466203,0
3718,1003,421.8091886955596,Online,0,Karnataka,54,115682.71963622901,0
3719,1036,894.2585540455584,Online,0,Maharashtra,41,64783.84945366574,0
3720,1000,278.21580807576805,Online,0,Maharashtra,38,122257.19625744977,0
3721,1000,316.2055866410425,POS,0,Delhi,19,104851.3186197329,0
3722,1046,100.46459298905104,POS,0,Delhi,24,85526.59466314976,1
3723,1019,805.8027447151687,Online,0,Gujarat,28,79185.43203991538,0
3724,1018,446.2024744210703,POS,0,Maharashtra,29,34188.26563547236,1
3725,1028,267.66078321582904,Online,0,Delhi,21,89043.51731117486,0
3726,1009,270.2007637357507,POS,0,Maharashtra,52,40292.9937442798,0
3727,1017,906.3299441677715,POS,0,Maharashtra,57,105283.96014578198,1
3728,1027,842.220770437985,POS,0,Karnataka,43,97312.81561199707,0
3729,1034,575.8543410893242,Online,0,Karnataka,35,57769.01530839673,0
3730,1042,635.305260394935,Online,0,Maharashtra,54,52109.88035736255,1
3731,1046,500.60929202277646,POS,0,Karnataka,33,81888.12389748261,1
3732,1030,422.0832157348684,Online,0,Delhi,29,86623.42882753698,0
3733,1026,919.7030371574149,Online,0,Maharashtra,58,123730.29110374964,0
3734,1010,169.33206834428697,POS,0,Karnataka,57,59514.540008387296,0
3735,1048,447.52445023041656,Online,0,Delhi,54,72444.94258778178,0
3736,1048,377.3338125884816,Online,0,Maharashtra,36,64628.39418282587,0
3737,1037,523.243184238591,POS,0,Maharashtra,32,71235.18450512554,0
3738,1004,484.7502808179163,POS,0,Karnataka,39,93722.58937355602,0
3739,1007,542.9450550685274,POS,0,Delhi,37,92471.24609844052,0
3740,1033,182.9230283656444,POS,0,Maharashtra,60,66974.50353044242,0
3741,1047,537.4844264376133,Online,0,Maharashtra,30,98316.5869406792,1
3742,1011,280.2978731928503,Online,0,Gujarat,40,100085.80869630947,0
3743,1037,225.1147815387817,POS,0,Maharashtra,48,88496.71812679169,0
3744,1000,111.59250784688166,POS,0,Gujarat,43,78807.02194838585,0
3745,1030,774.5199308183338,Online,1,Gujarat,62,30131.759997917838,0
3746,1003,456.06982481373194,Online,0,Delhi,49,90364.84617864237,0
3747,1048,645.3114991461704,Online,0,Tamil Nadu,38,112650.9987632953,1
3748,1044,741.2136761395062,POS,0,Gujarat,34,47992.5288144097,0
3749,1049,695.3508320478759,POS,0,Delhi,46,121118.57158209365,0
3750,1004,496.97568313519815,POS,0,Karnataka,46,96235.93709837616,0
3751,1029,418.5036025041433,POS,0,Gujarat,39,50877.724602162634,0
3752,1023,407.16191415863057,Online,0,Tamil Nadu,36,41183.665415294505,0
3753,1002,658.0463570835535,POS,0,Karnataka,31,51902.18866884337,0
3754,1010,520.0546371947797,POS,0,Gujarat,56,118681.19273807482,0
3755,1044,856.6756355890851,Online,0,Gujarat,40,52566.54367534723,0
3756,1003,880.9668851103764,POS,0,Tamil Nadu,58,108819.08341799052,0
3757,1025,212.03235910619253,Online,0,Maharashtra,19,90956.14811308206,0
3758,1026,179.42196896843936,POS,0,Tamil Nadu,49,91089.92269435091,0
3759,1045,648.8808797341995,Online,0,Delhi,55,130837.91182951533,1
3760,1042,336.16446065916546,Online,0,Delhi,50,133714.52577516998,0
3761,1026,67.64218282684392,Online,0,Tamil Nadu,24,89798.16358005416,0
3762,1041,894.2105358948073,POS,0,Tamil Nadu,51,28487.774323005448,0
3763,1049,265.5557288816178,POS,0,Tamil Nadu,21,40954.002780939874,0
3764,1005,932.8166191015187,POS,0,Tamil Nadu,40,143326.76913163182,0
3765,1014,731.5627283343409,POS,0,Tamil Nadu,37,37509.39955787041,0
3766,1029,774.5208154159101,POS,0,Gujarat,39,128595.73054272299,0
3767,1041,241.3884210035024,POS,0,Karnataka,63,90252.88471658467,0
3768,1036,272.4847043359723,Online,0,Delhi,46,34821.60045624943,1
3769,1036,545.2043661328624,POS,0,Delhi,60,139535.4818064322,0
3770,1041,213.49486001736906,POS,0,Karnataka,58,140653.6476119535,0
3771,1036,340.16010804888066,Online,0,Tamil Nadu,54,99996.995972216,1
3772,1034,355.3893540504142,Online,0,Karnataka,20,70551.80578041813,0
3773,1022,201.6484365901259,POS,0,Tamil Nadu,39,98974.8410255058,0
3774,1005,244.9236917254027,Online,0,Delhi,37,101608.81760388211,1
3775,1003,799.1242499078437,POS,0,Maharashtra,42,100877.97378920451,0
3776,1017,208.83606181990496,Online,0,Delhi,51,115343.07958193643,0
3777,1008,77.03452225172636,POS,0,Delhi,59,28728.77876357839,0
3778,1048,647.8871954974915,Online,0,Maharashtra,46,33328.90189434067,0
3779,1028,977.1839634228274,Online,0,Karnataka,27,56761.210346385036,0
3780,1012,364.6531238919653,POS,0,Gujarat,56,65459.98578010561,0
3781,1046,162.7229180364397,POS,0,Tamil Nadu,64,102943.96173280446,0
3782,1016,591.8679590991543,Online,0,Tamil Nadu,54,42343.75731280229,0
3783,1044,911.0365005408639,Online,0,Delhi,57,90333.80342189696,0
3784,1031,794.8586908370548,Online,0,Maharashtra,37,44094.138447801626,0
3785,1047,641.3900749920801,Online,0,Delhi,55,66213.21925749605,0
3786,1021,349.3036717772194,POS,0,Delhi,40,141614.87580575698,0
3787,1003,564.7861646124089,Online,0,Karnataka,28,136440.92023806245,0
3788,1004,136.6825992390426,Online,0,Tamil Nadu,25,143903.5109796254,0
3789,1036,694.9981530666364,POS,0,Gujarat,46,96884.52990192645,0
3790,1040,738.8412179527683,POS,0,Maharashtra,53,85169.0277036484,1
3791,1048,966.7800417644229,POS,0,Gujarat,42,130358.92744099197,0
3792,1012,297.37749080781805,POS,0,Maharashtra,56,30356.434095208235,0
3793,1033,67.53359809087151,POS,0,Tamil Nadu,51,147198.4280344821,0
3794,1044,568.328041205793,POS,0,Karnataka,64,80108.4060455575,0
3795,1021,721.4509791769738,Online,0,Gujarat,49,107852.2253885924,0
3796,1022,800.8871020888386,Online,0,Maharashtra,58,114701.0890723621,0
3797,1002,234.05198637357006,Online,0,Delhi,40,101749.18014480319,0
3798,1041,298.6652255851725,POS,0,Tamil Nadu,38,135898.27071201173,0
3799,1033,536.9613790039315,POS,0,Karnataka,36,57460.96751290923,0
3800,1031,364.07076947150176,Online,0,Delhi,42,89200.06259191279,0
3801,1044,867.4859122580727,Online,0,Karnataka,40,75939.69286297564,0
3802,1048,500.0721460517843,POS,0,Maharashtra,36,111536.74716936299,0
3803,1020,809.5997118969028,POS,0,Delhi,22,71364.97244245818,0
3804,1045,601.5887724582361,Online,0,Karnataka,36,136071.83086989415,0
3805,1043,784.4356345362564,Online,0,Tamil Nadu,52,83755.91764130324,0
3806,1020,366.03933720380763,Online,0,Gujarat,29,89681.05389728579,0
3807,1043,839.8457908337956,Online,0,Gujarat,56,84141.12482002669,1
3808,1010,310.8436997734705,Online,0,Delhi,42,100942.70558915114,0
3809,1038,568.7938676031263,POS,0,Tamil Nadu,22,86352.19701359267,0
3810,1003,253.30675751518052,Online,0,Tamil Nadu,29,141864.3528247163,0
3811,1000,501.7501955448837,Online,0,Karnataka,44,37045.9130394852,0
3812,1027,352.266449033268,POS,0,Delhi,21,21745.55535275977,0
3813,1023,303.36825910535356,Online,0,Tamil Nadu,36,87832.22301425744,1
3814,1034,968.6357671266356,POS,0,Karnataka,62,119402.0058160711,0
3815,1012,202.0704002123941,POS,0,Tamil Nadu,64,104265.45128803139,0
3816,1046,797.9595455845255,Online,0,Delhi,41,145155.43968997995,0
3817,1033,984.9567115090541,Online,0,Tamil Nadu,59,43696.011377753355,0
3818,1010,68.90640955307394,POS,0,Tamil Nadu,45,110217.73372441562,0
3819,1035,714.0760433399903,POS,0,Tamil Nadu,50,126062.82069975957,0
3820,1016,290.26621527847277,POS,0,Gujarat,52,138568.31463614962,0
3821,1034,88.46343311188923,Online,0,Maharashtra,33,88711.68991612335,0
3822,1017,432.7451000087993,Online,0,Delhi,29,67203.82786312496,0
3823,1039,938.4569196623313,Online,0,Gujarat,33,144196.96026463594,1
3824,1021,61.1768396486478,Online,0,Maharashtra,28,122891.24597149283,1
3825,1023,608.4914073332926,Online,0,Tamil Nadu,60,81209.71152747581,1
3826,1018,526.3266546655582,POS,0,Tamil Nadu,45,104651.5876604883,0
3827,1036,879.7149561524951,Online,0,Gujarat,40,56214.99447897706,0
3828,1038,129.80162879459436,Online,0,Karnataka,63,99929.44361113246,0
3829,1020,697.4497283923179,POS,0,Delhi,34,90203.86158240393,1
3830,1007,696.1042135116135,Online,0,Maharashtra,36,25099.292121670434,0
3831,1027,685.6260160191691,Online,0,Tamil Nadu,28,132547.21820887877,0
3832,1004,945.2177701882852,Online,0,Delhi,21,83724.99237323337,1
3833,1016,831.9331525565364,POS,0,Tamil Nadu,27,82365.75466041916,0
3834,1036,89.8740899313307,POS,0,Tamil Nadu,36,56845.882115132044,0
3835,1035,497.5287081692875,Online,0,Tamil Nadu,53,45530.388101916156,0
3836,1018,428.0554033912668,Online,0,Delhi,60,57878.336984633155,0
3837,1026,344.63986003626195,Online,0,Gujarat,56,104497.46520090556,0
3838,1033,478.76988889639244,POS,0,Delhi,58,32694.400056853377,1
3839,1010,414.9844756796786,POS,0,Delhi,39,63272.36860476004,1
3840,1044,460.71720488473204,Online,0,Karnataka,19,147236.2394165825,0
3841,1046,980.2987723282104,Online,0,Karnataka,50,55298.71483875229,0
3842,1011,134.20132601210173,Online,0,Gujarat,57,145665.15197634042,0
3843,1020,926.1193263467933,Online,0,Karnataka,44,33625.399802229105,0
3844,1010,506.22487779747536,POS,0,Gujarat,36,123218.0695427652,0
3845,1038,642.5551332245641,POS,0,Tamil Nadu,63,77165.96235112756,1
3846,1027,838.6738182868091,Online,0,Tamil Nadu,21,45326.2020051004,0
3847,1004,392.4398776917928,POS,0,Delhi,36,122364.92378181624,1
3848,1016,458.9008126835685,POS,0,Tamil Nadu,42,20907.502880958156,0
3849,1019,439.0425562647783,Online,0,Karnataka,23,65128.22689420083,0
3850,1040,405.99447140897183,Online,0,Maharashtra,64,98631.45318200227,1
3851,1045,929.2528555645501,Online,0,Delhi,30,50026.13195872356,0
3852,1011,837.4833966333615,Online,0,Gujarat,39,63229.34141986525,0
3853,1005,153.5499903698273,POS,0,Tamil Nadu,21,31888.93734236843,0
3854,1016,152.71718485324124,Online,0,Delhi,19,130917.60263600205,1
3855,1018,456.4760391103416,Online,0,Delhi,20,74881.62483511562,0
3856,1025,143.7245078961686,Online,0,Delhi,63,38888.3677815111,0
3857,1047,638.1384405075637,Online,0,Tamil Nadu,47,45882.22148291241,0
3858,1043,186.5070268986472,POS,0,Gujarat,21,55771.69692943598,0
3859,1043,546.2546007684609,Online,0,Delhi,60,49830.64180848051,0
3860,1031,56.858949653531866,Online,0,Delhi,46,85429.87549365658,1
3861,1005,350.7665309920144,POS,0,Delhi,62,137678.36214737457,0
3862,1035,693.3311874890227,Online,0,Tamil Nadu,50,43908.96209804526,0
3863,1037,509.836993216456,Online,0,Karnataka,30,78948.04020155504,1
3864,1010,979.3560116990387,Online,0,Gujarat,64,106310.8334773312,0
3865,1032,880.3986062629002,POS,0,Delhi,56,43893.241957795064,0
3866,1023,391.1172400909937,Online,0,Delhi,49,40018.9744768855,0
3867,1022,93.21221439866088,Online,0,Delhi,45,40197.15479573984,0
3868,1014,853.3449851092679,Online,0,Tamil Nadu,54,134657.91524241635,0
3869,1026,915.6725947989378,POS,0,Karnataka,45,112464.5068031321,0
3870,1010,829.5960237480849,Online,0,Delhi,44,63727.94109099613,0
3871,1049,171.5524438737766,Online,0,Delhi,42,137332.9584333261,0
3872,1016,998.0193776916733,Online,0,Tamil Nadu,47,143960.94110722255,0
3873,1013,295.6550104751351,POS,0,Gujarat,23,71775.59289635527,0
3874,1026,737.9946671679515,POS,0,Gujarat,47,86358.18342420086,0
3875,1017,912.6331325189354,Online,0,Karnataka,26,66551.00366923955,0
3876,1027,273.902758614174,Online,0,Gujarat,23,49582.25699431465,1
3877,1046,912.8456269432128,POS,0,Delhi,46,121401.28534158679,0
3878,1046,344.0075002351236,Online,0,Tamil Nadu,40,104378.1473556173,0
3879,1003,977.5925612648533,POS,0,Delhi,23,67695.75035562532,0
3880,1006,317.1970193614509,POS,0,Delhi,39,21869.397813134292,1
3881,1044,955.7640335199434,POS,0,Karnataka,19,119277.54139382909,0
3882,1034,100.86741834804116,Online,0,Gujarat,48,82058.28582934548,0
3883,1047,723.8084110863224,POS,0,Gujarat,23,29501.092291469125,0
3884,1008,555.5055771451534,POS,0,Gujarat,59,36185.30919045962,0
3885,1007,503.9832232665941,Online,0,Delhi,22,101689.12345708473,0
3886,1044,262.31959854304796,Online,0,Tamil Nadu,37,91023.20608084189,0
3887,1016,720.3160002876674,Online,0,Tamil Nadu,29,51262.17491445877,0
3888,1016,231.26901687399175,POS,0,Delhi,55,38184.307165361184,0
3889,1048,575.1997061855299,POS,0,Maharashtra,55,135015.45601518074,0
3890,1032,290.5830948882383,Online,0,Delhi,25,37532.697660060265,0
3891,1031,957.8403107922883,POS,0,Gujarat,60,31137.90809484425,0
3892,1007,77.19963414387018,Online,0,Delhi,50,100592.44351621681,0
3893,1018,239.74186610567472,Online,0,Maharashtra,56,52831.796749926,0
3894,1037,280.1950760680753,Online,0,Delhi,57,105357.99888187116,1
3895,1002,443.3644344794256,Online,0,Gujarat,48,83582.7447160731,0
3896,1004,271.09372977655084,Online,0,Karnataka,20,47462.295787428644,0
3897,1012,516.781635755346,POS,0,Tamil Nadu,36,29053.023325099304,0
3898,1046,878.842247095612,POS,0,Maharashtra,25,29184.613493263518,0
3899,1045,726.4602503387123,Online,0,Karnataka,47,96161.83177156112,1
3900,1030,600.9638815083555,POS,0,Tamil Nadu,48,118571.87963416272,1
3901,1015,134.55301908354568,POS,0,Karnataka,46,109655.77209039444,0
3902,1049,709.2925029698118,Online,0,Delhi,23,97070.89455818138,0
3903,1031,208.09357009539286,POS,0,Delhi,19,47420.65981208945,0
3904,1021,797.0490166636131,POS,0,Tamil Nadu,40,132032.51770259516,0
3905,1028,287.55392058464554,Online,0,Tamil Nadu,61,101749.94801505421,1
3906,1021,446.19629190485585,POS,0,Delhi,47,110245.81253078472,0
3907,1042,382.9466922020315,POS,0,Delhi,55,49098.04000235778,0
3908,1002,865.8732189411139,POS,0,Tamil Nadu,63,53993.8304632284,0
3909,1009,170.21723577773773,POS,0,Tamil Nadu,56,137981.44282278587,1
3910,1041,587.3626382655492,POS,0,Tamil Nadu,26,81889.56419296595,0
3911,1020,184.95852897090913,Online,0,Gujarat,24,91999.52040342806,0
3912,1015,719.5560443255773,Online,0,Gujarat,64,34399.51380055312,0
3913,1011,909.824221404757,Online,0,Delhi,61,71294.61762347171,0
3914,1001,462.87727117389073,Online,0,Gujarat,32,135314.68431001282,0
3915,1040,513.6876472517271,Online,0,Maharashtra,32,137019.63014162873,0
3916,1023,931.0516946586241,POS,0,Delhi,38,114919.8496530541,0
3917,1034,544.9418192168893,POS,0,Maharashtra,31,90932.89765210568,0
3918,1029,513.2185161470829,Online,0,Karnataka,28,141006.89128539286,0
3919,1029,599.4126475690889,Online,0,Maharashtra,28,133339.32982325274,0
3920,1046,704.7682495448043,Online,0,Karnataka,37,130025.65649057346,0
3921,1034,151.5392063326798,POS,0,Maharashtra,30,134634.94308455463,0
3922,1018,830.0550013544403,POS,0,Karnataka,62,78920.99033054496,0
3923,1049,463.7297760805963,POS,0,Karnataka,47,88313.69347570023,0
3924,1007,118.73108440261126,POS,0,Delhi,57,75121.63816334098,0
3925,1025,796.8735357383025,POS,0,Tamil Nadu,56,116208.71257881592,0
3926,1048,408.1024731019585,POS,0,Tamil Nadu,37,96950.52702186878,0
3927,1039,145.34912034030123,Online,0,Delhi,62,29060.717239501624,0
3928,1006,652.0900875660881,POS,0,Karnataka,60,37758.027876647226,1
3929,1029,886.1247857619596,Online,0,Tamil Nadu,55,45002.17776807631,0
3930,1006,893.365833943287,Online,0,Tamil Nadu,25,107171.99873243384,0
3931,1002,959.7803010685245,POS,0,Maharashtra,54,34274.66415711372,1
3932,1000,874.3201867783536,POS,0,Gujarat,59,90306.5665438713,0
3933,1035,52.03387337820146,POS,0,Delhi,50,129308.54698312498,0
3934,1024,411.2291080927207,POS,0,Gujarat,43,143176.8880366367,0
3935,1036,827.6154509102279,POS,1,Karnataka,61,75670.18048362376,1
3936,1000,397.9403556985505,POS,0,Maharashtra,56,89345.84479818064,0
3937,1014,621.4710810607208,POS,0,Tamil Nadu,25,128098.64431384196,0
3938,1036,626.0011000058054,POS,0,Maharashtra,35,141646.43254349736,0
3939,1012,396.7740388368819,Online,0,Delhi,56,70681.98511453083,0
3940,1039,909.2502309172232,Online,0,Karnataka,31,65897.86738856528,0
3941,1007,528.0669281168117,POS,0,Maharashtra,35,78609.8034855185,0
3942,1004,491.54499564062576,Online,0,Maharashtra,38,52994.613611131455,0
3943,1008,997.6380583788011,POS,0,Maharashtra,40,131756.35984722184,0
3944,1000,518.8253458689858,Online,1,Tamil Nadu,21,61365.70460167029,0
3945,1035,219.478339332152,Online,0,Karnataka,27,78429.45099790566,0
3946,1034,537.4159517202661,POS,0,Tamil Nadu,60,61595.22473689398,0
3947,1001,823.3158987439335,POS,0,Maharashtra,28,35459.73678206372,0
3948,1039,788.0173105533673,POS,0,Tamil Nadu,37,98864.16067033765,0
3949,1022,799.1526768530474,Online,0,Tamil Nadu,36,96389.36986128135,0
3950,1008,722.6225947980162,Online,0,Delhi,18,58337.01864236097,1
3951,1033,291.5069376133538,POS,0,Gujarat,48,24081.761975248268,0
3952,1045,868.9798815482199,Online,0,Gujarat,19,141777.06471359835,0
3953,1013,898.7712921074518,POS,0,Delhi,58,66221.14110179426,1
3954,1003,234.4450617876216,Online,0,Delhi,22,90038.11681510747,0
3955,1029,173.93285472382422,POS,0,Tamil Nadu,51,38687.3349760149,0
3956,1030,976.8247201596564,Online,0,Tamil Nadu,21,52651.8494218859,0
3957,1037,874.9077654678495,POS,0,Karnataka,44,76582.86052426593,0
3958,1010,898.5743398494494,POS,0,Gujarat,56,93091.76981808279,0
3959,1034,892.0575653931754,POS,0,Tamil Nadu,20,131021.84179353582,0
3960,1007,564.6024828320419,Online,0,Karnataka,43,57753.723861223654,0
3961,1002,664.0816498325097,POS,0,Gujarat,58,133331.5001238825,0
3962,1013,568.0947095269596,Online,0,Karnataka,18,79597.70352927598,0
3963,1012,98.64603173081261,POS,0,Karnataka,33,76247.99287709392,0
3964,1044,758.2279310851341,POS,0,Delhi,52,71533.93323208913,0
3965,1031,530.0654316690863,POS,0,Maharashtra,36,135203.15778737853,0
3966,1033,665.3236210507183,Online,0,Maharashtra,33,52632.230608369515,1
3967,1044,527.5078147267585,Online,0,Maharashtra,50,131457.34238080407,0
3968,1018,517.2207562063331,Online,0,Karnataka,48,31583.453386592286,1
3969,1037,213.1996540038785,POS,0,Tamil Nadu,39,144192.64478887818,0
3970,1015,314.7780293840915,Online,0,Maharashtra,61,85392.04826016659,1
3971,1001,200.910057346758,POS,0,Tamil Nadu,37,149857.67663591588,0
3972,1039,235.88298084407532,POS,0,Gujarat,23,99031.41221328864,0
3973,1016,974.3285113992897,POS,0,Maharashtra,52,35288.26931471523,0
3974,1033,195.4577734835885,POS,0,Karnataka,56,27915.91925082422,1
3975,1041,305.80690308994724,POS,0,Delhi,20,45144.449136955445,0
3976,1015,611.0601748516557,Online,0,Karnataka,49,74749.36048690736,0
3977,1037,629.6696474248098,Online,0,Tamil Nadu,30,117134.65415918373,0
3978,1001,196.27542325663762,POS,0,Gujarat,31,20092.923366710143,0
3979,1001,804.0315544959517,POS,0,Karnataka,58,53455.08115920618,0
3980,1025,795.9427245171837,Online,0,Delhi,25,96384.09372378074,0
3981,1012,275.4518189936965,POS,0,Delhi,64,58724.83721900628,0
3982,1046,324.2329875416874,POS,0,Gujarat,36,66402.67364122262,0
3983,1030,941.0884721865222,POS,0,Maharashtra,62,59099.26448090404,0
3984,1033,834.3878736805042,POS,0,Karnataka,31,143913.77950117883,0
3985,1038,712.9071814093976,Online,0,Karnataka,28,28558.31297458275,0
3986,1002,128.1215604350705,POS,0,Delhi,52,137976.46149360706,0
3987,1007,447.3508768574469,Online,0,Tamil Nadu,53,62021.09279223073,1
3988,1022,581.3367784729857,Online,0,Karnataka,20,52051.063474934715,0
3989,1013,228.04072358458808,Online,0,Delhi,42,134824.9094971512,0
3990,1026,475.8152530028133,Online,0,Tamil Nadu,30,57320.975395344314,0
3991,1028,620.9745836142555,POS,0,Maharashtra,33,148372.8562344612,0
3992,1038,361.00784610962927,POS,0,Maharashtra,45,91251.40331463816,0
3993,1038,791.8975780029629,POS,0,Delhi,62,81928.35645472474,0
3994,1000,848.4271025568652,Online,0,Delhi,44,146943.32139001123,0
3995,1016,357.4289959623672,Online,0,Maharashtra,27,49479.69288619338,0
3996,1040,846.7242967678343,Online,0,Delhi,35,138166.01278183813,1
3997,1029,148.39773779786427,POS,0,Gujarat,25,96898.19858125117,0
3998,1012,845.8426436915234,POS,0,Karnataka,24,118145.80242465237,0
3999,1020,195.11291008423575,POS,0,Gujarat,39,95664.45869425406,0
4000,1018,128.78079488423975,Online,0,Tamil Nadu,55,100424.30035439158,0
4001,1018,659.6866342189606,Online,0,Delhi,64,40139.781596367844,0
4002,1024,498.3404974675296,POS,0,Delhi,26,39716.141876194044,0
4003,1021,912.4960703921911,Online,0,Tamil Nadu,59,71630.41050069165,1
4004,1030,395.02973628630673,Online,0,Karnataka,57,65030.60124424618,1
4005,1016,322.79465026574724,POS,0,Maharashtra,56,112567.85823455107,0
4006,1022,525.6981608369884,Online,0,Gujarat,46,113958.84916110014,0
4007,1031,483.14887648022824,Online,0,Karnataka,54,93292.96516656423,1
4008,1009,377.20664390632885,POS,0,Maharashtra,64,72261.19621943352,0
4009,1009,709.0542337634122,Online,0,Maharashtra,59,107985.24640404491,0
4010,1035,771.5837422182129,Online,0,Delhi,46,109354.92137128446,0
4011,1007,860.3347705786298,Online,0,Tamil Nadu,45,125183.25286724392,0
4012,1019,974.2137744748258,Online,0,Delhi,38,125524.92605928688,0
4013,1031,303.32338252587925,POS,0,Tamil Nadu,50,29043.73120814045,0
4014,1049,730.2888083654634,POS,0,Delhi,43,68626.67746052568,0
4015,1013,424.545323720958,Online,0,Gujarat,55,74590.79553076817,0
4016,1049,693.2278733535527,POS,0,Delhi,32,130100.25649657166,0
4017,1027,502.1826058317593,POS,0,Gujarat,19,85235.01229246729,0
4018,1045,994.084447629535,POS,1,Karnataka,29,83544.74823048765,0
4019,1023,742.4570290012124,Online,0,Karnataka,50,91990.39235272164,0
4020,1014,954.8667354126083,Online,0,Delhi,32,36537.83492669018,0
4021,1021,843.2210720071264,POS,0,Karnataka,62,93488.5572096273,0
4022,1029,907.7559606052025,POS,0,Maharashtra,18,91701.14200513197,1
4023,1003,823.6982373539412,POS,0,Gujarat,50,118075.30919962307,0
4024,1012,486.2011738571158,POS,0,Tamil Nadu,21,102439.91515349848,0
4025,1022,289.19903067954016,Online,0,Gujarat,45,144153.90438001667,0
4026,1007,401.8041666779961,POS,0,Delhi,31,30413.178273682603,0
4027,1017,69.22442100795293,Online,0,Karnataka,62,120314.7051647073,0
4028,1011,547.7935090914339,Online,0,Karnataka,29,117695.31009887804,0
4029,1030,529.8049102568882,Online,0,Maharashtra,23,55014.84128898374,0
4030,1013,548.9879415889638,Online,0,Karnataka,37,110811.53512551042,0
4031,1033,975.3296637234606,Online,0,Delhi,38,105711.76221353398,1
4032,1017,915.8813032820973,Online,0,Delhi,33,58831.76239338555,0
4033,1033,203.6271394136026,Online,0,Tamil Nadu,29,114091.7255032701,0
4034,1010,400.4383954780947,POS,0,Gujarat,37,140984.8045196928,0
4035,1040,452.7583704900988,Online,0,Gujarat,62,59678.4704997823,0
4036,1011,392.5062719590654,POS,0,Gujarat,50,147410.7417862694,0
4037,1048,808.5711654237174,POS,0,Tamil Nadu,19,49157.283097768435,1
4038,1014,547.8357863742076,POS,0,Tamil Nadu,51,37503.42231964674,0
4039,1030,593.4948261230438,POS,0,Tamil Nadu,43,30016.545278564314,0
4040,1048,860.3628810385293,POS,0,Maharashtra,50,47778.83629815295,0
4041,1028,815.6317457445907,Online,0,Tamil Nadu,59,64526.510350139855,0
4042,1025,175.6009466792847,Online,0,Karnataka,47,115310.73926974404,0
4043,1017,728.2188548794526,POS,0,Maharashtra,18,29361.427207604786,0
4044,1031,463.66432245693375,POS,0,Karnataka,63,85944.47101297189,0
4045,1021,329.9164579093754,POS,0,Gujarat,25,87436.54846593985,1
4046,1037,97.51787985707702,Online,0,Delhi,18,49632.59470191218,0
4047,1016,512.8870823281784,POS,0,Gujarat,63,25909.365656716778,1
4048,1022,387.6648466883048,Online,0,Tamil Nadu,27,49265.47287111488,1
4049,1023,288.9373876925808,Online,0,Delhi,49,49950.636879728125,0
4050,1049,709.9381431171097,POS,0,Gujarat,57,109443.08785537616,0
4051,1007,781.0111179498077,Online,0,Maharashtra,19,50391.32963244217,0
4052,1040,282.55004307795355,Online,0,Tamil Nadu,48,64234.34505920296,0
4053,1005,96.97506484537989,Online,0,Gujarat,21,26165.894934852524,0
4054,1004,856.3150655369733,POS,0,Delhi,29,101112.97938888695,0
4055,1043,59.461754144088154,POS,0,Karnataka,48,81638.68828413205,1
4056,1028,940.2568692253984,POS,0,Gujarat,58,64846.03111820605,1
4057,1027,646.2388802835707,POS,0,Maharashtra,40,111374.44482097629,0
4058,1010,355.75430344125425,POS,0,Delhi,50,108675.84680887737,1
4059,1000,284.1540140978994,POS,0,Gujarat,25,62627.93030645013,0
4060,1042,58.55538105125148,POS,0,Karnataka,33,112222.99465567384,0
4061,1018,273.69784616033326,POS,0,Tamil Nadu,32,65267.28826161973,0
4062,1008,180.84188644128406,Online,0,Tamil Nadu,58,48859.905665642495,0
4063,1026,631.5579096869884,POS,0,Tamil Nadu,57,113577.88068193248,0
4064,1033,208.21830916411125,Online,0,Delhi,43,114643.34557321144,0
4065,1043,552.1983456597884,Online,0,Karnataka,31,132549.7019956762,0
4066,1003,610.6106012272472,POS,0,Karnataka,29,85122.75267816999,0
4067,1035,333.1396134295688,Online,0,Gujarat,44,50209.26644132681,0
4068,1017,83.31170156778276,Online,0,Tamil Nadu,64,128796.61910219348,0
4069,1014,85.3911865834863,POS,0,Delhi,48,42706.70304969052,0
4070,1012,75.02996558422173,Online,0,Tamil Nadu,21,142019.76638641162,0
4071,1018,752.168433779719,POS,0,Tamil Nadu,47,59864.95904546647,1
4072,1048,352.10921957358323,Online,0,Gujarat,21,22439.185714741354,0
4073,1005,806.4851766692805,Online,0,Gujarat,48,44279.62182642639,0
4074,1047,460.1461826507067,POS,0,Gujarat,51,73922.93896176381,0
4075,1011,480.34819578846566,Online,0,Maharashtra,21,27174.609489608512,0
4076,1036,537.2384723840951,Online,0,Maharashtra,37,73237.72708372012,0
4077,1016,727.3798835563487,POS,0,Delhi,35,46374.67071060557,0
4078,1022,309.82772253822174,POS,0,Delhi,64,22464.063142163068,0
4079,1025,165.50798205685055,Online,0,Gujarat,25,58870.842102411305,0
4080,1028,578.2544684318884,Online,0,Karnataka,59,49419.59209911621,0
4081,1032,360.6287420806023,POS,0,Delhi,19,74568.76449315099,0
4082,1026,470.36674798463554,Online,0,Maharashtra,26,118671.99199122109,0
4083,1024,664.5993729204401,POS,0,Maharashtra,33,86270.82150046143,0
4084,1009,519.419454084207,POS,0,Tamil Nadu,39,119848.48450418173,0
4085,1046,639.2648762458007,POS,0,Gujarat,29,63768.29905579645,0
4086,1022,566.9900020079465,Online,0,Karnataka,22,21713.997128838164,0
4087,1020,752.8065533392942,Online,0,Gujarat,56,139882.5081109797,0
4088,1020,720.639786826039,Online,0,Maharashtra,32,60912.885855106695,0
4089,1042,557.4803972181883,POS,0,Karnataka,62,88494.09286349811,0
4090,1012,694.9578698167215,Online,0,Delhi,25,80997.91062430141,0
4091,1036,879.8816221589822,POS,0,Tamil Nadu,41,95801.06067974569,1
4092,1032,460.65772339876014,Online,0,Maharashtra,36,135045.33344835354,0
4093,1023,442.12491911135396,POS,0,Tamil Nadu,54,132741.78534341336,0
4094,1043,776.0333398097612,POS,0,Gujarat,35,147533.92947652173,0
4095,1010,603.4261451898943,Online,0,Karnataka,38,88688.00458584505,0
4096,1016,117.45644121145912,POS,0,Gujarat,56,139920.34516489145,0
4097,1003,897.5064149065273,Online,0,Tamil Nadu,31,82718.53062526001,1
4098,1046,79.24394712575813,Online,0,Maharashtra,32,25772.49910116301,1
4099,1024,760.9765383992559,Online,0,Tamil Nadu,20,39005.332793087175,1
4100,1029,770.8544355690973,Online,0,Maharashtra,62,63418.18950529947,0
4101,1008,955.4555310178339,Online,0,Tamil Nadu,28,114309.49550633703,0
4102,1020,101.42768798220472,POS,0,Gujarat,20,30578.295312421542,0
4103,1019,617.0140177452664,Online,0,Tamil Nadu,47,67001.75667110388,1
4104,1018,456.4485420957003,POS,0,Delhi,23,147706.93609841686,0
4105,1018,364.10130711656495,Online,0,Gujarat,23,122138.44891595485,0
4106,1011,135.8026322841194,POS,0,Tamil Nadu,48,94359.44405513864,0
4107,1036,584.5214136877437,POS,0,Tamil Nadu,39,28030.132916153212,0
4108,1041,505.08868939088296,Online,0,Karnataka,38,21900.458646673946,0
4109,1016,149.32673524347305,POS,0,Gujarat,55,33682.27066080947,1
4110,1036,631.8650317422292,Online,0,Karnataka,55,62526.90639253837,1
4111,1047,751.0554642402916,Online,0,Gujarat,23,98831.13497456703,0
4112,1038,778.9143860009658,Online,0,Maharashtra,46,45672.421526264436,0
4113,1027,910.104528849306,POS,0,Gujarat,63,26649.639653914754,1
4114,1040,438.99720479433836,POS,0,Gujarat,28,31810.28199997355,0
4115,1034,955.4191301910301,POS,0,Tamil Nadu,39,75483.34373934608,0
4116,1046,872.1579348285518,POS,0,Delhi,56,120506.51187115091,0
4117,1047,331.6764924727421,Online,0,Gujarat,23,126741.38158017315,0
4118,1017,201.31888548198555,Online,0,Karnataka,47,57836.81408234672,0
4119,1013,463.61992632161275,POS,0,Delhi,60,106246.96167667508,0
4120,1034,431.80377255816825,POS,0,Gujarat,42,71052.27539063744,0
4121,1043,596.9333400646441,Online,0,Delhi,53,146426.65145451814,0
4122,1040,604.2169207113606,POS,0,Maharashtra,18,72644.91940108358,0
4123,1006,762.4876351609764,Online,0,Delhi,39,71467.47196039555,0
4124,1040,534.3954507953297,POS,0,Maharashtra,26,85203.78973493955,1
4125,1012,149.58150889372726,POS,0,Delhi,62,23315.328901228804,0
4126,1017,865.3767687754508,POS,0,Delhi,25,74330.67637682517,0
4127,1036,344.27635402592773,Online,0,Karnataka,51,127732.04186555007,0
4128,1012,972.7325872912625,Online,0,Karnataka,33,99570.66191113518,1
4129,1035,161.96710324578163,POS,0,Tamil Nadu,36,146024.7400602212,0
4130,1030,960.338613620878,POS,0,Delhi,25,62330.97557563573,0
4131,1001,136.4612165383911,POS,0,Maharashtra,29,40998.157381623474,0
4132,1015,269.4843310497065,POS,0,Delhi,60,117574.92890280648,0
4133,1008,94.25094498221452,POS,0,Gujarat,58,25675.40890840414,0
4134,1008,719.8574893070452,POS,0,Maharashtra,48,40742.26347992488,0
4135,1037,857.7837997432022,POS,0,Gujarat,59,85903.46502791985,0
4136,1010,462.3675277251814,POS,0,Tamil Nadu,50,117960.02592057396,0
4137,1021,932.0959712903082,Online,0,Gujarat,36,98126.09790828775,0
4138,1032,610.7841181678197,Online,0,Tamil Nadu,44,149336.03388855723,0
4139,1035,648.506778674197,Online,0,Tamil Nadu,41,105142.25266964549,0
4140,1044,853.1482416157314,Online,0,Tamil Nadu,45,114245.7545463478,0
4141,1022,331.96019479924695,POS,0,Gujarat,21,149209.0794904523,0
4142,1044,386.5524352612445,Online,0,Tamil Nadu,29,97020.12840396255,0
4143,1044,910.6543232349121,Online,0,Tamil Nadu,40,112900.38723383092,0
4144,1033,905.9153212368257,POS,0,Karnataka,37,58782.586455731864,0
4145,1008,977.6586373908274,Online,0,Delhi,57,89778.21725033248,0
4146,1023,906.7464006195876,Online,0,Tamil Nadu,45,138553.81291465677,0
4147,1007,171.00343423169284,Online,0,Maharashtra,18,130931.85404352804,0
4148,1006,832.5380718301379,Online,1,Maharashtra,58,59817.428979178716,0
4149,1035,439.34655420411434,Online,0,Karnataka,28,66438.32570077974,0
4150,1017,991.261288148641,POS,0,Gujarat,61,130028.5692492547,1
4151,1002,498.66691611236104,POS,0,Gujarat,48,57007.60850024683,0
4152,1027,576.1442783771096,POS,0,Gujarat,58,135390.33587468375,1
4153,1005,553.2861694939586,Online,0,Tamil Nadu,55,120590.02755234983,0
4154,1043,355.6501783653639,Online,0,Gujarat,26,39806.34270160264,0
4155,1043,121.27098444827226,Online,0,Gujarat,23,113569.44741258527,0
4156,1020,900.8686688818226,POS,0,Delhi,23,128462.49640562855,0
4157,1027,812.5420218999725,Online,0,Tamil Nadu,20,38764.55778145988,0
4158,1039,182.5504415316858,Online,0,Tamil Nadu,49,79455.34464508887,0
4159,1000,787.9298577825692,Online,0,Maharashtra,52,132141.6612784011,1
4160,1035,644.5543327480796,Online,0,Maharashtra,33,45824.50102338597,0
4161,1020,438.6865985217412,POS,0,Delhi,19,78381.58878558895,1
4162,1042,291.3200916407846,POS,0,Karnataka,53,99660.12732759543,0
4163,1034,866.7423443271208,Online,0,Tamil Nadu,58,32642.806723208407,0
4164,1012,715.1788463293503,POS,0,Maharashtra,24,47567.252463136014,0
4165,1048,570.3529139956801,POS,0,Gujarat,52,80674.94897126177,0
4166,1009,629.0901072035409,POS,0,Tamil Nadu,47,68578.57628448354,0
4167,1043,136.51287297807193,Online,0,Tamil Nadu,62,62220.87883882801,0
4168,1046,500.2237728656323,POS,0,Tamil Nadu,63,23427.71022324473,0
4169,1009,234.0152781464169,POS,0,Maharashtra,46,140631.54630629384,0
4170,1045,247.9644950583841,Online,0,Delhi,58,133284.96414598718,0
4171,1012,678.2387641725234,POS,0,Maharashtra,18,71040.53231449518,0
4172,1036,915.6933442425737,POS,0,Gujarat,61,43578.743128783564,1
4173,1037,433.5687799544292,POS,0,Gujarat,18,28975.949741824006,0
4174,1023,247.36180936158087,Online,0,Karnataka,58,36014.42445026979,0
4175,1001,666.3095903748215,Online,0,Maharashtra,24,98262.92620688013,1
4176,1021,877.6276940328019,POS,0,Maharashtra,20,115409.23532072232,0
4177,1016,760.9028610663663,Online,0,Karnataka,53,40334.857251936344,0
4178,1035,875.3193690097578,Online,0,Karnataka,56,34662.76078662132,0
4179,1013,559.7269374602594,Online,0,Tamil Nadu,48,109840.25355443245,0
4180,1009,764.2824321507313,POS,0,Tamil Nadu,42,87212.9039072362,1
4181,1034,183.06133139098964,POS,0,Gujarat,64,68338.7724831797,0
4182,1024,380.8608845950319,Online,0,Delhi,41,114247.27807754796,0
4183,1002,420.0717062574463,POS,0,Gujarat,18,79238.0179808544,0
4184,1046,535.7309589337328,Online,0,Maharashtra,55,80465.81223598664,0
4185,1037,932.6225422439825,Online,0,Delhi,48,22046.363702302315,0
4186,1016,880.5817322110655,POS,0,Tamil Nadu,54,61081.20056429359,0
4187,1011,177.7992176747253,Online,0,Karnataka,28,20654.50269219164,0
4188,1023,214.15016928834004,Online,0,Karnataka,20,140100.15068156025,0
4189,1028,389.7585221094658,Online,0,Gujarat,29,58212.08182369521,0
4190,1042,326.2066725961402,Online,0,Maharashtra,37,43467.611814912045,1
4191,1024,634.0324054984492,POS,0,Maharashtra,47,31816.648643661552,0
4192,1035,907.6372453763177,Online,0,Karnataka,27,26062.680003950776,0
4193,1025,964.1769645889575,POS,0,Gujarat,56,135181.18470631551,0
4194,1037,670.9228049084652,Online,0,Gujarat,32,41906.66971430267,0
4195,1000,846.2512413310324,POS,0,Tamil Nadu,38,100273.03115107588,0
4196,1019,548.9420902192572,Online,0,Tamil Nadu,35,104658.35419131632,0
4197,1027,247.91059951703772,Online,0,Tamil Nadu,49,61280.77801450639,0
4198,1015,548.4539914888035,POS,0,Delhi,36,128322.00131507423,0
4199,1046,577.3284713657686,POS,0,Gujarat,47,47823.933547908484,0
4200,1016,755.3346860028787,Online,0,Gujarat,50,29289.535432070836,0
4201,1039,258.88884022198164,Online,0,Tamil Nadu,39,28910.452484252375,0
4202,1027,399.8948629823951,Online,0,Karnataka,62,59055.487500607735,0
4203,1011,395.826095753838,Online,0,Tamil Nadu,46,80222.0438970672,0
4204,1026,961.4676159541067,Online,1,Delhi,41,101817.21732075255,0
4205,1041,471.747712310383,POS,0,Karnataka,21,114732.07897834628,0
4206,1046,767.3392689332392,POS,0,Gujarat,29,43229.823521486316,1
4207,1029,763.2708123057171,Online,0,Delhi,53,108909.99428789958,1
4208,1040,302.2669755630793,POS,0,Delhi,21,43730.20679026918,0
4209,1033,593.2762049031455,POS,0,Karnataka,22,149635.09510047783,0
4210,1036,899.5877486527157,Online,0,Tamil Nadu,36,144678.84644337854,0
4211,1005,501.437833484102,POS,0,Tamil Nadu,58,33312.97369819354,0
4212,1006,947.8616319754187,Online,0,Maharashtra,56,105165.61198372181,0
4213,1031,253.7353178579535,POS,0,Karnataka,48,137424.69608108138,0
4214,1031,120.4511504853292,POS,0,Tamil Nadu,24,30491.315984654335,0
4215,1024,896.8811794875119,POS,0,Delhi,29,36117.59772064792,0
4216,1032,855.2971380641058,POS,0,Tamil Nadu,27,65109.688216886054,1
4217,1006,992.9603821371525,POS,0,Tamil Nadu,46,32444.705353720572,0
4218,1011,695.4238137068047,Online,0,Delhi,38,135126.9798193768,0
4219,1015,939.853530333792,POS,0,Karnataka,30,133820.82966175122,0
4220,1015,835.6015738299053,Online,0,Maharashtra,40,143332.64875824563,0
4221,1042,852.2050164640825,POS,0,Tamil Nadu,23,46648.9705544208,0
4222,1035,590.6844919315548,POS,0,Tamil Nadu,48,25895.655027281795,0
4223,1012,413.2463680208753,POS,0,Tamil Nadu,26,77801.63694498254,0
4224,1006,937.8301689161177,Online,0,Karnataka,41,134471.92719376716,0
4225,1035,460.51131683509976,POS,1,Delhi,33,102998.08390529212,0
4226,1046,561.8783988871855,POS,0,Delhi,28,149781.22860847446,0
4227,1008,473.80859176892835,Online,0,Delhi,53,137739.27133366378,0
4228,1031,586.5773982621872,Online,0,Delhi,18,71057.55649448873,1
4229,1010,496.97982504271084,Online,0,Delhi,38,25139.299706144324,0
4230,1007,95.56918065050209,POS,0,Delhi,61,20672.26954210996,0
4231,1032,887.9457767073137,POS,0,Tamil Nadu,53,103746.79935779047,0
4232,1022,472.1741279699813,POS,0,Tamil Nadu,54,139049.57091323042,0
4233,1024,609.4964660819812,POS,0,Delhi,23,77749.92448162686,1
4234,1007,182.22841262008768,Online,0,Delhi,31,133657.96963735772,0
4235,1044,53.21845558350718,Online,0,Karnataka,46,93676.31371550057,0
4236,1021,283.0255889614608,POS,0,Karnataka,18,32742.55811064898,0
4237,1003,719.3567305266828,Online,0,Gujarat,25,123780.99758975745,0
4238,1039,144.23480360723465,Online,0,Tamil Nadu,64,84037.22438675296,0
4239,1002,913.4430683671444,Online,0,Delhi,61,26638.307453656213,0
4240,1028,254.27144088837534,POS,0,Tamil Nadu,36,125898.4638475286,0
4241,1040,244.36393357718703,Online,0,Gujarat,40,118495.05577497031,0
4242,1028,222.43256354042074,POS,0,Karnataka,56,79447.34359779046,0
4243,1033,63.28262732279651,POS,0,Gujarat,58,22530.35078665835,1
4244,1033,783.2151950543229,POS,0,Maharashtra,28,65101.77423388065,1
4245,1027,881.2828046829956,Online,0,Karnataka,44,76543.6048447514,0
4246,1012,633.4545674853889,Online,0,Tamil Nadu,57,41490.93451992358,0
4247,1014,228.7899825958692,Online,0,Karnataka,53,40917.62848828883,0
4248,1022,321.01409709383574,Online,0,Gujarat,59,41707.505382799405,0
4249,1043,502.1303624967151,POS,0,Delhi,37,68175.0204963272,0
4250,1025,956.6286540421357,POS,0,Gujarat,59,126280.72478734075,0
4251,1003,284.9838032268557,POS,0,Gujarat,25,118716.47095553382,0
4252,1025,745.0636087238936,Online,0,Delhi,63,21314.87156644882,1
4253,1039,467.4758121282743,Online,0,Tamil Nadu,53,21253.53986387271,0
4254,1008,332.9549809420207,Online,0,Tamil Nadu,43,30100.536206340603,0
4255,1004,483.1201401710081,POS,0,Karnataka,52,80655.63220107515,0
4256,1031,117.6463816641709,POS,0,Gujarat,20,135554.6867989273,1
4257,1019,808.7530023838443,Online,0,Karnataka,21,43693.42516542427,0
4258,1049,281.1368315838188,POS,0,Delhi,61,81983.46189764257,0
4259,1010,739.1415170333219,POS,0,Maharashtra,46,25297.172090849803,0
4260,1014,114.93095287578498,Online,0,Tamil Nadu,45,22642.43848583727,0
4261,1031,957.3436283574017,Online,0,Delhi,36,20972.699640948424,0
4262,1027,233.36423613541368,POS,0,Tamil Nadu,60,115768.52007594067,0
4263,1021,888.6049723967265,Online,0,Karnataka,45,23097.238878613272,0
4264,1040,818.9995491346627,POS,0,Maharashtra,35,55596.024215917685,0
4265,1016,969.4669278773451,Online,0,Gujarat,31,103856.23316874541,0
4266,1025,503.99612789846213,POS,0,Tamil Nadu,60,100424.61663435864,1
4267,1043,741.027429153654,Online,0,Gujarat,31,27168.81886169574,0
4268,1006,402.17512418589484,Online,0,Karnataka,46,53366.67680757537,0
4269,1041,225.14982611870914,Online,0,Tamil Nadu,20,103111.88448926467,1
4270,1025,470.9221362867764,POS,0,Karnataka,51,70991.94965559119,1
4271,1024,207.46156461903215,POS,0,Gujarat,26,80556.96468605763,0
4272,1009,982.9423916470647,Online,0,Karnataka,57,46921.143471259056,0
4273,1044,141.43416658368056,POS,0,Karnataka,22,24908.46515347775,1
4274,1018,609.7511372799894,POS,0,Karnataka,46,64876.36745970887,0
4275,1010,645.140662491353,Online,0,Delhi,58,108787.91568516134,0
4276,1012,561.1755657303515,Online,0,Delhi,22,119648.83398772645,1
4277,1007,679.0765914262419,Online,0,Tamil Nadu,62,97028.88955700812,0
4278,1039,160.3717362612964,POS,0,Karnataka,60,71116.12269809999,0
4279,1003,577.2675979950266,Online,0,Karnataka,60,95807.65366971212,0
4280,1046,322.85194257099346,POS,0,Karnataka,61,111648.5268054567,0
4281,1030,943.1672601360038,POS,0,Delhi,30,118185.32856699811,0
4282,1027,773.9680707677394,POS,0,Gujarat,43,32283.15678174137,0
4283,1010,973.8887580517555,Online,0,Karnataka,26,124387.88587805248,0
4284,1042,85.67826625318007,Online,0,Maharashtra,21,28251.92767886466,1
4285,1000,320.8765164216733,POS,0,Tamil Nadu,56,133159.4696628253,1
4286,1048,235.65145730643155,POS,0,Delhi,48,70991.30974113275,1
4287,1046,60.59685794623898,Online,0,Gujarat,22,91099.89844685659,0
4288,1037,280.2094437340054,Online,0,Maharashtra,24,57697.72442056427,0
4289,1023,694.8371843444074,Online,0,Karnataka,45,75466.31824939826,0
4290,1046,269.5344760278401,Online,0,Delhi,57,129875.18931568493,0
4291,1030,533.5532732084873,Online,0,Karnataka,31,58440.52196791426,0
4292,1040,893.4272092167487,Online,1,Tamil Nadu,41,93343.43161211752,1
4293,1045,709.0700243316214,Online,0,Delhi,59,104120.28458380005,0
4294,1049,424.8976164107304,Online,0,Maharashtra,55,39033.066092680805,0
4295,1025,403.8454919665029,Online,0,Gujarat,22,121116.09111810545,0
4296,1048,482.9490233080605,POS,0,Gujarat,64,149878.7828973025,0
4297,1049,218.18936900691105,Online,0,Tamil Nadu,51,40157.99614299387,0
4298,1004,652.3007290451887,Online,0,Gujarat,45,119824.98042659795,0
4299,1019,395.94517814937524,POS,0,Gujarat,64,39119.50215027793,0
4300,1040,859.7470817989415,Online,0,Tamil Nadu,25,143533.3129089169,0
4301,1010,768.7250270549255,Online,0,Maharashtra,38,73428.12640860825,0
4302,1032,629.9875058875521,POS,0,Delhi,41,147389.2047789932,0
4303,1049,395.99211151704026,Online,0,Delhi,41,28829.312193409503,0
4304,1037,249.43524008981018,POS,0,Tamil Nadu,30,122827.54831692643,0
4305,1026,787.3442709003417,POS,0,Karnataka,32,81539.15291507504,1
4306,1033,512.0886440415322,Online,0,Tamil Nadu,63,57634.22431121726,0
4307,1014,263.5125362684896,POS,0,Tamil Nadu,42,117225.45100691442,0
4308,1031,235.4158842880059,POS,0,Tamil Nadu,62,102592.73740195093,0
4309,1020,207.13085927629106,POS,0,Tamil Nadu,45,137375.03891242837,0
4310,1045,788.3031363953153,POS,0,Gujarat,56,52345.25958718496,0
4311,1004,267.5378260352961,Online,0,Gujarat,25,142166.89921441203,0
4312,1005,550.3101503489377,POS,0,Maharashtra,48,103442.86824709947,1
4313,1037,478.96904292440365,POS,0,Tamil Nadu,24,78556.42823429283,0
4314,1021,600.6303542668697,Online,0,Delhi,64,26907.07065344436,0
4315,1017,883.2971553526345,POS,0,Karnataka,56,119472.89682543348,0
4316,1013,874.3600205776441,Online,0,Gujarat,34,131592.21216827864,0
4317,1009,478.52226823361667,POS,0,Delhi,52,125245.99950326726,0
4318,1045,64.59793819798715,Online,0,Gujarat,39,115636.59225258134,0
4319,1012,455.12161542858803,POS,0,Maharashtra,24,146023.45223885105,0
4320,1030,625.8838605529334,Online,0,Karnataka,27,130383.36335301102,0
4321,1029,579.8765211431587,POS,0,Gujarat,45,140624.27307149547,0
4322,1002,668.7693005101952,Online,0,Karnataka,56,114962.24606984189,0
4323,1029,196.3719458494293,Online,0,Karnataka,60,126626.93071723185,0
4324,1005,664.208343841696,Online,0,Delhi,46,57590.56796006574,1
4325,1028,223.5190378065836,Online,0,Gujarat,52,106956.89213184606,1
4326,1007,762.9977816619115,Online,0,Karnataka,39,46720.042243255324,0
4327,1043,372.133232599546,POS,0,Tamil Nadu,26,29005.161883271117,0
4328,1044,724.4006617123808,POS,0,Karnataka,53,95303.3317292837,1
4329,1042,95.47231896080174,Online,0,Karnataka,25,121778.16658264396,0
4330,1043,437.4670243113677,Online,0,Gujarat,47,30758.511202856105,0
4331,1032,719.7827961501661,POS,0,Tamil Nadu,47,43566.62144724325,0
4332,1016,265.5269905149194,POS,0,Karnataka,48,32085.75977304063,0
4333,1047,805.5226925573614,Online,0,Gujarat,39,102443.13552715105,1
4334,1010,649.2407464496854,POS,0,Gujarat,61,30335.270321590433,0
4335,1012,608.1836835423084,Online,0,Karnataka,48,32128.424745446544,0
4336,1049,385.87141149412025,Online,0,Maharashtra,57,54341.751352110245,0
4337,1010,508.3288968620617,Online,0,Maharashtra,64,55130.53239986245,0
4338,1030,617.4818359289604,POS,0,Delhi,45,92475.4712482929,0
4339,1027,498.8390082191459,Online,0,Maharashtra,63,24184.226784524348,0
4340,1043,713.3976577435321,POS,0,Maharashtra,22,99994.81059602057,0
4341,1005,462.0120864516116,POS,0,Gujarat,34,73522.06159495309,0
4342,1040,242.15952265492882,POS,0,Gujarat,28,43235.14288842279,0
4343,1015,253.23709366099487,POS,0,Karnataka,39,104935.01821206132,0
4344,1003,55.51358040079404,Online,0,Karnataka,64,62857.61507747079,0
4345,1034,335.90982978073885,Online,0,Gujarat,42,127573.62517744092,0
4346,1047,761.4717584545937,POS,0,Karnataka,30,148626.2234738972,1
4347,1025,804.4545733957291,Online,0,Gujarat,53,121273.75496600143,0
4348,1011,242.34416499096253,POS,0,Maharashtra,62,116588.70077786023,0
4349,1010,961.0917970278374,Online,0,Karnataka,62,66169.94902391407,1
4350,1036,527.2826538061204,Online,0,Maharashtra,28,89498.73979009072,0
4351,1024,921.1298115675775,Online,0,Delhi,22,26848.57318363962,0
4352,1017,721.4270177685496,Online,0,Karnataka,31,114553.5804653925,0
4353,1018,736.3117518712925,Online,0,Gujarat,39,107755.23884671678,0
4354,1022,130.79144024076757,Online,0,Gujarat,20,55015.761159502494,0
4355,1037,258.9915705520841,POS,0,Delhi,52,89437.73603062305,0
4356,1017,58.374091629749,Online,0,Gujarat,49,108310.80151472324,0
4357,1025,730.3212584529006,Online,0,Maharashtra,55,67826.23050324962,1
4358,1005,377.2163740070845,Online,0,Gujarat,57,114329.05018430628,0
4359,1003,797.3198902725294,POS,0,Delhi,41,123572.63690385711,0
4360,1043,371.98940894017494,Online,0,Tamil Nadu,45,49059.77385654193,0
4361,1028,828.367064683918,Online,0,Tamil Nadu,38,59163.03586457471,1
4362,1033,174.16334106089735,Online,0,Maharashtra,50,72203.17970393042,0
4363,1016,214.70449891963278,POS,0,Tamil Nadu,45,50638.15871263112,0
4364,1042,373.83271260473964,Online,0,Gujarat,56,120828.98167630176,0
4365,1042,438.06301943815964,POS,0,Delhi,53,94339.55494436537,0
4366,1015,381.2676703008295,POS,0,Maharashtra,27,69413.3688452087,0
4367,1001,775.4646808970589,Online,0,Tamil Nadu,54,22088.04279285789,0
4368,1033,142.10382299537898,Online,0,Gujarat,57,62363.24804115902,0
4369,1007,383.65616865656364,POS,0,Gujarat,42,128745.2567110064,0
4370,1012,845.3779995396864,POS,0,Karnataka,62,116656.50117659522,0
4371,1041,113.4572233990634,Online,0,Karnataka,34,28759.280720100003,0
4372,1007,945.2263322877895,Online,0,Delhi,21,124187.89609058996,0
4373,1029,987.0010001584122,POS,0,Maharashtra,27,43277.114674596065,0
4374,1031,134.13976513382607,POS,0,Tamil Nadu,42,148316.9793275101,1
4375,1035,326.7088961429501,POS,1,Tamil Nadu,49,132911.096373151,1
4376,1046,403.78063273358833,POS,0,Gujarat,25,138723.8658050504,1
4377,1029,787.5718002200898,Online,0,Tamil Nadu,59,120028.55144075431,0
4378,1000,616.1304715108971,POS,0,Delhi,62,112400.98479150742,0
4379,1042,662.147415467939,Online,0,Karnataka,29,51776.85141979005,1
4380,1038,769.6343316775807,POS,0,Gujarat,38,96231.7939704096,0
4381,1016,162.08004946517445,POS,0,Maharashtra,62,110535.23100369597,0
4382,1019,841.5489840647492,Online,0,Gujarat,44,57451.22084119924,0
4383,1023,720.3388139711368,Online,0,Tamil Nadu,47,71780.03988207228,1
4384,1049,598.4746389365517,Online,0,Delhi,27,143116.53873033292,0
4385,1021,895.2485680439038,Online,0,Maharashtra,38,73034.47527445103,0
4386,1028,715.2910361896168,POS,0,Gujarat,18,60999.46120856964,0
4387,1021,241.61496449947413,Online,0,Tamil Nadu,26,33937.62501263716,0
4388,1043,458.2581120218834,Online,0,Gujarat,20,64374.37690842152,0
4389,1008,519.3407235889466,Online,0,Maharashtra,59,99578.59308119165,0
4390,1036,102.45674541288537,POS,0,Tamil Nadu,36,39205.17251866164,0
4391,1009,956.905637692053,POS,0,Karnataka,23,98687.24307931222,0
4392,1035,172.14839775703456,Online,0,Maharashtra,24,116355.42487746365,0
4393,1036,712.5882038653905,POS,0,Karnataka,60,119871.71609658972,0
4394,1027,530.9194842863362,POS,0,Karnataka,33,148025.11505618395,0
4395,1027,74.35063739020146,Online,0,Tamil Nadu,53,76493.01255122558,0
4396,1041,928.5101020711436,POS,0,Gujarat,21,24216.243016891494,0
4397,1042,859.2449683779865,Online,0,Gujarat,35,131109.68137978207,1
4398,1020,548.0450315086437,Online,0,Delhi,49,30856.85647016897,0
4399,1023,267.49521933247297,Online,0,Maharashtra,49,132015.43683988677,0
4400,1041,165.54174614608954,POS,0,Maharashtra,35,147751.05710533843,0
4401,1039,395.2228554605203,Online,0,Tamil Nadu,56,137886.99253259404,0
4402,1001,292.65686699378597,POS,0,Tamil Nadu,60,145321.36458400224,0
4403,1007,531.3566409559837,POS,0,Delhi,54,23033.67108985297,0
4404,1047,968.0888313172575,POS,0,Delhi,45,21478.077063137203,0
4405,1026,596.2058185681593,POS,0,Karnataka,56,47338.71108404247,0
4406,1021,895.434503095593,Online,0,Delhi,19,123832.59864126299,0
4407,1036,668.3348956209884,Online,0,Gujarat,54,31623.904960630978,0
4408,1026,501.4842002578404,POS,0,Karnataka,54,117047.3696178258,1
4409,1028,861.8771845967027,Online,0,Delhi,19,21632.807763738278,0
4410,1002,497.79970466434764,POS,0,Gujarat,36,115042.90965686372,0
4411,1043,875.196761984843,POS,0,Gujarat,22,52509.001183046246,0
4412,1012,326.997931096977,Online,0,Karnataka,61,77257.05121444144,0
4413,1044,172.37242007483871,POS,0,Karnataka,30,146945.70397636233,0
4414,1009,862.5487411447914,Online,0,Gujarat,39,91725.56718353994,0
4415,1035,608.0444056030334,POS,0,Tamil Nadu,24,29701.07601599564,0
4416,1008,894.6377783365122,POS,0,Karnataka,19,133507.11691905095,0
4417,1026,940.9358466427641,POS,0,Maharashtra,31,62076.75165712473,1
4418,1033,100.94697085287672,POS,0,Tamil Nadu,42,96095.93554799033,0
4419,1000,525.920836765925,Online,0,Maharashtra,43,112530.3595417635,1
4420,1031,406.2163216208028,POS,0,Delhi,22,121076.71655183,0
4421,1024,644.5654772166113,POS,0,Karnataka,37,76224.39833983156,1
4422,1028,803.9116373422073,Online,0,Karnataka,29,120501.38729666382,0
4423,1006,316.5607051756505,POS,0,Gujarat,53,35196.25875928607,0
4424,1048,578.9584651545131,POS,0,Karnataka,48,88336.9493382182,0
4425,1002,723.2921509096545,POS,0,Maharashtra,34,22845.109900033953,1
4426,1019,177.70952869394733,POS,0,Tamil Nadu,33,72815.23986325489,0
4427,1019,823.3635606537035,POS,0,Delhi,27,67419.62191904319,0
4428,1029,625.8041198603245,POS,0,Tamil Nadu,52,147157.24016713412,0
4429,1034,952.0605652579692,Online,0,Maharashtra,50,71720.31961969502,0
4430,1034,372.5524731741586,POS,0,Delhi,55,137921.98259020934,0
4431,1048,152.73864522033873,Online,0,Gujarat,52,76588.9729387773,0
4432,1038,531.176140985079,POS,0,Karnataka,44,89340.41464576246,0
4433,1026,131.5202331239669,Online,0,Karnataka,24,65593.0963334165,0
4434,1025,971.0501971578065,Online,0,Gujarat,44,103202.0206931583,0
4435,1013,86.75071034433196,Online,0,Maharashtra,58,116085.64025647065,0
4436,1016,765.8287060519426,Online,0,Gujarat,29,122837.80457474316,0
4437,1017,548.8472782351319,POS,0,Maharashtra,63,110212.1409499478,0
4438,1044,400.1896198733742,POS,0,Delhi,50,62893.18249785703,0
4439,1028,112.55005628322192,POS,0,Tamil Nadu,30,62977.464314724595,0
4440,1019,641.0585779649274,Online,0,Tamil Nadu,19,65228.016814049115,0
4441,1026,605.9593129214074,Online,0,Gujarat,20,24918.08267018388,0
4442,1017,316.83910941421976,Online,0,Karnataka,28,142596.75600497925,0
4443,1003,914.7106163397965,Online,0,Gujarat,22,45444.280275736455,0
4444,1000,338.904506975695,Online,0,Karnataka,19,40697.13472014363,0
4445,1049,477.23914006250084,Online,0,Gujarat,63,91806.0810316329,0
4446,1000,566.5743331227229,Online,0,Gujarat,45,26164.018179642473,0
4447,1025,145.22028426747178,POS,0,Tamil Nadu,30,128919.63121466366,1
4448,1044,935.5536332529507,Online,0,Karnataka,63,133906.07201320207,0
4449,1019,405.80934482848903,POS,0,Tamil Nadu,52,71715.2801264628,1
4450,1022,126.74025318062644,POS,0,Karnataka,57,146284.42748669622,0
4451,1009,417.92661499156344,Online,0,Delhi,30,62153.44506205131,0
4452,1010,620.1924197379517,Online,0,Delhi,29,53830.69619531638,0
4453,1040,537.9700382302631,Online,0,Delhi,35,148659.59506458222,0
4454,1040,709.8148753354103,Online,0,Maharashtra,35,52539.67334076276,1
4455,1004,102.7097449645151,POS,0,Tamil Nadu,34,77752.8175631796,1
4456,1000,320.31357975845333,Online,0,Tamil Nadu,56,99542.8398988517,1
4457,1016,828.2690479980971,POS,0,Delhi,39,61928.91623591812,0
4458,1021,125.89900340179281,Online,0,Gujarat,30,69948.19765599043,0
4459,1033,862.7116569611596,POS,1,Tamil Nadu,62,113698.6691721664,0
4460,1044,137.30128747325094,POS,0,Karnataka,55,113993.26342519112,0
4461,1040,842.7315041471114,POS,0,Tamil Nadu,36,124470.40344333238,0
4462,1028,392.74898102479034,POS,0,Tamil Nadu,41,97181.2262735124,1
4463,1003,631.598610094355,POS,0,Karnataka,36,50358.10140959647,0
4464,1004,195.24275986559826,Online,0,Delhi,38,63304.21818053456,0
4465,1010,112.8602856389218,Online,0,Delhi,41,137091.87545145958,0
4466,1020,255.14129381912832,Online,0,Karnataka,47,115384.69074192822,0
4467,1034,171.46112701326075,POS,0,Tamil Nadu,45,31443.68902921488,0
4468,1011,346.7856027956502,Online,0,Tamil Nadu,52,117970.1405638497,0
4469,1025,538.6640841854692,POS,0,Delhi,63,62985.491710059265,0
4470,1018,609.321490386759,POS,0,Maharashtra,55,23019.508022282393,0
4471,1044,800.3747020107558,Online,0,Delhi,34,82885.13707484133,0
4472,1006,673.4278985859407,POS,0,Karnataka,51,134841.50612816378,0
4473,1046,628.3204088730753,Online,0,Maharashtra,26,77765.42140847797,1
4474,1006,441.1929261114859,POS,0,Maharashtra,30,148544.02530291496,1
4475,1025,500.11801321213176,Online,0,Karnataka,31,43149.94457870719,0
4476,1039,443.79478792067204,POS,0,Gujarat,43,65616.66180293613,0
4477,1004,850.057728558314,Online,0,Delhi,38,22160.44541587163,0
4478,1020,268.50042992097985,Online,0,Tamil Nadu,61,26546.007198719974,1
4479,1013,55.43488496486639,POS,0,Delhi,37,66061.19919678582,0
4480,1003,668.7539023649273,POS,0,Karnataka,28,88690.45825433882,0
4481,1022,242.33907445688982,POS,0,Tamil Nadu,59,50822.23342835158,0
4482,1041,895.6093794943189,Online,0,Gujarat,52,41639.84936322181,0
4483,1019,866.0940132213233,Online,1,Karnataka,48,74687.55547651844,0
4484,1014,122.8910033317956,POS,0,Delhi,35,42187.82820368288,0
4485,1049,151.06898514337348,Online,0,Maharashtra,31,102016.56428799655,0
4486,1044,520.413012634333,Online,0,Karnataka,22,144187.5758861647,0
4487,1028,628.7615296308869,POS,1,Karnataka,34,124850.64333899322,1
4488,1007,311.16292060812873,Online,0,Delhi,38,47977.79185443349,0
4489,1040,730.9578308644021,Online,0,Gujarat,31,143647.5902152787,0
4490,1047,615.170219872928,Online,0,Delhi,20,117646.60555780187,0
4491,1018,358.58290426112694,POS,0,Delhi,48,40146.36494618216,0
4492,1047,74.10291364019982,Online,0,Gujarat,42,95325.98848409725,0
4493,1038,762.6427672335918,POS,0,Gujarat,64,145642.22377104315,0
4494,1045,254.01598253382858,Online,0,Karnataka,61,32578.55551083963,0
4495,1027,842.7500562894969,Online,0,Maharashtra,34,55230.64672356862,0
4496,1045,449.2757470515424,Online,0,Delhi,43,68631.92671411723,0
4497,1026,598.2235705001772,Online,0,Maharashtra,34,35027.25551390933,0
4498,1003,879.3012938885518,Online,1,Gujarat,36,58901.978265176374,0
4499,1014,870.4418508739557,POS,0,Gujarat,44,110002.27814717613,0
4500,1034,402.9435964813946,Online,0,Delhi,24,82041.04241836464,0
4501,1036,248.44444807910097,Online,0,Karnataka,43,74739.63481696014,0
4502,1000,786.3887738421649,Online,0,Delhi,22,76152.10365012959,0
4503,1002,461.4261934220246,Online,0,Karnataka,19,118754.79314460412,0
4504,1046,232.43989388105388,POS,0,Tamil Nadu,33,148866.51925887138,0
4505,1023,909.2040752012927,Online,0,Karnataka,62,96523.96862125637,0
4506,1026,238.19898452903303,Online,0,Delhi,28,117701.52467952106,0
4507,1039,74.51680978166952,Online,0,Delhi,56,68432.7842450281,0
4508,1035,69.26597507904897,Online,0,Karnataka,40,131883.20893291823,0
4509,1033,641.199588631551,POS,0,Maharashtra,52,74642.35779050534,0
4510,1028,678.5913076816538,POS,0,Karnataka,23,141565.9928791246,0
4511,1023,345.48961980413475,Online,1,Tamil Nadu,54,116655.60154482044,0
4512,1023,354.01043978471023,Online,0,Tamil Nadu,18,111967.61611468502,0
4513,1041,372.5192193069456,Online,0,Maharashtra,50,57717.543188852986,0
4514,1003,696.1506194209347,Online,0,Tamil Nadu,35,123497.82759502249,0
4515,1002,105.22710147548716,Online,0,Delhi,20,33686.55718121988,0
4516,1033,932.6605350567594,POS,0,Maharashtra,36,89943.15121422477,0
4517,1048,261.3949919685741,POS,0,Maharashtra,27,115599.04868466672,0
4518,1022,999.6895449799877,Online,0,Maharashtra,37,134866.95823876056,0
4519,1022,212.94655909782765,Online,0,Karnataka,28,94054.9761018633,0
4520,1044,782.9691344467586,Online,0,Karnataka,49,53581.986296921285,0
4521,1004,262.2419176831438,POS,0,Maharashtra,57,130351.9871159792,0
4522,1030,126.80446156109127,Online,0,Tamil Nadu,37,119837.46553911398,0
4523,1040,881.1866581331165,Online,0,Delhi,49,39963.41845601861,0
4524,1005,865.8136962313473,POS,0,Delhi,60,133410.38295768897,0
4525,1036,433.3918728271213,POS,0,Karnataka,54,144784.04066620744,0
4526,1009,717.2763354134055,Online,0,Gujarat,39,89905.45368410865,1
4527,1039,579.2126360497213,Online,0,Maharashtra,21,24987.443027329857,1
4528,1006,860.3083079900614,Online,0,Gujarat,30,139029.86215472643,0
4529,1038,349.3031708527217,Online,0,Delhi,23,35959.56137142908,0
4530,1037,547.4887799990358,POS,0,Karnataka,46,102305.8286018539,0
4531,1020,511.1037526443229,POS,0,Karnataka,19,72117.94008223907,0
4532,1019,386.2105349440158,Online,0,Karnataka,42,148964.37466467734,0
4533,1002,896.8823113285537,POS,0,Karnataka,49,139231.40718398226,0
4534,1021,207.5840284294087,Online,0,Karnataka,43,121985.49292360076,0
4535,1046,192.03320754466134,POS,0,Maharashtra,43,45906.022718253196,0
4536,1003,598.0640585566138,Online,0,Gujarat,55,110895.08841770107,0
4537,1027,674.6195184856949,Online,0,Delhi,39,94378.95513759072,0
4538,1011,234.8882916083369,POS,0,Delhi,27,37595.07915682257,0
4539,1037,421.1815701418929,POS,0,Karnataka,40,123308.5434727441,0
4540,1035,949.2356508298066,POS,0,Karnataka,21,31239.32392543242,0
4541,1046,284.2865515561403,POS,0,Karnataka,33,82609.25763552464,0
4542,1040,684.9426670115243,POS,0,Tamil Nadu,59,75453.24722618828,0
4543,1004,753.1419240127112,Online,0,Delhi,50,124805.66312642893,0
4544,1012,475.72226449190157,Online,1,Karnataka,30,75583.76431479897,0
4545,1022,940.6496874216039,POS,0,Gujarat,63,110260.41440436749,0
4546,1049,749.823898457851,Online,0,Tamil Nadu,61,82173.89463390247,0
4547,1029,485.02835086785296,Online,0,Maharashtra,30,95662.7020313466,1
4548,1036,590.8684416872893,Online,0,Tamil Nadu,50,51335.32970823848,0
4549,1024,707.9827712538456,Online,0,Tamil Nadu,31,46318.92431868845,0
4550,1047,612.5806714077573,POS,0,Tamil Nadu,25,112288.72893583057,0
4551,1026,884.762704634772,Online,0,Gujarat,43,35902.94908811734,0
4552,1013,389.0442291663811,Online,0,Delhi,39,42877.91988351258,0
4553,1047,334.8914530530147,Online,0,Karnataka,63,142323.03202224342,0
4554,1046,253.14694502050108,Online,0,Gujarat,18,52932.77617313861,0
4555,1035,85.89381966136537,POS,0,Gujarat,33,62028.44666566329,0
4556,1038,90.86326616105256,Online,0,Karnataka,61,102315.26086431064,0
4557,1015,876.5524334538187,Online,1,Tamil Nadu,46,77246.05561487764,0
4558,1021,694.473489085612,Online,0,Maharashtra,40,92670.05835001664,0
4559,1020,677.5057946646618,POS,0,Tamil Nadu,22,38797.03773486947,1
4560,1020,633.9106779881417,POS,0,Tamil Nadu,38,107412.99791123669,0
4561,1007,856.7581874593997,Online,0,Delhi,53,40355.83577416919,0
4562,1048,506.25357938234606,Online,0,Tamil Nadu,37,117204.31891467153,0
4563,1015,876.8902871303853,POS,0,Maharashtra,60,88070.24737297354,0
4564,1030,391.4727748731272,Online,0,Gujarat,25,126105.0915832105,0
4565,1041,930.372129122136,POS,0,Tamil Nadu,43,42448.79843441283,1
4566,1009,713.7241310771781,Online,0,Gujarat,58,69080.18510355466,0
4567,1031,294.3182792232059,Online,0,Delhi,42,130088.15892561115,0
4568,1033,585.8806756041938,POS,0,Maharashtra,59,123832.59992410243,0
4569,1008,556.3790334138428,Online,0,Karnataka,24,145548.01669504424,1
4570,1016,181.00388064381727,Online,0,Karnataka,39,48854.859263625825,0
4571,1010,611.6807604630834,Online,0,Delhi,50,90073.64421227708,0
4572,1031,349.04634253111004,POS,0,Maharashtra,22,22325.016471283066,0
4573,1009,99.7313284691223,POS,0,Gujarat,55,145480.49500527675,1
4574,1021,951.2233498212366,Online,0,Delhi,29,42766.530688985,0
4575,1016,659.4158506110734,Online,0,Tamil Nadu,61,137611.98883905887,0
4576,1003,883.0729852773047,Online,0,Gujarat,31,108183.30875252443,0
4577,1047,692.2532047625905,Online,0,Tamil Nadu,24,141790.30254203157,0
4578,1046,389.1345075331073,POS,0,Tamil Nadu,45,52269.79262825947,0
4579,1024,537.0536687123708,POS,0,Gujarat,63,64871.357274562084,1
4580,1020,691.9594223298183,POS,0,Tamil Nadu,33,41372.22969473532,0
4581,1036,962.2397089413656,Online,0,Karnataka,58,74916.36720683996,1
4582,1037,290.9859861656116,Online,0,Gujarat,19,143174.93246515185,1
4583,1048,881.2282056929118,POS,0,Delhi,48,94251.21166598823,0
4584,1000,927.873915029556,Online,0,Karnataka,53,74096.41739378171,0
4585,1024,686.8947389260087,Online,0,Delhi,31,62232.623073904804,0
4586,1035,934.703296031271,POS,0,Maharashtra,63,96019.03426153547,0
4587,1016,427.98465810350007,Online,0,Delhi,45,114018.2598173464,0
4588,1040,955.3653672384206,POS,0,Gujarat,64,72882.50073642173,0
4589,1023,717.6437333076761,Online,0,Delhi,49,50016.85239434928,0
4590,1001,89.9054790478713,Online,0,Maharashtra,45,96050.55460462699,1
4591,1039,911.5291902281001,Online,0,Tamil Nadu,29,67523.14323613583,1
4592,1014,510.24916858153296,Online,0,Gujarat,30,149262.17634854367,0
4593,1031,487.3106355389412,Online,0,Karnataka,39,77335.80136879838,0
4594,1038,588.1432756806526,POS,0,Karnataka,59,76483.54670596209,0
4595,1005,191.91531943266654,POS,0,Delhi,46,129130.70850443748,0
4596,1000,495.7077461390287,Online,0,Karnataka,47,52632.46784582191,0
4597,1046,839.5708558818584,Online,0,Maharashtra,32,28578.317195457978,1
4598,1022,64.70833618063958,POS,0,Karnataka,57,130996.44585458051,0
4599,1038,309.2713023081527,POS,0,Delhi,21,96575.2460435827,0
4600,1016,52.33185712165201,Online,0,Karnataka,50,53820.380240405815,0
4601,1033,444.9257436923559,POS,0,Tamil Nadu,63,64558.61235493283,0
4602,1040,741.8997349690479,POS,0,Tamil Nadu,26,75334.54998520206,0
4603,1028,808.8332376588971,POS,0,Karnataka,55,108450.8331426594,0
4604,1008,947.9302730706563,Online,0,Gujarat,33,80863.66988704514,0
4605,1012,628.0793823222472,POS,0,Karnataka,43,71456.54251490535,0
4606,1005,291.89552332025073,POS,0,Tamil Nadu,60,121460.64529316206,0
4607,1005,927.940551679864,POS,0,Tamil Nadu,44,29340.30909504186,0
4608,1019,786.5499661863573,POS,0,Maharashtra,28,104829.79578890683,0
4609,1002,595.7070588529873,Online,0,Delhi,63,78360.0331044606,0
4610,1016,710.8582049329892,POS,0,Maharashtra,60,63530.95599924216,0
4611,1048,928.1005372570577,POS,0,Gujarat,43,140584.83965954406,0
4612,1011,726.7743270492756,POS,0,Delhi,31,121130.81425154732,0
4613,1047,399.9557822054973,Online,0,Karnataka,18,48503.63730678483,1
4614,1046,727.3767921746419,Online,0,Karnataka,28,104803.73677316954,0
4615,1044,88.26425459861846,Online,0,Gujarat,47,126897.24389197315,0
4616,1000,417.09478373905216,POS,0,Tamil Nadu,41,148614.14351750285,0
4617,1016,436.0068802533003,POS,0,Karnataka,21,110795.24923932887,0
4618,1002,208.49632269979293,POS,0,Maharashtra,39,109789.82328906302,0
4619,1025,71.93120652418168,Online,0,Tamil Nadu,63,99727.95929872792,0
4620,1014,176.71217480585568,POS,0,Karnataka,25,25200.339474841763,0
4621,1035,671.8904210072023,POS,0,Tamil Nadu,64,96057.34055893557,0
4622,1031,812.1743755455032,Online,0,Delhi,33,124656.19526421449,0
4623,1031,988.7933180906255,POS,0,Karnataka,50,71404.39774046645,1
4624,1003,379.04532795306955,POS,0,Karnataka,50,96307.30238509271,0
4625,1017,619.4102611480466,Online,0,Tamil Nadu,27,140443.46789331146,1
4626,1048,940.2877184743659,Online,0,Delhi,19,42364.43374167589,0
4627,1018,208.68969227124498,Online,0,Maharashtra,61,56461.84965439958,0
4628,1042,731.7633070256055,Online,0,Delhi,21,34341.27795972643,0
4629,1034,767.2297964917051,Online,0,Maharashtra,40,85031.79854387412,0
4630,1039,134.52675907587144,POS,0,Gujarat,44,129154.4209619715,0
4631,1013,868.1869159239118,Online,0,Delhi,50,76578.2111927231,0
4632,1032,822.4497947553017,POS,0,Maharashtra,50,29079.181500736195,0
4633,1013,81.73285624856273,POS,0,Tamil Nadu,58,54259.902973840406,0
4634,1033,136.53019413604892,Online,0,Maharashtra,37,135661.84624777923,0
4635,1003,96.6705491972597,Online,0,Gujarat,30,92478.13434676535,0
4636,1023,368.0063552093941,POS,0,Maharashtra,28,138829.25993201172,0
4637,1028,533.8245411459299,POS,0,Delhi,36,128476.94822853578,1
4638,1018,555.7303415568974,POS,0,Maharashtra,49,73857.90970103434,1
4639,1005,304.2834217809705,Online,0,Delhi,20,102360.71998800189,0
4640,1032,916.0170422322605,POS,0,Gujarat,30,106375.2673983358,0
4641,1048,399.8496503783175,Online,0,Maharashtra,45,117083.6667118943,1
4642,1039,93.27264816708487,POS,0,Maharashtra,39,63285.64583968322,0
4643,1018,335.21575596431705,POS,0,Gujarat,36,57568.627929240705,0
4644,1000,554.5539514169477,POS,0,Maharashtra,48,108996.54022826068,0
4645,1004,437.81073145882044,Online,0,Delhi,37,126438.05010037191,0
4646,1026,310.15039314429623,Online,0,Karnataka,41,73852.08224837456,0
4647,1015,174.75708727610154,POS,0,Karnataka,49,61738.910776220204,0
4648,1005,828.2062750914183,POS,0,Delhi,26,127319.76356730107,0
4649,1039,996.3379800179823,POS,0,Maharashtra,36,109303.57012401272,0
4650,1012,363.065026847688,Online,0,Delhi,40,64661.502524460426,0
4651,1047,412.53999196777374,Online,0,Gujarat,42,88856.58338773811,1
4652,1034,637.1356484431092,Online,0,Delhi,50,144912.1240765103,0
4653,1018,732.5194009987642,Online,0,Karnataka,63,117483.27397103612,0
4654,1011,422.4280580634117,Online,0,Tamil Nadu,61,48816.4251090232,0
4655,1015,909.6830411327245,POS,0,Gujarat,19,58354.049017860445,0
4656,1042,582.0037897674724,POS,0,Maharashtra,20,54478.68532208746,0
4657,1009,477.8705725856344,POS,0,Delhi,45,130285.36549164669,0
4658,1024,664.3391155019099,Online,0,Gujarat,54,103384.4998207754,0
4659,1019,955.1636558367145,POS,0,Karnataka,52,142199.66056855727,0
4660,1030,804.8246797006202,Online,0,Maharashtra,31,31821.442232465717,0
4661,1003,88.01247400836812,Online,0,Delhi,41,26760.493478972283,0
4662,1043,365.69441520296164,POS,0,Delhi,54,107906.23733176346,1
4663,1022,497.01745070366155,POS,0,Maharashtra,20,54661.10890044521,0
4664,1001,348.79169359865,Online,0,Tamil Nadu,40,108292.31225194331,0
4665,1021,715.1781827889337,Online,0,Tamil Nadu,51,114051.12253063204,0
4666,1036,834.955692369452,POS,0,Gujarat,26,59582.54863047322,0
4667,1007,744.777840426008,Online,0,Delhi,35,143846.8540943876,0
4668,1006,989.8666224868615,Online,0,Gujarat,19,120716.31525295114,1
4669,1013,308.92026549837766,Online,0,Maharashtra,39,67756.16344930953,0
4670,1002,881.2400202732003,POS,0,Gujarat,52,73575.42596279719,1
4671,1049,778.2915319157619,Online,0,Delhi,48,113063.28852265651,0
4672,1015,394.0698196802388,Online,0,Tamil Nadu,43,59524.77731411588,0
4673,1018,747.4183164741203,Online,0,Tamil Nadu,31,58398.77327421199,0
4674,1017,148.87215859733462,Online,0,Maharashtra,62,101238.24004815072,0
4675,1015,799.8668082235247,Online,0,Karnataka,45,37523.25638475454,0
4676,1007,555.7140724577475,Online,0,Gujarat,28,149134.5506491455,0
4677,1032,327.67566407379053,Online,0,Maharashtra,49,57340.851813191315,0
4678,1048,672.9884366949711,POS,0,Tamil Nadu,38,69752.88064027083,0
4679,1011,659.5389987786886,POS,0,Delhi,40,49154.453477224786,0
4680,1010,249.01191158361974,POS,0,Delhi,41,103654.48463560245,0
4681,1004,78.87754407094982,Online,0,Karnataka,29,27863.521837171676,0
4682,1026,461.9414575565902,POS,0,Karnataka,20,140615.12540428186,1
4683,1011,591.0362758772002,POS,0,Tamil Nadu,23,59518.09885709904,0
4684,1016,882.7750144520685,Online,0,Karnataka,29,140558.7842466681,1
4685,1005,931.8059558652147,POS,0,Karnataka,37,52960.09566336316,1
4686,1032,552.364957248928,Online,0,Delhi,23,86792.46169657468,1
4687,1004,766.1133095801176,Online,0,Gujarat,37,110372.31863315433,0
4688,1027,467.3381087115971,Online,0,Delhi,31,99641.49432080529,0
4689,1013,758.7780487442484,POS,0,Delhi,58,86624.03337100352,0
4690,1004,244.5614486922086,Online,0,Tamil Nadu,61,122509.25267133163,1
4691,1032,402.51149806335485,POS,0,Tamil Nadu,18,81164.22500575514,0
4692,1049,652.5165988729341,Online,0,Gujarat,37,63312.67740373098,0
4693,1047,67.25006732672489,Online,0,Maharashtra,39,113417.080596405,0
4694,1040,736.3382448220063,POS,0,Karnataka,57,141845.30101940094,0
4695,1018,843.7587262047584,Online,0,Karnataka,48,98180.09876357496,0
4696,1021,429.1845780392539,POS,0,Delhi,48,56362.21258813177,0
4697,1004,475.5452963183061,Online,0,Delhi,45,119165.14481010074,0
4698,1001,858.7181016057044,Online,0,Gujarat,29,119050.22192806199,0
4699,1029,786.8719035597318,Online,0,Karnataka,33,54692.336289948595,0
4700,1046,323.74201458170626,Online,0,Delhi,50,70001.93534383294,0
4701,1038,357.777301233462,Online,0,Delhi,52,38322.82756752688,0
4702,1003,694.9343207710668,Online,0,Tamil Nadu,61,30356.785051311912,0
4703,1032,585.0381878257532,Online,0,Maharashtra,21,124957.15386624879,1
4704,1012,204.1180925416721,Online,0,Gujarat,27,68434.91298248863,0
4705,1019,344.4334137677081,POS,0,Maharashtra,51,56570.55471648204,0
4706,1006,904.9841130347214,POS,0,Maharashtra,58,53291.87163137087,0
4707,1014,703.7657148861502,POS,0,Gujarat,20,29724.728727093938,0
4708,1022,986.6756018012435,Online,0,Karnataka,48,148032.15598343214,0
4709,1013,778.661903481731,POS,0,Delhi,48,67715.92376634492,0
4710,1022,944.8757105364107,POS,0,Gujarat,18,41352.4236219461,0
4711,1018,255.37914517695162,Online,0,Delhi,22,132338.24547769618,0
4712,1028,782.9106310760794,POS,0,Tamil Nadu,22,114005.57959441282,0
4713,1019,69.20664414040756,Online,0,Maharashtra,19,106140.70590440657,0
4714,1028,687.2220206259573,POS,0,Tamil Nadu,32,58637.912695244915,0
4715,1023,495.8181642142293,POS,0,Maharashtra,18,74009.65793049661,0
4716,1017,379.4220683240652,POS,0,Karnataka,38,129341.35380658595,0
4717,1009,869.2841346784346,POS,0,Gujarat,54,103186.64089735677,0
4718,1040,861.5543080246541,POS,0,Karnataka,24,64934.7741235455,0
4719,1007,71.1866196537114,Online,0,Maharashtra,28,34206.3763996286,0
4720,1025,629.0298663269594,POS,0,Tamil Nadu,43,137035.1560720568,0
4721,1028,399.4406131049086,Online,0,Maharashtra,59,144219.8690430867,0
4722,1009,444.8779514254267,POS,0,Karnataka,19,113443.34017336462,0
4723,1016,840.4387022578371,Online,0,Karnataka,47,109880.93540755055,1
4724,1001,344.34778295129433,POS,0,Tamil Nadu,31,89902.3049496258,1
4725,1005,945.8963701057392,POS,0,Tamil Nadu,22,146296.35669563684,0
4726,1004,220.65213505353373,POS,0,Karnataka,48,110239.55966416521,0
4727,1027,679.5863021997689,POS,1,Maharashtra,49,29975.46595665312,0
4728,1040,688.4998136630765,POS,0,Maharashtra,51,31924.821112641675,1
4729,1004,289.5854033565223,Online,0,Gujarat,27,145264.42501566943,0
4730,1017,358.5130785188419,POS,0,Karnataka,48,142626.332758235,0
4731,1025,843.0585679509434,POS,0,Gujarat,44,92518.6569671651,0
4732,1019,773.7149922072048,Online,0,Karnataka,35,47838.29933312592,0
4733,1040,362.6410862990216,POS,0,Gujarat,22,95855.74849592478,0
4734,1048,557.2587195881872,POS,0,Delhi,34,119260.70103036654,0
4735,1026,108.59628144044069,POS,0,Maharashtra,28,21076.702199640342,1
4736,1048,248.30858827869778,POS,0,Maharashtra,22,126965.63679057274,0
4737,1011,511.52953091737913,POS,0,Delhi,55,80423.63941919684,1
4738,1006,131.67504851525104,Online,0,Tamil Nadu,54,80211.31586507749,0
4739,1002,851.1657371473406,POS,0,Delhi,38,76459.87918353765,0
4740,1009,732.1058996022655,Online,0,Maharashtra,41,109939.99229151828,0
4741,1033,946.4519871160701,POS,0,Karnataka,47,47229.99465874493,0
4742,1024,708.7935606658258,POS,0,Gujarat,33,98865.85667852333,0
4743,1034,943.3813036490762,Online,0,Maharashtra,58,25732.581213675276,0
4744,1015,576.7869279064167,POS,0,Delhi,39,125475.42008419754,1
4745,1001,620.2076805088709,POS,0,Karnataka,19,126007.6574424635,0
4746,1023,978.1225018949478,Online,0,Maharashtra,36,60544.39396210176,0
4747,1009,660.0226895210474,POS,0,Delhi,54,33704.52538204577,0
4748,1037,79.24724041770926,POS,0,Maharashtra,19,117207.36418066366,0
4749,1021,737.6126377989971,Online,0,Delhi,28,81127.87352422377,0
4750,1025,910.1952575305448,Online,0,Delhi,50,140245.7066814958,0
4751,1042,805.8012373046103,POS,0,Maharashtra,26,65953.0034314215,0
4752,1038,604.6416089941515,POS,0,Karnataka,42,129396.1740046791,0
4753,1026,687.7383374388405,POS,0,Maharashtra,23,23291.975444829844,1
4754,1028,990.6821997890881,Online,0,Maharashtra,28,120463.19573934271,0
4755,1046,136.1289840838714,Online,0,Karnataka,44,108172.48393932295,1
4756,1037,683.8825872015775,POS,0,Maharashtra,25,88414.79904025748,0
4757,1019,319.2278098420641,POS,0,Gujarat,62,138355.36487526307,1
4758,1026,658.0858767568616,POS,0,Gujarat,48,142461.45452312584,0
4759,1040,627.2423970897419,Online,0,Gujarat,44,140859.07115292258,0
4760,1019,195.78399050275397,Online,0,Delhi,61,97714.38085613129,0
4761,1043,246.40931345322718,Online,0,Tamil Nadu,58,87521.53865524594,1
4762,1018,640.5480991410528,POS,0,Maharashtra,64,54966.36565830127,0
4763,1019,171.81844993858542,POS,0,Tamil Nadu,22,41069.145852222035,0
4764,1034,301.9218313738067,POS,0,Gujarat,32,92422.28642032726,0
4765,1046,843.4832703511023,Online,0,Karnataka,19,39304.57405491105,0
4766,1001,360.7369307015567,POS,0,Gujarat,32,42375.03626341439,1
4767,1029,513.6571484561798,Online,0,Maharashtra,48,66376.5896225945,0
4768,1033,944.0833183885483,POS,0,Tamil Nadu,37,44277.11545223884,0
4769,1021,265.791634395099,Online,0,Tamil Nadu,20,85224.65837952837,0
4770,1002,420.1447164901099,POS,0,Delhi,59,106287.43313421699,0
4771,1005,626.1348867663684,POS,0,Karnataka,56,110727.07493473536,1
4772,1014,767.5719830287736,Online,0,Gujarat,27,89261.1413220197,0
4773,1026,906.5707173770699,POS,0,Karnataka,43,87833.8754360666,1
4774,1009,919.6993381948394,Online,0,Maharashtra,27,81725.44673743188,0
4775,1008,787.8080706539918,POS,0,Delhi,57,51884.47783274282,0
4776,1032,266.9142947636449,POS,0,Gujarat,30,105051.56811631618,0
4777,1031,73.56886354043752,POS,0,Maharashtra,38,105413.79458657649,0
4778,1047,414.5852338378426,Online,0,Karnataka,51,53254.6511752655,0
4779,1005,184.47140843843215,POS,0,Delhi,61,111073.97295354871,0
4780,1040,724.8682650663832,Online,0,Gujarat,49,131540.69306068722,0
4781,1035,678.0740574844309,POS,0,Karnataka,26,97312.22195264208,0
4782,1001,91.77305954038209,POS,0,Gujarat,47,35280.15077535181,0
4783,1028,844.7640901744036,Online,0,Delhi,18,62543.89213959833,0
4784,1003,286.30610297662315,POS,0,Delhi,29,32062.432480384792,1
4785,1000,460.6157217164901,POS,0,Karnataka,61,59264.042347677,0
4786,1018,684.5370486829553,Online,0,Gujarat,52,47552.75176059546,0
4787,1025,457.94784750964067,Online,0,Tamil Nadu,41,92101.75266767979,0
4788,1024,469.22341265994623,POS,0,Maharashtra,57,75060.78358886052,1
4789,1009,112.34659556895335,Online,0,Delhi,62,113948.9307471675,0
4790,1014,431.37137179700363,Online,0,Gujarat,27,67195.50160426043,0
4791,1021,776.6054985589843,POS,0,Karnataka,64,40113.68453490909,0
4792,1047,919.4175203272679,Online,0,Karnataka,41,50683.23903907498,0
4793,1020,442.8222802102032,Online,0,Delhi,58,90951.81459815158,0
4794,1021,452.40653553512493,POS,0,Delhi,35,78481.12860522314,0
4795,1035,717.4957510074695,Online,0,Tamil Nadu,25,25539.11906322262,0
4796,1033,945.6334010500127,Online,0,Karnataka,63,47292.91504846718,0
4797,1029,303.7078932273922,POS,0,Gujarat,60,58575.74324229557,0
4798,1024,468.13699621104,POS,0,Maharashtra,30,114296.74064422387,0
4799,1044,806.1745813746861,Online,0,Maharashtra,33,114955.50382908159,0
4800,1027,629.2088909053366,POS,0,Tamil Nadu,31,110738.38971535006,0
4801,1000,155.05702676575697,Online,0,Gujarat,26,126399.99045980613,0
4802,1048,646.3460987841524,Online,0,Maharashtra,26,133604.36372008588,1
4803,1044,227.40897036746054,Online,0,Maharashtra,22,29244.070105358318,0
4804,1003,534.7051373744839,Online,0,Gujarat,64,84097.44944303394,0
4805,1006,552.6481042774166,POS,0,Gujarat,28,39364.7069857195,0
4806,1048,882.3931941137356,POS,0,Delhi,36,66027.81698418662,0
4807,1008,489.36956031181626,Online,0,Maharashtra,55,106215.61677458778,0
4808,1035,315.4703011240995,POS,0,Maharashtra,27,98215.63393326518,0
4809,1018,269.41803080523,Online,0,Tamil Nadu,33,36712.750206642064,0
4810,1000,880.5392828501193,Online,0,Delhi,46,118420.60614611389,1
4811,1009,212.46031169731697,POS,0,Delhi,22,122312.17814398903,1
4812,1035,454.5751328389865,POS,0,Maharashtra,35,38093.90418483711,1
4813,1008,227.81445918059964,Online,0,Karnataka,59,100035.67717445415,0
4814,1044,784.6388381086566,POS,0,Karnataka,59,142879.80959904037,0
4815,1045,500.654007975888,Online,0,Gujarat,61,32212.30993098063,0
4816,1041,383.5865060289714,POS,0,Delhi,52,41398.880255768294,1
4817,1031,393.04465859514346,POS,0,Maharashtra,53,119518.19297453889,0
4818,1031,859.6034963868304,Online,0,Maharashtra,39,63800.3410318574,0
4819,1005,576.0852565797162,POS,0,Maharashtra,41,144224.30890585168,0
4820,1047,731.9744585747004,POS,0,Tamil Nadu,29,101167.19550096977,0
4821,1037,902.1865904381503,Online,0,Karnataka,56,82816.04172274192,0
4822,1016,906.6545922386099,Online,0,Tamil Nadu,29,63896.25659031284,0
4823,1009,362.08360162097,Online,0,Maharashtra,52,51086.21578573834,0
4824,1049,954.828699989066,Online,0,Maharashtra,36,104502.70430566928,0
4825,1026,73.63208791387517,Online,0,Delhi,54,96963.76509384521,0
4826,1049,407.99378296535735,Online,0,Delhi,31,66528.66671684488,0
4827,1034,901.0089146333995,POS,0,Karnataka,40,139310.97702464886,0
4828,1020,310.90503582613377,Online,0,Gujarat,57,119034.50638779394,0
4829,1024,309.42737780525243,Online,0,Maharashtra,39,53808.75899313203,0
4830,1027,337.4911708277943,Online,0,Delhi,64,142637.57641303662,1
4831,1046,631.6977156045762,POS,0,Karnataka,28,118220.08189066182,0
4832,1014,466.41613683363613,Online,0,Tamil Nadu,19,136623.9005401303,0
4833,1003,740.3980945356755,Online,0,Maharashtra,27,37708.595395796656,1
4834,1028,900.1651104364325,POS,0,Gujarat,60,24289.578959858067,1
4835,1008,690.4894061957176,POS,0,Karnataka,22,84079.3745422445,0
4836,1026,244.24338418769673,Online,0,Gujarat,47,78259.87296992725,1
4837,1025,936.0478072424771,POS,0,Maharashtra,38,133074.51409562875,0
4838,1018,301.2682296801046,POS,0,Karnataka,50,42378.906456603036,0
4839,1027,192.3995805617502,Online,0,Delhi,42,23065.688298918027,1
4840,1016,135.46891491791285,Online,0,Gujarat,63,88802.21364414481,1
4841,1042,585.2145536328574,Online,0,Tamil Nadu,64,43083.59396130461,0
4842,1040,158.07433935661922,POS,0,Tamil Nadu,24,26436.16806104746,0
4843,1041,181.8370899069992,Online,0,Gujarat,57,22886.839202670493,0
4844,1049,335.0289565657218,POS,0,Maharashtra,45,38516.37521921628,1
4845,1019,317.57035920024066,Online,0,Maharashtra,33,68861.35596620855,1
4846,1044,624.0275348155352,POS,0,Maharashtra,62,134915.8826771688,0
4847,1039,825.9080154990475,Online,0,Tamil Nadu,54,118874.69938933132,1
4848,1038,773.2821733927478,POS,0,Tamil Nadu,20,88921.87086440745,0
4849,1048,299.3602319806529,Online,0,Delhi,62,75944.81949911824,0
4850,1022,283.0449730866809,Online,0,Maharashtra,36,79253.8799292538,0
4851,1046,967.5019536016192,Online,0,Tamil Nadu,29,135003.77388719626,0
4852,1031,57.824429512362116,POS,0,Tamil Nadu,36,114202.047012141,1
4853,1046,885.734506407205,POS,0,Maharashtra,28,42361.62688559278,0
4854,1032,239.74209316628472,Online,0,Maharashtra,20,142165.1453896218,0
4855,1045,949.9201069352795,POS,0,Tamil Nadu,19,120478.95699684505,0
4856,1004,375.19192058614374,Online,0,Gujarat,63,24440.289669454818,0
4857,1042,468.3341851985897,POS,0,Tamil Nadu,43,85293.4136473873,0
4858,1047,721.7645832471619,Online,0,Delhi,39,104861.63344603353,0
4859,1033,608.2855988995973,POS,0,Karnataka,34,27928.570412490757,0
4860,1039,352.04236322148165,POS,0,Maharashtra,51,65897.82286703409,0
4861,1010,576.1393700744323,POS,0,Delhi,32,104279.32002435598,0
4862,1049,744.1715401447419,POS,0,Gujarat,29,126091.39766392451,0
4863,1002,90.2181986073675,POS,0,Karnataka,33,147027.92643340392,0
4864,1032,60.63933999291891,Online,0,Tamil Nadu,33,35811.9588814304,0
4865,1010,485.16359211924674,POS,0,Maharashtra,56,102212.31065104416,0
4866,1015,175.2447869133385,POS,0,Tamil Nadu,23,136062.6589625337,0
4867,1017,681.1270768914787,POS,0,Delhi,63,113199.3217510892,0
4868,1029,253.34983341606247,POS,0,Maharashtra,25,102211.95182345362,0
4869,1047,461.2085514558874,Online,0,Tamil Nadu,42,47874.85675127809,1
4870,1009,237.7873900305555,POS,0,Maharashtra,36,125988.65219763906,0
4871,1017,571.0594064616682,POS,0,Delhi,36,93123.87980527946,0
4872,1037,160.25078641534046,Online,0,Tamil Nadu,29,34484.10990247062,0
4873,1018,71.95151014810625,Online,0,Karnataka,26,141628.2264250712,0
4874,1035,98.57505620136233,POS,0,Gujarat,58,148490.79584985663,0
4875,1012,956.5455194395445,Online,0,Tamil Nadu,46,89897.42028133279,0
4876,1045,185.17190768038904,POS,1,Maharashtra,44,120942.28222946016,0
4877,1002,723.0543404799935,POS,0,Tamil Nadu,22,95830.6517681707,0
4878,1009,114.52989401168493,Online,0,Maharashtra,43,74886.74668995164,0
4879,1037,152.75233462342305,POS,0,Delhi,47,73184.04438325649,0
4880,1000,533.4324388388679,Online,0,Gujarat,31,145360.85885748564,0
4881,1026,491.62738364662647,Online,1,Maharashtra,50,67942.24453621457,0
4882,1045,954.0012939678761,POS,0,Tamil Nadu,52,83759.0443288202,1
4883,1007,947.5936803697005,POS,0,Delhi,28,52303.802162506094,0
4884,1045,790.6282104153419,Online,1,Karnataka,21,52926.66707787798,1
4885,1041,621.9967386209822,POS,0,Tamil Nadu,50,66309.52240383913,0
4886,1016,482.21230152336045,Online,0,Gujarat,23,140221.09271347214,1
4887,1008,388.369607612,Online,0,Delhi,45,71549.94689449543,0
4888,1005,949.7331696267777,Online,0,Tamil Nadu,27,91797.63613739079,0
4889,1042,622.7633708534513,Online,0,Maharashtra,53,90947.95065678448,0
4890,1024,600.1189013016948,POS,0,Maharashtra,43,95809.66349556495,0
4891,1038,270.30606568046915,POS,0,Maharashtra,47,126605.64638053985,0
4892,1048,94.36292699085742,POS,0,Tamil Nadu,39,137156.1830250009,0
4893,1027,947.9291507715672,POS,0,Gujarat,22,47137.09275825998,0
4894,1032,348.0484959024212,POS,0,Maharashtra,19,131858.14665666845,1
4895,1036,470.4595721582358,POS,0,Tamil Nadu,50,91201.92654996783,0
4896,1008,158.9079464064215,Online,0,Tamil Nadu,33,140181.03881031554,0
4897,1017,845.0781134138274,POS,0,Gujarat,24,139100.35474637634,0
4898,1020,76.2502412131341,Online,0,Delhi,38,70626.327838926,1
4899,1001,842.2912239941417,Online,0,Delhi,52,104743.97629781322,0
4900,1042,183.27076214856845,Online,0,Tamil Nadu,63,133283.45438566117,0
4901,1037,892.2359069995945,POS,0,Delhi,39,70012.15349150504,1
4902,1039,743.2840054693495,Online,0,Karnataka,39,25697.29843035088,1
4903,1035,206.43674938193985,POS,0,Gujarat,23,66775.02000138756,0
4904,1049,587.5270932164947,Online,0,Tamil Nadu,50,67502.54113893589,0
4905,1042,347.0234986374585,POS,0,Delhi,56,124876.92811093145,1
4906,1036,219.32144396600427,POS,0,Delhi,60,60251.05239215189,0
4907,1014,866.2230894405529,POS,0,Gujarat,42,136217.88058582385,0
4908,1027,433.3466281818679,POS,0,Maharashtra,35,91323.39993308508,0
4909,1017,428.6165286471134,POS,0,Delhi,58,96200.04381138046,0
4910,1033,211.39234106628902,Online,0,Gujarat,52,124910.98123192288,1
4911,1021,413.91239228148976,POS,0,Maharashtra,41,37494.779981715736,0
4912,1010,878.0360040124077,POS,0,Tamil Nadu,57,22332.410760583065,0
4913,1012,394.9722749651541,Online,0,Maharashtra,57,27359.90781350951,0
4914,1003,954.0233843747986,POS,0,Delhi,40,23986.259451416725,0
4915,1021,948.9934542479681,POS,0,Tamil Nadu,50,110986.33439059983,0
4916,1006,187.6537263419787,POS,0,Tamil Nadu,46,51846.24131480804,1
4917,1042,218.44569084651263,POS,0,Maharashtra,27,131464.87410795223,0
4918,1023,869.5403668152946,POS,0,Tamil Nadu,32,134773.75223860992,0
4919,1003,423.12287297848326,Online,0,Maharashtra,27,66291.30650565066,0
4920,1027,54.15528316885887,POS,0,Maharashtra,43,45327.296318641136,1
4921,1014,310.1782287201024,Online,0,Maharashtra,57,84845.55671947947,0
4922,1000,617.7475435357819,POS,0,Gujarat,46,126055.0881109443,0
4923,1002,809.3026676619696,Online,0,Delhi,51,109035.95659005523,0
4924,1013,176.7191862385966,Online,0,Tamil Nadu,35,23346.493330198376,0
4925,1037,155.01429619589857,Online,0,Karnataka,19,20929.571863814406,1
4926,1049,925.988020893715,POS,0,Delhi,42,34794.45865703851,1
4927,1000,763.5909494314535,POS,0,Karnataka,38,63780.594791781674,0
4928,1037,610.2906207391745,Online,0,Maharashtra,48,89794.68731983526,0
4929,1037,780.7274504961316,POS,0,Tamil Nadu,39,126286.0426401587,0
4930,1020,457.41164324130654,POS,0,Delhi,26,38563.05906154662,0
4931,1047,770.5329599436702,Online,0,Karnataka,44,39822.272171515164,0
4932,1028,403.21284171080896,POS,0,Karnataka,42,132271.95143626406,0
4933,1004,281.8898438679722,Online,0,Karnataka,42,140123.24016691465,0
4934,1048,742.5627502283202,POS,0,Delhi,44,91667.6222802348,1
4935,1009,448.6886775494049,Online,0,Gujarat,27,122036.03840334415,0
4936,1027,982.3082491098851,POS,0,Maharashtra,47,64547.24532976047,1
4937,1020,382.01092319269594,POS,0,Tamil Nadu,21,143014.6945374699,1
4938,1049,925.6410495045126,Online,0,Karnataka,38,137634.45875854505,0
4939,1006,936.3144211387255,Online,0,Delhi,47,130448.64292299048,0
4940,1002,279.7602997115088,POS,0,Karnataka,50,21687.60659148769,0
4941,1044,808.3101225086127,Online,0,Delhi,60,88028.7509648964,0
4942,1046,461.4207798873369,Online,0,Gujarat,43,23466.034291502678,0
4943,1019,921.6484908688307,Online,0,Karnataka,19,108067.92199969022,0
4944,1018,477.61805900347684,Online,0,Karnataka,40,43847.67193814947,0
4945,1034,757.0885314704979,Online,0,Tamil Nadu,48,103132.39492523907,0
4946,1003,493.619038705608,POS,0,Delhi,21,32734.61724789642,0
4947,1004,266.41071792721334,Online,0,Delhi,64,118360.09944948286,1
4948,1000,239.38262249745196,Online,0,Gujarat,37,114438.23866910816,0
4949,1003,454.1596345435283,Online,0,Karnataka,42,20599.284853842702,0
4950,1011,767.7199241635042,Online,0,Tamil Nadu,62,122966.91204646323,0
4951,1026,624.8179109217285,POS,0,Maharashtra,18,41292.35215539014,0
4952,1041,704.1978254055161,Online,0,Tamil Nadu,19,34207.717849013905,0
4953,1022,318.2100331953453,POS,0,Tamil Nadu,23,85032.13679724908,0
4954,1024,507.36357865972525,POS,0,Tamil Nadu,24,96711.85842753142,1
4955,1020,92.17550172086064,Online,0,Tamil Nadu,21,33403.75521189732,0
4956,1023,826.6557951602147,Online,0,Karnataka,35,59617.31455126799,0
4957,1024,990.3975541278809,POS,0,Tamil Nadu,58,73013.33729450774,0
4958,1044,436.53510949343735,POS,0,Delhi,60,142670.08236604516,0
4959,1045,60.415470474966185,POS,1,Delhi,22,52671.893516440876,0
4960,1031,211.3030075734,Online,0,Tamil Nadu,42,53863.44592581988,0
4961,1031,669.9005338628979,POS,0,Delhi,18,105721.37953104425,0
4962,1004,631.4753522936662,Online,0,Karnataka,51,114529.82406132256,0
4963,1035,798.4714836062667,POS,0,Maharashtra,20,21406.880540151396,0
4964,1045,291.18981041301475,POS,0,Tamil Nadu,34,37424.01085305709,0
4965,1041,775.4503197697774,Online,0,Delhi,49,66499.83468648796,0
4966,1048,703.5848204474863,Online,0,Delhi,41,102161.43101020105,1
4967,1041,356.67377282815113,POS,0,Karnataka,19,37435.47184278609,0
4968,1038,568.2137406541138,Online,0,Karnataka,18,66403.38500727295,0
4969,1015,189.9101180734104,Online,0,Maharashtra,51,30426.339776647546,0
4970,1032,479.9362782638035,POS,0,Gujarat,25,94244.79834172713,0
4971,1048,887.137472577859,Online,0,Gujarat,62,75427.49290977138,0
4972,1020,450.13181083412127,Online,0,Gujarat,63,122450.55967219819,0
4973,1008,847.5883711516509,POS,0,Maharashtra,61,94605.49731462641,0
4974,1005,610.7406969967096,POS,0,Tamil Nadu,26,105683.98385800501,0
4975,1044,232.28287744723892,Online,0,Gujarat,45,107250.58042541714,0
4976,1034,602.0509324630016,Online,0,Gujarat,36,96649.11693482137,0
4977,1038,530.6841626992102,Online,0,Delhi,37,22091.965532769456,0
4978,1021,428.7092684365648,POS,0,Delhi,24,128167.70655916736,0
4979,1040,163.6489175402668,POS,0,Tamil Nadu,59,139170.9456734276,0
4980,1004,445.87323065486834,Online,0,Karnataka,52,89451.23410418554,0
4981,1041,119.12425742764576,Online,1,Maharashtra,36,34580.5784679494,0
4982,1022,143.8305988288137,Online,0,Gujarat,34,105111.20084797041,0
4983,1016,445.12070628608024,POS,0,Maharashtra,57,67284.93697974298,1
4984,1011,340.1124078700405,POS,0,Delhi,35,29526.409699372434,0
4985,1022,929.2671095691123,Online,0,Maharashtra,24,131046.92087817802,1
4986,1015,406.92051511125703,Online,0,Delhi,44,112522.73606335919,0
4987,1002,769.9652159684952,Online,0,Maharashtra,56,124627.25997145251,0
4988,1029,553.7351500479306,Online,0,Delhi,47,123496.47143432664,0
4989,1021,718.8813852102187,POS,0,Maharashtra,40,66498.18332058997,0
4990,1008,297.1101838646292,Online,0,Gujarat,37,82687.69134833806,0
4991,1028,944.8097241964126,Online,0,Gujarat,40,50375.078715435106,1
4992,1046,553.5840720687028,POS,0,Tamil Nadu,43,118136.54965609005,0
4993,1036,839.7578677209872,Online,0,Maharashtra,64,88115.02561693518,0
4994,1022,396.7934088023078,Online,0,Karnataka,31,104500.72349192484,0
4995,1012,145.2007815979983,Online,0,Tamil Nadu,48,66360.89889487084,0
4996,1031,690.0260653348064,Online,0,Maharashtra,44,108293.72900400178,0
4997,1045,57.37166592055326,Online,0,Karnataka,26,107256.61071105386,0
4998,1046,501.52832773723287,Online,0,Gujarat,40,120120.61953559643,0
4999,1047,233.16180753313628,POS,0,Gujarat,27,40206.873984279155,0
5000,1022,646.0067292135941,Online,0,Gujarat,64,101076.88889168127,0
5001,1044,980.4488794809596,POS,0,Karnataka,40,134331.92606007948,1
5002,1016,491.18276100461367,POS,0,Delhi,27,32240.95888336493,0
5003,1039,826.6233436993833,POS,0,Maharashtra,19,144897.06720447793,0
5004,1020,532.3949776035649,POS,0,Tamil Nadu,54,47011.80607099457,0
5005,1001,521.0480295488228,Online,0,Tamil Nadu,57,141751.02556681941,0
5006,1036,933.9023185198389,Online,0,Gujarat,55,132842.58860542643,1
5007,1005,895.4675753093475,Online,0,Delhi,55,120124.45770529039,0
5008,1043,796.5104419285757,Online,0,Maharashtra,18,47226.44475576862,1
5009,1017,331.4429656509449,POS,0,Maharashtra,35,48136.94018599883,0
5010,1029,567.7579949377435,POS,0,Tamil Nadu,52,53709.63147381933,0
5011,1021,262.70237164040077,POS,0,Tamil Nadu,24,125359.3362014747,0
5012,1032,471.7208631442128,Online,0,Tamil Nadu,61,44399.607090102116,0
5013,1029,510.0024124718011,POS,0,Maharashtra,59,95509.30096346447,0
5014,1016,840.0580381608644,Online,1,Tamil Nadu,39,121078.77568349753,0
5015,1042,901.2269470587435,POS,0,Maharashtra,42,79881.909694967,1
5016,1031,443.889059276654,Online,0,Gujarat,59,129296.98880886805,0
5017,1041,66.81922281957534,POS,0,Delhi,40,93073.38978014002,1
5018,1013,868.6851477998869,POS,0,Tamil Nadu,26,97366.30070833086,0
5019,1009,215.56474457629267,Online,0,Maharashtra,44,107981.83020307925,1
5020,1046,640.7878656958738,POS,0,Gujarat,28,129977.27515266158,1
5021,1035,73.72235541242463,POS,0,Karnataka,44,20602.419339386255,0
5022,1033,429.53115149753603,Online,0,Gujarat,57,71032.18626020629,0
5023,1008,986.6622870095823,POS,0,Delhi,45,145188.89717315804,0
5024,1041,145.65892104861294,POS,0,Gujarat,35,32827.32944912998,0
5025,1027,452.5084943996602,POS,0,Tamil Nadu,53,50348.306910297004,1
5026,1010,341.7924526804546,POS,0,Tamil Nadu,51,94221.04022326162,1
5027,1013,909.833717218851,Online,0,Karnataka,30,131524.36674681303,0
5028,1038,875.8731025119874,Online,0,Maharashtra,63,32636.433250344606,0
5029,1046,275.8138222909174,POS,0,Gujarat,47,20523.95279784887,0
5030,1018,127.1283976979096,Online,0,Karnataka,45,109312.84036898272,0
5031,1014,645.7814743580616,POS,0,Tamil Nadu,39,97649.26626295048,0
5032,1027,369.5502762895243,Online,0,Maharashtra,41,55237.865504178575,0
5033,1023,688.4801710757599,POS,0,Maharashtra,64,144489.93928939808,1
5034,1007,80.51376826442376,POS,0,Delhi,47,92689.4870471143,0
5035,1042,176.72927341861495,Online,0,Tamil Nadu,62,106243.73198014073,0
5036,1008,702.0536211340112,POS,1,Maharashtra,55,69241.68542674123,0
5037,1046,251.75212253737288,POS,0,Delhi,37,139806.46658437225,0
5038,1032,864.7082919742815,POS,0,Delhi,23,55889.96249909814,0
5039,1032,105.66134332462866,POS,0,Tamil Nadu,50,117342.37865186372,0
5040,1018,254.7078836462959,Online,0,Maharashtra,64,35166.58817069758,1
5041,1002,998.6322360608152,Online,0,Maharashtra,55,89912.24943624741,0
5042,1009,461.422297457453,Online,0,Gujarat,32,95112.64333981238,0
5043,1039,717.8173803674114,Online,0,Maharashtra,32,44485.96336953133,0
5044,1046,223.529896414163,POS,0,Delhi,49,62090.976588718986,0
5045,1041,629.3752982362608,POS,0,Karnataka,31,43230.635600970345,0
5046,1000,739.8007649509476,POS,0,Tamil Nadu,59,129853.3911826909,0
5047,1028,348.752804073185,POS,0,Karnataka,25,105434.57779871789,0
5048,1049,837.4522563770839,Online,0,Maharashtra,53,78036.43206170795,0
5049,1033,623.2466995486691,Online,0,Delhi,39,92277.4325585971,0
5050,1012,419.6668591342787,Online,0,Karnataka,55,64725.40156680294,0
5051,1000,579.7602736760007,POS,0,Tamil Nadu,37,75736.11238992118,1
5052,1033,597.922805064128,POS,0,Gujarat,41,100518.33409681992,0
5053,1028,207.25852805917273,POS,0,Karnataka,38,47492.2181151316,0
5054,1047,432.5957513736178,POS,0,Gujarat,45,37432.51786283135,0
5055,1046,376.25905861851845,Online,0,Maharashtra,40,142779.65611298563,0
5056,1012,430.8575864501698,Online,0,Maharashtra,41,50791.08054757263,0
5057,1047,773.0550590609951,Online,0,Tamil Nadu,56,84379.17810744359,0
5058,1048,508.411487093339,POS,0,Gujarat,61,118997.92710905353,0
5059,1028,943.3003455773011,Online,0,Gujarat,40,92290.84314114437,0
5060,1038,328.99259269051436,POS,0,Tamil Nadu,21,102533.70846075557,0
5061,1023,444.91839937068255,Online,0,Karnataka,63,41246.283103246256,0
5062,1025,797.6089699550894,Online,0,Tamil Nadu,21,71340.70189540429,0
5063,1016,568.7233636547128,POS,0,Maharashtra,47,109730.77795565383,0
5064,1006,569.6767391032254,POS,0,Gujarat,45,47272.21098473396,0
5065,1012,100.67315485492435,POS,0,Delhi,48,82862.34563824056,1
5066,1004,428.66967958253304,Online,0,Delhi,50,96602.46752334821,0
5067,1025,307.19704580064587,Online,0,Maharashtra,36,122613.26335956741,0
5068,1048,999.3683666895596,Online,0,Gujarat,27,48124.47293919609,1
5069,1002,342.93731710069477,Online,0,Gujarat,42,147151.9514004772,0
5070,1006,890.2717080541703,POS,0,Tamil Nadu,54,145765.42539615004,0
5071,1048,692.4220482884535,Online,0,Karnataka,30,21598.15765002269,0
5072,1038,373.8705887324859,POS,0,Tamil Nadu,23,67837.07790597838,0
5073,1000,566.3576594554174,Online,0,Delhi,47,28819.13713880694,0
5074,1048,848.509085951734,POS,0,Gujarat,40,61242.057563152055,0
5075,1016,889.1998831293663,POS,0,Karnataka,53,98918.17518167202,1
5076,1042,202.37418125583795,Online,0,Tamil Nadu,33,99135.74861554423,0
5077,1024,372.59448414776114,Online,0,Karnataka,25,32566.28900143612,0
5078,1002,368.4620212028931,POS,0,Delhi,33,108025.38372820648,0
5079,1014,89.94255627214746,Online,0,Karnataka,28,130024.04705968313,1
5080,1028,618.3258718593017,POS,0,Gujarat,18,102051.38870496016,0
5081,1042,862.0790503425786,Online,0,Karnataka,39,60295.57252516784,0
5082,1031,412.4956684342419,Online,0,Karnataka,35,20324.3575072852,0
5083,1025,753.0341477349682,Online,0,Tamil Nadu,53,104293.10944234162,0
5084,1015,646.315392920703,Online,0,Karnataka,28,108108.0177335155,0
5085,1024,406.8662987183508,Online,0,Karnataka,37,112137.40454907328,0
5086,1027,184.00680951768223,POS,0,Delhi,27,25103.8729436794,0
5087,1008,723.857660137169,Online,0,Karnataka,27,87138.20889703733,0
5088,1000,861.8369104941785,POS,0,Tamil Nadu,54,73746.06426435045,1
5089,1028,701.5617677814173,POS,0,Tamil Nadu,39,119755.27502862261,0
5090,1021,66.98455983307716,POS,0,Gujarat,28,113949.599638288,0
5091,1015,255.42124967144167,Online,0,Delhi,52,143585.90792848574,0
5092,1040,116.00598563935532,POS,0,Maharashtra,26,136676.30304341926,0
5093,1043,591.8667945974154,POS,0,Gujarat,32,92540.88335659949,0
5094,1040,768.6537948983918,POS,0,Karnataka,36,147461.60979174162,0
5095,1006,155.05022771522647,POS,0,Delhi,54,39527.665191690234,0
5096,1013,846.420929563716,POS,0,Gujarat,23,20930.62886739453,0
5097,1028,577.733529475709,POS,0,Tamil Nadu,53,34018.270369144,0
5098,1018,705.4705615346387,Online,0,Delhi,61,66164.53806235958,1
5099,1018,972.8317561782139,POS,0,Delhi,22,118183.71744964078,0
5100,1001,129.49693883531245,POS,0,Karnataka,20,69798.68916005021,0
5101,1040,906.1628218288998,Online,0,Delhi,27,121478.25580389977,0
5102,1044,169.79756118803886,POS,0,Delhi,30,116561.93789603784,0
5103,1014,423.31086630484816,Online,0,Maharashtra,21,123265.47411631163,1
5104,1002,858.8667615145587,Online,0,Karnataka,57,44345.40058593826,1
5105,1010,910.9415249009747,POS,0,Delhi,50,87084.35760824867,0
5106,1045,531.053089867888,POS,0,Delhi,51,112649.93250475013,0
5107,1029,614.3994063616539,Online,0,Maharashtra,53,56942.71147567777,1
5108,1039,722.7399678686293,Online,0,Maharashtra,50,128943.43442014941,0
5109,1017,841.1207350300784,Online,0,Tamil Nadu,38,121310.55556139568,1
5110,1047,165.43561106078286,Online,0,Karnataka,56,35583.948607519545,0
5111,1001,819.5658428177662,POS,0,Maharashtra,22,48325.43805211708,0
5112,1031,507.21234298603594,Online,0,Delhi,62,50858.541448480086,0
5113,1007,478.09225385276056,Online,0,Maharashtra,30,134201.95221762412,0
5114,1021,452.7047643971483,Online,0,Gujarat,57,44274.493404142195,0
5115,1005,533.7510059837405,POS,0,Tamil Nadu,34,100872.51799702394,0
5116,1011,947.7980257248734,Online,0,Tamil Nadu,27,28438.569193505762,0
5117,1046,570.793584152544,Online,0,Karnataka,27,91825.69636287671,0
5118,1039,955.5186613499823,POS,0,Tamil Nadu,19,38362.77330155632,0
5119,1035,221.27562408485855,POS,0,Karnataka,55,94814.44423555116,0
5120,1014,737.9291798910015,Online,0,Gujarat,38,67813.44407196608,0
5121,1027,821.6275616783098,Online,0,Delhi,18,98738.75490155461,0
5122,1048,695.1723897681188,Online,0,Gujarat,47,71277.6189062003,0
5123,1044,626.5761662152133,POS,0,Karnataka,35,131058.37745318744,1
5124,1017,586.5721420318731,POS,0,Karnataka,52,118407.10489884089,0
5125,1001,867.8839584497612,Online,0,Karnataka,56,129811.28722069785,0
5126,1012,830.564267306275,Online,0,Delhi,39,48866.78829259013,0
5127,1044,166.17428512156954,Online,0,Karnataka,20,39346.07848427212,0
5128,1014,856.1582741793342,POS,0,Gujarat,23,92453.50688886356,0
5129,1019,443.36518846842034,Online,0,Delhi,53,133468.31759084263,0
5130,1028,291.01198849602025,Online,0,Gujarat,33,34381.11434454841,0
5131,1041,876.2801396132296,POS,0,Delhi,20,50405.4636091889,0
5132,1028,460.42355965205456,Online,0,Karnataka,53,116979.76839083392,0
5133,1002,817.9464556679758,POS,0,Delhi,28,80496.92711024849,0
5134,1018,300.23343135805226,POS,0,Maharashtra,34,98450.22948342278,0
5135,1002,53.73285535110691,Online,0,Gujarat,36,96928.07514876747,0
5136,1013,520.6862332577971,POS,0,Maharashtra,25,73606.14493408156,0
5137,1039,145.21684381074004,POS,0,Maharashtra,31,111741.29990563226,0
5138,1003,766.6571577486642,Online,0,Karnataka,43,130794.98861886855,0
5139,1010,312.27137926593986,POS,0,Karnataka,42,138008.41637912218,0
5140,1030,471.46336427330476,POS,0,Maharashtra,27,26033.507827491405,0
5141,1042,132.68188683697653,Online,0,Delhi,49,91968.79659209837,0
5142,1031,322.32628602489,Online,0,Karnataka,32,25248.300907051238,0
5143,1026,792.4157310956434,Online,1,Gujarat,21,137120.91436980825,0
5144,1029,194.00851630720348,Online,0,Maharashtra,45,75804.55495998338,0
5145,1042,664.8015830706095,Online,0,Gujarat,21,137068.30330028926,0
5146,1001,921.5545601642762,POS,0,Gujarat,30,44398.84328060904,0
5147,1048,695.8449217698343,POS,0,Gujarat,29,41108.261245914895,0
5148,1008,820.4706048276155,POS,0,Maharashtra,32,138082.1385823725,0
5149,1027,153.52304783872,POS,0,Tamil Nadu,46,141988.82579573675,0
5150,1030,288.19523470195173,POS,0,Karnataka,40,119682.6524195201,0
5151,1033,899.8119096285615,Online,0,Gujarat,30,48863.298465773405,0
5152,1014,729.3503329371847,Online,0,Maharashtra,55,42358.101060373636,1
5153,1047,657.5761350584456,Online,0,Tamil Nadu,63,117241.69946619408,0
5154,1024,680.578399315615,Online,0,Maharashtra,52,102520.71315002393,0
5155,1035,443.4905265894113,POS,0,Karnataka,57,133369.9655680785,0
5156,1007,92.32880003677056,Online,0,Maharashtra,29,55985.48438704786,0
5157,1008,795.2194649671926,Online,0,Delhi,47,58396.42823384979,1
5158,1036,694.7775744045862,POS,0,Delhi,63,115113.34553633444,1
5159,1047,499.16424090708847,POS,0,Gujarat,22,54822.91901194343,0
5160,1044,904.7716345998446,Online,0,Maharashtra,19,80109.0401476901,0
5161,1038,369.3516817358439,POS,0,Maharashtra,59,87618.47859695005,0
5162,1031,329.60565701967414,POS,0,Gujarat,47,106993.98797252287,0
5163,1016,879.1565088254707,Online,0,Gujarat,52,64769.85600743379,1
5164,1034,807.1382720210362,POS,0,Tamil Nadu,27,131583.80736098913,0
5165,1036,539.2308201159275,Online,0,Maharashtra,26,72302.7734858034,0
5166,1018,174.19800248495747,POS,0,Karnataka,34,25378.52861451346,1
5167,1043,254.31789789179984,POS,0,Karnataka,55,28710.272115109237,0
5168,1028,673.4165908883663,POS,0,Karnataka,47,146304.53762044286,0
5169,1006,415.78917594839106,POS,0,Gujarat,58,100865.56315065462,0
5170,1027,844.6495320826726,Online,0,Gujarat,52,83820.64498619051,0
5171,1008,952.4572588655939,POS,0,Gujarat,24,133058.48141419893,0
5172,1027,815.3550790111724,Online,0,Karnataka,29,113195.00969705521,0
5173,1005,408.6681518457793,Online,0,Tamil Nadu,59,43580.97735451811,1
5174,1028,799.2521077698528,POS,0,Delhi,51,20947.999583943318,1
5175,1016,383.8695897971493,POS,0,Maharashtra,20,147676.9393629174,0
5176,1015,208.74508337735222,Online,0,Delhi,50,101798.08573340515,0
5177,1022,81.72354462256453,POS,0,Maharashtra,57,82019.65047840352,0
5178,1030,416.43087712296904,POS,0,Gujarat,30,142805.29855129897,0
5179,1002,908.3813385124178,Online,0,Karnataka,28,67996.99496775345,0
5180,1020,277.03725836789266,POS,0,Delhi,57,113931.84020964324,0
5181,1025,246.1875066832948,Online,0,Gujarat,37,107114.8559211369,0
5182,1035,971.3297459789883,POS,0,Maharashtra,48,108012.78802376869,1
5183,1041,73.75390720806251,POS,0,Delhi,50,108027.25017103182,0
5184,1036,796.4930428740666,POS,0,Delhi,51,21355.55294764496,0
5185,1021,355.30145795382685,POS,0,Delhi,26,127159.265754229,1
5186,1041,85.61355902617638,POS,0,Delhi,24,139984.01296282728,0
5187,1011,921.9124131991044,POS,0,Delhi,26,78415.42011825614,0
5188,1041,182.66021369910442,Online,0,Gujarat,59,92862.87167440134,0
5189,1012,574.1903195394107,Online,0,Maharashtra,43,62213.03651984127,0
5190,1010,310.3514970580704,POS,0,Maharashtra,19,122059.37461014141,0
5191,1015,111.93316207545648,POS,0,Tamil Nadu,22,115758.17172813074,0
5192,1007,97.42636138021014,Online,0,Karnataka,19,116005.13177319888,0
5193,1039,159.77886389452186,Online,0,Delhi,27,115539.96999506379,0
5194,1039,117.79866319491104,Online,0,Maharashtra,48,48410.70619552499,1
5195,1044,772.5302097439268,POS,0,Karnataka,50,34627.96249436114,0
5196,1001,511.2878921692577,POS,0,Karnataka,61,60398.05209158432,1
5197,1029,375.7474867815307,POS,0,Gujarat,64,94799.30381370978,0
5198,1029,447.4504646254068,Online,0,Delhi,23,71938.03810684226,0
5199,1011,932.4993987939921,Online,0,Tamil Nadu,31,52401.958715042565,0
5200,1009,915.2142221012399,POS,0,Karnataka,31,22897.53975072145,0
5201,1043,729.892656116448,Online,0,Gujarat,32,35747.30555530925,0
5202,1010,890.4482585506033,POS,0,Delhi,50,33693.14664500905,0
5203,1014,353.66562620824357,POS,0,Maharashtra,48,144363.0996149122,0
5204,1015,412.0538597078687,Online,0,Tamil Nadu,34,121247.24525537834,0
5205,1016,633.0265727615166,POS,0,Delhi,60,35957.741900324574,0
5206,1025,642.4446499324009,Online,0,Gujarat,32,80737.38308636568,0
5207,1001,507.6148461117239,Online,0,Gujarat,37,105083.18905649615,0
5208,1049,430.6249560160556,POS,0,Gujarat,38,144934.34911411506,0
5209,1011,986.8712960282604,POS,0,Gujarat,46,54965.309098348305,0
5210,1025,830.0674448118382,Online,0,Gujarat,26,54326.07532289395,0
5211,1022,463.23118799364295,POS,0,Tamil Nadu,46,93873.49469070663,0
5212,1017,740.92785337759,Online,0,Karnataka,61,131459.11836599093,0
5213,1031,306.0836085898365,POS,0,Karnataka,51,56350.75315447833,1
5214,1048,145.1608599254634,Online,0,Maharashtra,64,36357.28123954832,0
5215,1037,384.8094742751036,Online,0,Karnataka,26,54596.92171681805,0
5216,1046,432.8241601172245,POS,0,Gujarat,47,78378.74677874643,0
5217,1002,65.71026833263726,POS,0,Karnataka,34,66793.92983319766,0
5218,1037,824.0524015541013,Online,0,Karnataka,21,131957.6886205648,0
5219,1002,391.23373226972245,Online,0,Gujarat,57,142582.9108193008,0
5220,1029,601.3972574911397,Online,0,Tamil Nadu,49,69198.48303668473,0
5221,1000,120.26502790740817,Online,0,Gujarat,49,127044.76945185782,0
5222,1029,216.24698731305477,POS,0,Karnataka,24,28919.469305563114,0
5223,1044,895.209039061182,POS,0,Karnataka,55,91981.43091356607,1
5224,1031,628.2531514886607,POS,0,Maharashtra,49,128121.4779380306,0
5225,1027,952.7698476619613,Online,0,Gujarat,22,74421.02179752548,0
5226,1020,998.8125326717511,POS,0,Maharashtra,59,38646.3986537601,0
5227,1045,403.2671095664397,Online,0,Maharashtra,20,56931.70956305315,1
5228,1012,333.86291087911087,Online,0,Delhi,37,83947.99228687945,0
5229,1026,865.4382524011419,POS,1,Maharashtra,34,129654.65497885297,0
5230,1035,998.6808556855815,POS,0,Karnataka,33,117317.64534574267,0
5231,1006,648.1591725208344,Online,0,Karnataka,28,30864.820090164554,1
5232,1021,805.3836863859462,Online,0,Delhi,30,91000.45473836677,0
5233,1009,792.6585658745107,POS,0,Delhi,35,133405.6022833917,0
5234,1038,387.5727228085696,Online,0,Gujarat,31,95024.33100054359,0
5235,1014,595.5568612442329,POS,0,Delhi,51,28441.88227953826,0
5236,1014,841.4040942010029,POS,0,Tamil Nadu,29,127005.64085518185,0
5237,1003,703.7081824480027,Online,0,Karnataka,39,137880.0606850612,0
5238,1031,70.10562328293635,Online,0,Karnataka,38,70594.56357404654,1
5239,1022,369.8703854526568,Online,0,Delhi,43,60317.79380496927,0
5240,1005,187.25191176487508,Online,0,Delhi,59,90635.58237430394,0
5241,1023,271.32360147413715,Online,0,Karnataka,56,147931.4498253453,0
5242,1019,910.2150036167594,POS,0,Delhi,19,128870.35336689315,0
5243,1036,85.04862446522975,POS,0,Gujarat,33,125437.2529952181,0
5244,1019,258.81067636382755,POS,0,Delhi,51,45108.65713749529,0
5245,1011,344.0908846263199,POS,0,Delhi,28,136371.4988060591,0
5246,1032,636.0398683680751,Online,0,Gujarat,36,92272.94528496984,0
5247,1027,557.3966055815722,POS,0,Gujarat,47,139194.22517094377,0
5248,1007,257.35600871071676,Online,0,Gujarat,24,104722.38590227721,0
5249,1000,206.02901386199673,Online,0,Karnataka,44,128441.7249922774,0
5250,1036,274.9581328663129,Online,0,Delhi,39,41518.34324876099,0
5251,1021,527.4031453665727,Online,0,Gujarat,34,111847.79026790784,0
5252,1005,307.61889642564324,Online,0,Gujarat,32,53442.77778388531,0
5253,1020,950.2223765273361,POS,0,Karnataka,26,41957.2856076358,0
5254,1031,490.67196035740517,Online,0,Tamil Nadu,29,94617.70278515287,0
5255,1034,105.8562157174052,Online,1,Delhi,25,98356.34479414503,0
5256,1014,742.8030855448017,POS,0,Tamil Nadu,19,83780.3149686563,0
5257,1004,362.4030237985401,POS,0,Tamil Nadu,33,31575.304663037816,0
5258,1045,670.8144854553352,POS,0,Gujarat,20,51817.37312032799,0
5259,1049,315.6146519970704,Online,0,Karnataka,48,50608.61545202219,0
5260,1047,592.2065546466539,Online,0,Delhi,60,60781.26780176067,0
5261,1005,783.5448795670915,Online,0,Delhi,43,101648.50243300511,1
5262,1024,931.6083046858263,Online,0,Delhi,58,76938.34504230399,0
5263,1045,298.0707872114232,POS,0,Tamil Nadu,63,145890.06581072748,0
5264,1039,368.1141034490321,POS,0,Maharashtra,19,22059.725809048054,0
5265,1028,491.0530992716427,POS,0,Karnataka,47,48067.44420781596,0
5266,1006,930.8160958491894,POS,0,Maharashtra,30,94542.96112379755,0
5267,1039,906.3175139701243,POS,0,Tamil Nadu,54,134314.13405186904,0
5268,1012,135.38436609560614,POS,0,Gujarat,31,24407.930886011745,0
5269,1037,175.3333344661203,Online,0,Maharashtra,18,134869.4392600337,0
5270,1017,520.7337184641063,Online,0,Maharashtra,49,85945.5503126821,0
5271,1001,151.28830916515233,POS,0,Karnataka,23,122112.83670057688,0
5272,1007,378.3018296812626,POS,0,Tamil Nadu,39,143324.729657152,0
5273,1010,190.96610930660378,POS,0,Karnataka,28,48002.5731007922,0
5274,1032,654.2383373752915,POS,0,Gujarat,40,96428.28744576008,0
5275,1037,952.0206601522036,Online,0,Delhi,31,134876.9625005583,0
5276,1047,996.8970817796624,Online,0,Tamil Nadu,31,129773.38760969345,0
5277,1026,406.4790758720691,Online,0,Gujarat,37,87725.37050656756,0
5278,1019,619.0620052588816,POS,0,Gujarat,24,143433.99460351904,0
5279,1011,863.4542708478772,POS,0,Maharashtra,36,112097.7894999008,0
5280,1042,161.5889691565648,POS,0,Karnataka,43,88134.85759882124,0
5281,1030,705.0861904993667,Online,0,Maharashtra,39,27527.292392087802,1
5282,1026,438.40147863881487,Online,0,Maharashtra,23,83349.76099740723,1
5283,1031,245.83885226615587,Online,0,Delhi,30,74847.07870436755,0
5284,1009,432.61593781006985,POS,0,Karnataka,27,59682.89349157153,0
5285,1002,122.16227261667102,Online,0,Delhi,36,142575.88373812803,0
5286,1044,710.6367911598404,Online,0,Gujarat,48,140341.00213500828,0
5287,1026,290.1055353110304,POS,0,Delhi,27,63846.96893540179,0
5288,1034,345.8353627926341,Online,0,Gujarat,54,76649.1629793228,0
5289,1030,165.02723332938962,POS,0,Maharashtra,30,117736.51528117966,0
5290,1014,871.4261581953971,POS,0,Delhi,34,128557.4277558967,0
5291,1015,518.7720653186017,POS,0,Karnataka,22,34310.218372077914,0
5292,1012,593.5395338970802,Online,0,Delhi,38,83803.33316553518,0
5293,1048,590.9610489401119,Online,0,Gujarat,56,138885.5920602118,0
5294,1034,439.96845881427464,POS,0,Tamil Nadu,37,106396.44348321317,0
5295,1010,232.90341966623248,Online,0,Karnataka,24,90585.6265349215,0
5296,1020,757.8761110734799,POS,0,Gujarat,32,113345.78034158844,0
5297,1010,170.70345208979063,Online,0,Tamil Nadu,32,105986.11362877485,0
5298,1029,148.68010076486996,POS,0,Karnataka,40,142492.35358680307,0
5299,1047,724.6377857166782,POS,0,Tamil Nadu,50,138642.72644456086,0
5300,1034,248.39516942938462,Online,0,Maharashtra,61,71710.86162677222,0
5301,1021,341.43411378519073,POS,0,Maharashtra,19,24162.500889327872,0
5302,1037,501.46609365165324,POS,0,Delhi,49,63247.95949227467,0
5303,1030,476.8837508930689,POS,0,Delhi,32,46375.68771879938,0
5304,1013,723.1501688117493,POS,0,Delhi,24,37101.79679768862,0
5305,1023,642.2602037711929,POS,0,Delhi,26,135432.688923629,0
5306,1049,662.1763541677724,Online,0,Tamil Nadu,45,112291.07932626668,0
5307,1048,728.3516141226844,Online,0,Karnataka,39,24235.22854679609,0
5308,1031,327.98209105229205,POS,0,Karnataka,20,139567.9996631345,0
5309,1035,356.21664621044994,Online,0,Delhi,59,137391.20537498122,0
5310,1031,466.0978605007764,POS,0,Maharashtra,19,143420.607983493,0
5311,1014,342.08906438184977,POS,0,Gujarat,39,127883.87971869984,0
5312,1042,985.6909755223203,POS,0,Delhi,42,30254.045129430775,0
5313,1034,823.3493301003582,POS,0,Delhi,42,100963.36990166607,0
5314,1002,206.4219538432281,POS,0,Maharashtra,49,30801.434591258818,0
5315,1015,55.314448087776036,Online,0,Gujarat,61,112741.52312766334,0
5316,1004,90.64410483490447,Online,1,Tamil Nadu,24,45611.17140998837,0
5317,1020,281.860278490779,Online,0,Tamil Nadu,48,141655.60372730508,0
5318,1009,158.57672154501373,Online,0,Gujarat,54,141442.23826137895,0
5319,1018,556.6712091479435,Online,0,Gujarat,21,97298.34358910033,0
5320,1024,865.0954615909907,Online,0,Tamil Nadu,50,117847.86881503822,0
5321,1003,749.912709867566,POS,0,Delhi,32,131559.95756414143,0
5322,1028,254.82860992808088,Online,0,Delhi,26,70589.00502326379,0
5323,1018,429.33429322449655,POS,0,Maharashtra,23,95294.82316458636,1
5324,1042,532.4994990547137,POS,0,Gujarat,63,42883.04827076876,0
5325,1001,819.6955570281688,Online,0,Delhi,48,148114.51317460468,0
5326,1009,847.1655229508566,Online,0,Delhi,51,140822.49731641792,0
5327,1042,914.2323963123872,POS,0,Maharashtra,61,82844.70238868654,1
5328,1024,533.7829879777314,POS,0,Gujarat,55,91933.4678004294,0
5329,1019,709.5610091140699,POS,0,Maharashtra,30,76770.66001753518,0
5330,1047,156.2103526722403,POS,0,Maharashtra,53,20216.18551720575,0
5331,1018,587.0245119562829,POS,0,Tamil Nadu,49,49899.71759717521,0
5332,1022,286.2572189975783,Online,0,Maharashtra,39,33214.262876272645,1
5333,1023,460.13104077528055,Online,0,Gujarat,46,61976.86762806024,0
5334,1010,652.3479828913834,POS,0,Delhi,28,50710.60643663744,0
5335,1045,294.13664096109204,POS,0,Delhi,23,119013.40115951042,0
5336,1033,99.57580490692303,POS,0,Tamil Nadu,22,85623.60694214448,0
5337,1027,59.72216358831964,POS,0,Gujarat,18,126209.2510169587,0
5338,1004,71.05155876729546,POS,0,Delhi,56,102640.72023068875,0
5339,1004,57.93225063808118,POS,0,Maharashtra,27,105309.44657438503,0
5340,1020,154.8373037299817,POS,0,Karnataka,27,133911.8772245167,0
5341,1011,277.5142788416234,POS,0,Karnataka,41,130134.8801632194,1
5342,1049,260.16043847318423,Online,0,Karnataka,24,28228.56906883044,0
5343,1003,987.4567644709019,POS,0,Karnataka,39,95185.36245888704,0
5344,1048,340.70579994849606,POS,0,Maharashtra,38,73701.69774981966,0
5345,1041,171.04974419142914,Online,0,Delhi,39,97952.86693064417,0
5346,1019,568.2844169593701,POS,0,Tamil Nadu,50,132143.1353088856,0
5347,1037,865.059582627633,POS,0,Maharashtra,61,21566.10682907645,0
5348,1024,694.1573579482914,POS,0,Delhi,42,21425.84271686744,1
5349,1013,331.2779846786778,POS,0,Gujarat,48,28132.125272520938,1
5350,1010,583.5353518018823,Online,0,Delhi,33,133735.0832005982,0
5351,1031,729.1131754903887,POS,0,Delhi,32,65952.64341210679,1
5352,1010,741.6992677493552,POS,0,Delhi,46,68259.97397944418,0
5353,1017,683.2115325328044,POS,0,Maharashtra,36,64902.42030987069,0
5354,1026,877.2699035368371,Online,0,Delhi,34,50025.125916600395,0
5355,1017,876.6001854268991,POS,0,Delhi,43,25052.128383910414,0
5356,1022,599.9897314366531,POS,0,Gujarat,53,137846.7733987902,0
5357,1010,458.36355065565164,Online,0,Gujarat,53,50273.63343775572,0
5358,1020,659.4917807868449,Online,0,Karnataka,52,136212.25216986617,0
5359,1043,827.30140130194,Online,0,Maharashtra,57,144242.49128430692,0
5360,1004,55.36949959912549,Online,0,Delhi,40,94964.71426357466,0
5361,1022,992.3971585641085,POS,0,Karnataka,26,68395.57100783908,0
5362,1040,223.74908371273926,Online,0,Karnataka,51,119553.64636894406,1
5363,1024,496.73653637697737,Online,0,Maharashtra,35,23299.782988076768,0
5364,1040,878.4282481007234,Online,0,Karnataka,33,140752.69584966463,0
5365,1009,263.78837909198944,POS,0,Karnataka,49,73029.12003211828,0
5366,1021,502.955462705364,Online,0,Maharashtra,45,60118.2784740754,0
5367,1018,175.95307117212022,POS,1,Tamil Nadu,49,36501.54303116894,1
5368,1000,425.322509118783,POS,0,Karnataka,35,144172.14145657042,0
5369,1006,218.27868205335238,Online,0,Gujarat,61,125433.89481710519,0
5370,1003,395.44636133259917,POS,0,Karnataka,51,114112.26469475051,1
5371,1000,404.7910059530859,Online,1,Maharashtra,46,141025.39411847392,0
5372,1014,993.5122501184161,Online,0,Maharashtra,38,144778.04882931174,0
5373,1039,995.0723778385836,POS,0,Tamil Nadu,18,54898.10694154278,0
5374,1011,159.04696472758178,POS,0,Tamil Nadu,33,122248.24537135918,1
5375,1021,739.6703403619299,POS,0,Gujarat,50,119707.56595536711,0
5376,1021,99.1582056856461,POS,0,Gujarat,38,92451.10495965832,0
5377,1049,78.6824145703292,Online,0,Karnataka,52,39555.31628069283,0
5378,1046,150.06719953271607,POS,0,Tamil Nadu,44,142244.91169080822,0
5379,1016,967.2113741575373,POS,0,Gujarat,37,60999.68803423727,0
5380,1028,943.8203704999626,POS,0,Karnataka,48,95254.31736169492,1
5381,1045,234.23142926664642,POS,0,Delhi,33,22519.43509908736,0
5382,1013,203.58871877602596,Online,0,Karnataka,31,75788.83743316436,0
5383,1049,278.50833219014964,Online,0,Gujarat,49,100196.24048688443,0
5384,1019,539.7696443713851,POS,0,Karnataka,58,69524.77561769089,0
5385,1049,591.2194004336394,POS,0,Delhi,49,82023.82182686178,0
5386,1047,260.513758917475,Online,0,Gujarat,19,44963.274956123205,0
5387,1032,768.791648685448,Online,0,Karnataka,62,65528.83087493885,0
5388,1042,344.0755109325182,Online,0,Gujarat,39,114037.35784310628,0
5389,1014,926.0247592529398,Online,0,Karnataka,54,146062.54827193503,0
5390,1011,673.8865711338941,POS,0,Maharashtra,34,80942.27556314174,1
5391,1039,464.5336345884311,POS,0,Gujarat,49,109186.06116037439,1
5392,1019,800.4164016177031,Online,0,Gujarat,55,146904.4426145516,0
5393,1029,827.0188947443315,Online,0,Gujarat,34,120722.94966625786,0
5394,1037,325.95752532849644,POS,0,Gujarat,51,21316.982800245692,0
5395,1002,372.72881664428013,POS,0,Karnataka,24,141620.28332167666,0
5396,1027,939.1573960421732,Online,0,Tamil Nadu,46,132653.6526512028,0
5397,1025,206.50398644510832,POS,1,Karnataka,34,55244.67427054532,0
5398,1029,90.04289611478748,Online,0,Delhi,41,43601.68019000073,0
5399,1012,481.3525564790717,POS,0,Maharashtra,25,136899.15366508334,1
5400,1012,811.1494052314475,POS,1,Karnataka,40,109529.80463468775,0
5401,1001,783.0847009952086,Online,0,Karnataka,50,50808.80798081326,1
5402,1036,923.5540974671909,POS,0,Gujarat,46,112804.63595186165,0
5403,1048,556.5406311505883,Online,0,Delhi,36,98029.22881086063,0
5404,1037,145.06143798820665,POS,0,Gujarat,22,60197.95688756551,0
5405,1001,609.2545256192153,Online,0,Gujarat,54,92380.47070905949,0
5406,1035,789.475833635551,Online,0,Tamil Nadu,40,88544.77209418837,1
5407,1025,138.66171425633507,Online,0,Maharashtra,43,86270.65637423491,0
5408,1010,214.02453104271027,POS,0,Tamil Nadu,41,87257.65125406744,0
5409,1007,61.67612809788736,Online,0,Gujarat,38,20052.69617474364,0
5410,1043,613.9699504744699,Online,0,Maharashtra,50,54922.3437358234,0
5411,1039,892.3976723486091,POS,0,Karnataka,43,76012.71477031877,1
5412,1042,687.1301502019945,POS,0,Delhi,27,36542.93177134816,0
5413,1021,982.938083211433,Online,0,Tamil Nadu,59,117391.3798503347,0
5414,1019,109.88196987477349,Online,0,Delhi,46,130095.312564258,0
5415,1007,907.8510308939215,POS,0,Gujarat,52,126310.38442557397,1
5416,1028,823.3648730173467,POS,0,Maharashtra,45,79752.77653375588,0
5417,1039,348.52944447452967,POS,0,Karnataka,29,109791.24331615651,1
5418,1025,974.8502242453892,Online,0,Maharashtra,61,29995.199360290717,0
5419,1029,323.5408607628443,POS,0,Delhi,24,45921.52298535296,0
5420,1016,894.8394876368076,Online,0,Delhi,33,26102.101403479537,0
5421,1019,886.7111482204799,Online,0,Karnataka,37,145507.22883059707,0
5422,1015,769.7747357728239,Online,0,Karnataka,46,94660.63010360695,0
5423,1045,585.2969501222093,POS,0,Maharashtra,52,42781.20254923943,0
5424,1042,164.00261213604364,POS,0,Tamil Nadu,45,111980.90918534549,0
5425,1006,555.3731477716733,POS,0,Maharashtra,24,83586.74365049688,0
5426,1015,388.95644287218784,Online,0,Delhi,39,76453.49194876936,0
5427,1044,802.6061814975842,Online,0,Maharashtra,31,138748.91359171006,0
5428,1046,770.2227461720026,POS,0,Gujarat,53,112066.79079960413,0
5429,1047,915.081882003975,POS,0,Maharashtra,27,109785.63035360057,0
5430,1026,64.08865431012248,Online,0,Maharashtra,19,32650.131032919802,1
5431,1022,818.6480559818938,Online,0,Gujarat,39,31963.72912661681,0
5432,1023,941.5389504684354,Online,0,Delhi,33,106376.3275897142,0
5433,1008,799.8354266527426,Online,0,Karnataka,52,40343.76932338212,0
5434,1034,173.68473687684838,POS,0,Maharashtra,64,78922.95088898536,1
5435,1019,127.21514959884335,Online,0,Tamil Nadu,57,94074.66104396021,0
5436,1036,69.80297781731576,Online,0,Karnataka,28,70451.77958605305,0
5437,1041,647.3079645366674,POS,0,Tamil Nadu,60,31070.1009410052,0
5438,1016,648.189019266893,POS,0,Maharashtra,60,116635.60671404075,0
5439,1046,987.5680285073016,POS,0,Tamil Nadu,50,135054.15690335172,0
5440,1030,428.14101539889094,POS,0,Karnataka,51,41018.83220998525,0
5441,1007,365.3109706526219,Online,0,Tamil Nadu,50,131033.4664906862,0
5442,1014,643.2036808251728,Online,0,Tamil Nadu,36,122530.4736835541,1
5443,1030,834.3282388822142,Online,0,Karnataka,37,93301.83563435312,0
5444,1029,939.9352520468518,Online,0,Karnataka,27,97493.04383825231,0
5445,1045,812.9679578700867,Online,0,Karnataka,36,104703.85453786582,0
5446,1019,455.3402815850145,POS,0,Karnataka,60,88218.99041223848,1
5447,1038,653.168523546461,POS,0,Gujarat,29,129764.55501630071,1
5448,1011,863.4843603803112,Online,0,Maharashtra,27,81632.82636795448,0
5449,1048,516.0792038961524,POS,0,Karnataka,24,91116.84851772772,0
5450,1016,255.85231152012307,Online,0,Delhi,57,24779.50244514164,0
5451,1041,211.2372677604793,Online,0,Tamil Nadu,28,43409.057390963964,1
5452,1029,50.14985734915389,Online,0,Karnataka,33,137491.13829275698,0
5453,1028,732.32609523222,Online,0,Karnataka,50,35804.372408180614,0
5454,1018,155.542348403691,Online,0,Maharashtra,55,137526.4320669928,0
5455,1045,281.64714471114337,POS,0,Karnataka,34,102670.16104383355,0
5456,1010,332.9825149466537,POS,0,Gujarat,62,139616.0849815383,0
5457,1033,582.3608671299299,Online,0,Delhi,42,125859.7634759962,0
5458,1049,428.0594134309808,Online,0,Delhi,59,132486.84982945325,0
5459,1006,690.9402924220037,POS,0,Karnataka,48,88169.77749845874,0
5460,1043,102.85672636226758,Online,0,Maharashtra,59,127288.77965198232,0
5461,1033,167.74223455121748,Online,0,Karnataka,18,79868.60881940224,1
5462,1019,524.2509283566034,Online,0,Tamil Nadu,56,25742.48051466325,0
5463,1049,370.11654845448834,POS,0,Delhi,37,104676.57680128598,0
5464,1037,331.0226946137917,Online,0,Tamil Nadu,26,114698.91804231265,1
5465,1023,113.6766750856466,Online,0,Gujarat,60,33201.334576514906,0
5466,1009,900.9332160106014,POS,0,Delhi,19,126067.90412652267,0
5467,1031,707.2276568187982,Online,0,Delhi,18,29772.591780527975,0
5468,1014,165.53724897866692,Online,0,Gujarat,61,77409.83539298759,0
5469,1036,111.79365985028357,POS,0,Tamil Nadu,56,83430.08349098128,0
5470,1019,976.1289067596808,POS,0,Karnataka,22,24778.39817971462,0
5471,1002,697.1139229175296,Online,0,Maharashtra,29,28554.592279674078,0
5472,1036,446.5832675390544,POS,0,Tamil Nadu,31,78583.74144220236,0
5473,1039,716.6444887179956,Online,0,Gujarat,56,60463.50007345026,1
5474,1007,768.5151971561511,Online,0,Gujarat,49,126068.00950350736,0
5475,1039,790.9640922693403,POS,0,Gujarat,57,73801.12521878038,0
5476,1043,503.98344037040476,Online,0,Delhi,63,33718.519802304814,0
5477,1022,458.3886202186056,POS,0,Karnataka,61,40524.20779656613,1
5478,1039,60.47668005545532,POS,0,Delhi,26,107551.49563491729,0
5479,1010,930.2292593847461,POS,0,Delhi,59,143508.48900023632,0
5480,1045,623.1424844694959,Online,0,Delhi,59,133047.65046529946,0
5481,1007,242.9962403304697,POS,0,Gujarat,50,36834.262701456246,0
5482,1028,923.6232484503648,Online,0,Tamil Nadu,42,22127.85689513232,0
5483,1029,919.1853066817815,POS,0,Maharashtra,55,23437.040524201322,1
5484,1009,989.7249561477911,POS,0,Maharashtra,31,92130.29384720772,0
5485,1038,880.3537349820299,Online,0,Karnataka,26,83166.69451382232,0
5486,1027,997.8951684290615,Online,0,Karnataka,44,21741.557444112725,0
5487,1048,282.45187871710897,POS,0,Gujarat,61,27425.955208807947,0
5488,1035,850.1371059392724,Online,0,Maharashtra,36,149968.079856463,0
5489,1012,831.8768933559762,Online,0,Tamil Nadu,42,145442.3605550098,0
5490,1031,269.3933412596971,POS,0,Gujarat,49,36474.2126708337,0
5491,1035,143.51567155094125,POS,0,Karnataka,39,41332.98645920183,0
5492,1036,980.4494879937197,Online,0,Gujarat,46,137021.1717219561,0
5493,1025,331.2233239445798,POS,0,Karnataka,45,85967.12358591454,0
5494,1021,877.3472009444158,POS,0,Maharashtra,61,144536.8643530124,0
5495,1003,53.9207969408737,POS,0,Gujarat,30,87644.1675909792,0
5496,1030,69.97356685862209,Online,0,Delhi,45,95039.1312288588,0
5497,1017,492.57774326155,Online,0,Karnataka,20,48617.66698498961,0
5498,1037,276.7789497383104,Online,0,Delhi,47,133889.86731409028,0
5499,1023,705.3492192641661,POS,0,Karnataka,28,127250.33949631029,0
5500,1022,587.2861092895566,Online,0,Delhi,19,63865.00211098886,0
5501,1021,123.61150757796688,POS,0,Maharashtra,26,99608.4930633197,0
5502,1001,204.49688149993122,POS,0,Maharashtra,50,64387.50483354045,1
5503,1030,418.6468065554936,POS,0,Tamil Nadu,43,80315.87625118237,0
5504,1010,226.3238607576615,POS,0,Tamil Nadu,33,130961.66038573343,1
5505,1027,802.6112298817321,Online,0,Tamil Nadu,42,74004.86451804521,0
5506,1045,445.266723775616,POS,0,Gujarat,18,129273.52918625515,0
5507,1031,138.7602735003743,POS,0,Karnataka,38,144816.28238395575,0
5508,1004,510.1257571585186,Online,0,Gujarat,37,74124.72862502112,0
5509,1037,136.29627200834346,POS,0,Tamil Nadu,22,134079.15344458458,0
5510,1009,172.49044014882634,Online,0,Karnataka,34,59517.835331909504,0
5511,1039,277.629340426795,Online,0,Gujarat,57,20372.369179324967,1
5512,1045,866.5513199851152,Online,0,Maharashtra,55,30983.88397028661,0
5513,1023,928.3819057163233,POS,0,Karnataka,18,115823.16991738878,0
5514,1034,834.9448428654656,Online,0,Tamil Nadu,30,33023.636046868916,0
5515,1043,367.3733565469549,POS,0,Maharashtra,35,142090.77863922733,0
5516,1047,308.82411905339006,Online,0,Karnataka,21,132655.34580384014,0
5517,1022,571.6979062507272,Online,0,Gujarat,64,86930.63336984419,1
5518,1016,735.7605025064568,Online,0,Tamil Nadu,31,95596.30646979314,1
5519,1000,993.7041487521661,Online,0,Gujarat,22,110265.2510481097,0
5520,1030,174.9921762849799,POS,0,Maharashtra,50,115095.78625517013,0
5521,1030,96.82739907261421,POS,0,Maharashtra,43,83856.86940855734,0
5522,1041,709.6380945455074,Online,0,Maharashtra,21,60742.017359271755,0
5523,1041,840.6144943287103,Online,0,Karnataka,47,138331.19416768645,0
5524,1033,854.0313408731021,Online,0,Tamil Nadu,34,26053.914204907465,0
5525,1008,694.5403716233026,POS,0,Maharashtra,45,66290.95507239355,0
5526,1021,956.3150139132277,Online,0,Gujarat,23,106645.75101407363,0
5527,1012,535.4545253673575,Online,0,Tamil Nadu,44,135839.29235536783,0
5528,1024,918.1240584194019,POS,0,Gujarat,53,29649.141709086918,1
5529,1047,969.4215301419468,Online,0,Gujarat,24,105664.06718031607,0
5530,1017,854.7995841529523,Online,0,Maharashtra,18,83320.01718234649,1
5531,1011,344.27063509568956,Online,0,Tamil Nadu,27,109243.55793567904,0
5532,1039,236.4048686117805,Online,0,Delhi,30,61236.33191147396,1
5533,1016,570.7140617327275,POS,0,Karnataka,58,112391.16667216318,0
5534,1014,480.36401286117905,POS,0,Delhi,49,43434.02124053737,0
5535,1041,883.8704250830963,POS,0,Karnataka,31,120801.94429663963,1
5536,1014,145.03008751379605,Online,0,Tamil Nadu,50,117415.40440833347,0
5537,1014,294.8530582459427,Online,0,Maharashtra,47,143082.26618788554,0
5538,1038,764.2089972927731,POS,0,Tamil Nadu,26,42519.10868244271,0
5539,1012,140.2373127284465,Online,0,Delhi,23,113859.8076566682,0
5540,1016,354.7261933206152,Online,0,Gujarat,27,61944.50577682567,0
5541,1031,417.79762435128396,POS,0,Karnataka,28,56641.38865529674,0
5542,1008,641.4641067345555,POS,0,Karnataka,56,72207.42961102523,1
5543,1039,200.22601343339636,Online,0,Delhi,37,57076.20317793689,0
5544,1019,867.5742658322241,POS,0,Maharashtra,42,52265.157686339924,0
5545,1025,475.16512369296055,Online,0,Tamil Nadu,29,119890.0815922124,0
5546,1026,921.1706262865287,POS,0,Delhi,39,110935.45570641379,0
5547,1020,494.476417952235,POS,0,Tamil Nadu,29,34216.60453131789,0
5548,1017,311.2882459936967,Online,0,Maharashtra,31,92823.58541514086,1
5549,1012,184.73738725329113,Online,0,Gujarat,59,63030.345054831014,0
5550,1015,53.55783997572057,POS,0,Tamil Nadu,53,146234.50352476878,0
5551,1008,555.5496107355939,Online,0,Maharashtra,31,75255.55942033815,0
5552,1011,151.79886208057724,Online,0,Delhi,19,25274.57795493239,0
5553,1043,422.1413754496193,Online,0,Gujarat,19,63123.09613052761,0
5554,1037,609.8081731752324,POS,0,Gujarat,60,60652.005964626216,1
5555,1018,311.9016020575653,Online,0,Gujarat,60,20732.51820163453,0
5556,1006,216.46307774780948,Online,0,Karnataka,23,83411.69810149039,0
5557,1034,785.9855414788746,POS,0,Maharashtra,42,137753.4974199623,1
5558,1047,949.4516136675395,POS,0,Tamil Nadu,20,124300.72129272348,0
5559,1017,145.41839696886768,POS,0,Delhi,40,109004.94879726457,0
5560,1015,197.81080816575746,POS,0,Gujarat,26,64659.511129917366,0
5561,1038,962.0120243900827,Online,0,Gujarat,48,50155.28519937069,0
5562,1003,85.89501072163397,Online,0,Gujarat,45,64540.14800024698,0
5563,1024,978.7507197229486,POS,0,Maharashtra,42,35997.714712718975,0
5564,1031,54.412258930739334,POS,0,Delhi,52,32933.50338321006,0
5565,1039,879.9852228687648,Online,0,Maharashtra,18,94689.25706859594,0
5566,1012,341.95892193836204,Online,0,Delhi,19,125819.20559385022,0
5567,1044,941.6594152684318,POS,0,Tamil Nadu,32,32920.80278514717,0
5568,1016,351.0980242038062,Online,0,Karnataka,60,63574.32319042846,0
5569,1048,671.5910054573532,Online,0,Delhi,57,35958.031917677756,1
5570,1036,126.03094127763981,POS,0,Maharashtra,33,60362.49452972928,0
5571,1005,280.213320881052,POS,0,Maharashtra,40,127934.23473286354,0
5572,1018,784.9953791552882,POS,0,Maharashtra,52,24530.080982824344,0
5573,1012,552.2515609948787,POS,0,Karnataka,25,104137.77373013583,0
5574,1025,931.5706086976925,Online,0,Delhi,24,27778.75737615122,0
5575,1013,457.3138379242866,POS,0,Delhi,38,75450.96825597464,0
5576,1030,876.3217475232269,Online,0,Delhi,52,81626.86642818557,0
5577,1003,476.50766560432567,Online,0,Delhi,56,72196.30500215985,0
5578,1038,980.285864766886,Online,0,Gujarat,54,102860.11154587912,0
5579,1007,961.842662328933,POS,0,Gujarat,50,146576.24007769977,0
5580,1024,362.6798702782763,Online,0,Maharashtra,54,54748.97456029225,1
5581,1012,891.627486895963,POS,0,Gujarat,52,99269.97395505979,0
5582,1031,855.2308055048668,POS,0,Delhi,35,66147.21130436871,0
5583,1037,250.1463774611847,POS,0,Delhi,36,149935.08764725906,0
5584,1037,643.0758807441063,Online,0,Gujarat,27,143629.58492687083,0
5585,1027,119.04819981032412,POS,0,Tamil Nadu,21,32142.37336061801,0
5586,1029,844.8751845542886,POS,0,Maharashtra,47,146567.4782151591,0
5587,1002,215.8185893283217,Online,0,Karnataka,62,115975.27591131764,0
5588,1027,117.27396631647629,POS,0,Maharashtra,50,149004.8097401687,0
5589,1002,430.20814076187065,Online,0,Maharashtra,21,120223.58577526467,0
5590,1044,598.0760316696613,Online,0,Maharashtra,26,36761.36024663065,1
5591,1033,862.1711106317824,POS,0,Gujarat,34,117560.93678524108,0
5592,1015,975.5303992456497,POS,0,Maharashtra,60,114461.59005165733,0
5593,1021,467.5178869413705,POS,0,Delhi,56,41675.650964701636,1
5594,1031,107.42457683600671,POS,0,Maharashtra,41,117912.46283949434,0
5595,1037,761.6598000745771,Online,0,Delhi,56,107720.43765777219,1
5596,1007,586.9145934127406,POS,0,Gujarat,30,149277.7200847366,0
5597,1007,475.49677760224,POS,1,Gujarat,43,100436.14410442153,0
5598,1005,343.80543485258016,Online,0,Maharashtra,36,73899.24897195856,0
5599,1013,527.2786014513589,POS,0,Delhi,34,144008.9557643177,0
5600,1031,371.7456242341794,POS,0,Delhi,47,101619.39923918393,0
5601,1034,769.1612743599923,POS,0,Delhi,43,65322.17429693403,1
5602,1009,566.699011668009,POS,0,Delhi,30,22735.93690922024,0
5603,1002,883.0053854464064,POS,0,Karnataka,35,118363.14389509999,0
5604,1011,566.36671891697,Online,0,Gujarat,38,35538.403642778634,0
5605,1048,276.34929267293353,POS,0,Delhi,51,140077.0197039335,1
5606,1030,858.5372881205373,Online,0,Karnataka,64,144980.91755425994,0
5607,1028,579.3580926835417,Online,0,Karnataka,26,50734.77530382259,0
5608,1004,246.4989862363832,Online,0,Gujarat,47,34664.698912980544,0
5609,1024,642.332419458411,Online,0,Tamil Nadu,46,97391.60404449748,1
5610,1040,389.8309266953062,POS,0,Maharashtra,46,47785.13378044219,0
5611,1030,852.1853316774625,POS,0,Gujarat,63,90439.18587927356,0
5612,1020,480.63475171421567,Online,0,Tamil Nadu,36,73846.60515339224,0
5613,1019,740.1192902020459,POS,0,Maharashtra,25,122963.29881209033,0
5614,1038,140.7593972544253,POS,0,Maharashtra,61,149981.99970707094,0
5615,1021,426.22312898722885,Online,0,Maharashtra,34,79384.58031546269,0
5616,1003,984.0793646487788,POS,0,Karnataka,29,109052.26884148498,0
5617,1012,818.0372750032909,Online,0,Delhi,32,64434.68933670649,0
5618,1044,201.9437622485822,Online,0,Maharashtra,22,132125.19255596615,0
5619,1041,313.8758470033923,POS,0,Delhi,51,24803.843907848295,1
5620,1049,363.32501841354303,POS,0,Maharashtra,20,84157.91003906069,0
5621,1048,667.8472824706735,POS,0,Karnataka,22,42980.80686684299,0
5622,1019,769.1450215151727,Online,0,Maharashtra,51,42989.636088339095,0
5623,1012,762.0502783675142,Online,0,Gujarat,26,89289.4433780242,1
5624,1016,534.3803534910826,POS,0,Tamil Nadu,41,60013.882196362436,0
5625,1035,820.2795109462437,Online,0,Maharashtra,22,79670.6515996693,0
5626,1032,465.22417861960133,POS,0,Tamil Nadu,44,59735.79166800476,1
5627,1000,167.68653703078382,POS,0,Tamil Nadu,37,79158.96330272077,1
5628,1014,586.2197495711226,POS,0,Karnataka,64,57169.621879848106,0
5629,1012,954.6863153710514,POS,0,Tamil Nadu,62,124461.66798752855,0
5630,1016,803.3439688228858,Online,0,Karnataka,58,92517.65327796765,0
5631,1023,599.7656153076302,POS,0,Maharashtra,19,40986.33348781106,0
5632,1007,664.4653773316421,Online,0,Delhi,40,21099.551770565733,0
5633,1049,934.033925683794,Online,0,Karnataka,51,22274.276819913954,1
5634,1026,456.92565471321245,Online,0,Tamil Nadu,46,74819.71390662712,0
5635,1044,364.8244319955055,Online,0,Tamil Nadu,60,60835.42429395788,0
5636,1022,978.3794867504265,Online,0,Maharashtra,52,54074.45331826102,0
5637,1045,870.2709768348168,Online,0,Karnataka,47,100980.34227515441,0
5638,1007,356.89140538767225,POS,0,Maharashtra,20,125715.79370755776,0
5639,1007,490.59156749287666,Online,0,Karnataka,27,28239.385034811297,0
5640,1025,444.3242225574091,POS,0,Delhi,51,34296.56810372414,0
5641,1046,191.64089473786223,Online,0,Gujarat,18,67936.98465324956,0
5642,1012,959.9283576225961,POS,0,Maharashtra,23,77393.24997112816,0
5643,1038,434.09680965877084,POS,0,Tamil Nadu,23,71379.91530500384,0
5644,1036,881.5626285060126,Online,0,Maharashtra,60,103022.7589366145,0
5645,1048,229.88841629663182,POS,0,Karnataka,33,31337.98955076163,1
5646,1027,570.4772701053588,POS,0,Maharashtra,18,84314.66420426482,0
5647,1024,72.76331586805632,Online,0,Delhi,22,125526.78788376988,0
5648,1015,776.0094596501931,Online,0,Karnataka,42,140699.6929359577,0
5649,1001,601.8682033339644,Online,0,Tamil Nadu,44,92848.91695700068,1
5650,1017,644.3101042962651,Online,0,Tamil Nadu,59,37995.15642910669,0
5651,1016,99.1348384269208,Online,0,Karnataka,55,114571.45261988658,0
5652,1029,250.48641369818463,Online,0,Delhi,60,123523.10436959157,0
5653,1038,120.61432873590115,Online,0,Maharashtra,43,45517.83147000504,0
5654,1012,324.4686000136212,Online,0,Gujarat,33,108075.64579686378,0
5655,1031,646.0670572980434,POS,0,Tamil Nadu,62,140966.91532930318,0
5656,1049,587.8766851015065,Online,0,Delhi,61,113449.4449934231,0
5657,1028,631.5423305327207,POS,0,Delhi,43,74023.84057561925,0
5658,1045,571.7887078089996,Online,0,Delhi,62,77559.18893801005,0
5659,1029,309.3773558920664,Online,0,Maharashtra,54,30342.36322627132,1
5660,1017,282.282122477204,Online,0,Delhi,45,88394.90054105627,0
5661,1012,180.2066993597522,Online,0,Delhi,45,124348.99888161235,0
5662,1042,856.6173311583175,POS,0,Karnataka,47,147204.55761683063,0
5663,1020,635.6553906141822,POS,0,Karnataka,30,71909.4906712007,0
5664,1029,227.18546187885678,Online,0,Delhi,42,76597.77256753849,0
5665,1020,218.34891083017754,POS,0,Delhi,62,27119.306185137626,0
5666,1047,879.3838214498298,Online,0,Karnataka,36,120765.75679304765,0
5667,1016,755.5943205751533,POS,0,Maharashtra,30,113165.50741246431,1
5668,1039,676.4291259101028,Online,0,Karnataka,28,72380.33379485895,0
5669,1018,436.52090216233483,POS,0,Karnataka,40,112205.85506175908,0
5670,1014,298.87678606459167,POS,0,Karnataka,31,100993.30501561509,0
5671,1008,980.4782249571825,POS,0,Karnataka,27,119969.08692231559,0
5672,1009,807.3775962716602,Online,0,Gujarat,51,60838.55041423375,0
5673,1043,336.69026197946266,POS,0,Tamil Nadu,57,104606.43315933293,0
5674,1030,855.18655646457,Online,0,Maharashtra,40,101330.77254694939,0
5675,1022,770.9853511839474,POS,0,Maharashtra,57,31763.7403050325,0
5676,1029,332.2265223840985,Online,0,Delhi,38,56523.861064767654,0
5677,1032,455.2252115295577,Online,0,Gujarat,37,131826.09586863272,0
5678,1008,226.6557731214753,Online,0,Delhi,49,40297.1741271701,0
5679,1046,155.4998221592039,POS,0,Maharashtra,31,69343.29983435504,0
5680,1000,736.623931197712,POS,0,Maharashtra,41,49280.65066089075,1
5681,1043,304.13626448617333,Online,1,Delhi,63,38224.10445063762,0
5682,1034,829.0563974589409,Online,0,Tamil Nadu,35,37733.47480184409,0
5683,1010,995.8282759387048,Online,0,Delhi,64,65234.18553415843,0
5684,1033,122.78882323316624,POS,0,Tamil Nadu,47,124451.55224243557,1
5685,1015,499.38336882951523,POS,0,Tamil Nadu,45,145621.0657538764,0
5686,1008,811.9594313452629,POS,0,Karnataka,31,94338.7446575509,0
5687,1031,799.5033517141718,POS,0,Maharashtra,59,102579.15761978114,0
5688,1014,771.99730041442,POS,0,Karnataka,38,121236.70007844412,0
5689,1011,381.5451885368154,Online,0,Maharashtra,51,106034.14970507067,0
5690,1032,481.1605929007997,Online,0,Karnataka,22,130281.81729653096,0
5691,1044,615.2199394743967,Online,0,Tamil Nadu,48,134926.68859393214,0
5692,1013,975.2435543945943,Online,0,Karnataka,20,101602.0451363426,0
5693,1007,361.16990739156824,POS,0,Gujarat,40,89298.15392278186,0
5694,1007,926.9866933310149,POS,0,Karnataka,56,70836.66403310077,0
5695,1026,305.88907227146944,Online,0,Karnataka,61,80005.4860500214,0
5696,1011,989.6207422000193,POS,0,Karnataka,47,64909.53321549577,0
5697,1000,686.7505024862121,Online,0,Gujarat,59,75505.62281246469,0
5698,1042,490.3359063406234,POS,0,Maharashtra,60,136962.28135830432,0
5699,1039,632.7209066604246,POS,0,Karnataka,47,146408.3459648764,0
5700,1041,308.9046105881965,Online,0,Maharashtra,53,66999.40149395398,0
5701,1010,310.4651646358933,Online,0,Delhi,55,48676.7063552685,0
5702,1038,157.87681665131913,Online,0,Tamil Nadu,24,30164.775425086606,0
5703,1042,158.34778282012883,POS,0,Delhi,22,128801.02536831019,0
5704,1030,380.28815439546577,POS,0,Gujarat,23,133186.58130279626,0
5705,1016,774.7127040015531,POS,0,Gujarat,31,78561.37486647363,0
5706,1032,627.5726092182543,Online,0,Maharashtra,28,90514.31554630598,0
5707,1031,147.45533231446979,Online,0,Maharashtra,54,116176.7619699101,0
5708,1028,859.6246987271154,Online,0,Karnataka,19,68860.8426565886,1
5709,1020,621.2992456405631,POS,0,Delhi,48,46193.71897951906,0
5710,1020,962.8127979455408,POS,0,Maharashtra,63,34908.790664218075,0
5711,1039,686.6761940406471,Online,0,Maharashtra,44,50581.3562107436,0
5712,1022,216.41612051897195,Online,0,Maharashtra,33,103893.42346854472,1
5713,1005,500.09419419243113,Online,0,Tamil Nadu,19,65199.054010669344,0
5714,1021,666.072717669844,POS,0,Maharashtra,43,132801.43338514242,0
5715,1049,76.85146599747881,POS,0,Tamil Nadu,33,31380.780383287463,0
5716,1037,64.1647509470675,Online,0,Gujarat,26,74128.08798690754,0
5717,1036,172.9328505686395,Online,0,Karnataka,26,53405.11585785063,0
5718,1044,289.0812132931972,Online,0,Delhi,22,135400.59057422593,1
5719,1007,458.07166734464175,POS,0,Maharashtra,53,124807.78046663266,1
5720,1040,513.0684500717989,POS,0,Tamil Nadu,24,147960.10709460135,0
5721,1048,181.12622849100194,POS,0,Maharashtra,49,35505.46897613917,0
5722,1034,689.7220001600392,Online,0,Maharashtra,46,121691.67039629104,0
5723,1010,616.3311586117081,Online,0,Tamil Nadu,54,36362.006450643006,0
5724,1023,329.7408938991022,Online,0,Maharashtra,20,40153.064736511034,0
5725,1048,62.97688926352741,Online,0,Delhi,47,25094.85794475725,0
5726,1020,123.76551958562621,Online,0,Gujarat,57,80412.0229921074,0
5727,1001,422.11003673529746,Online,0,Karnataka,48,36364.623762387666,0
5728,1039,196.27563360739973,Online,0,Maharashtra,44,65285.556928920225,0
5729,1018,407.9786258405723,Online,0,Tamil Nadu,23,55905.910059255424,0
5730,1038,646.7734742848373,Online,0,Delhi,46,146926.12841916532,0
5731,1027,569.8755564853194,Online,0,Maharashtra,26,105574.17345876031,0
5732,1016,269.6170889805245,Online,0,Gujarat,37,73359.29052004308,0
5733,1005,376.6313666958148,POS,0,Gujarat,28,134198.98520597006,0
5734,1018,633.3296385262181,Online,1,Tamil Nadu,36,28299.799282410433,0
5735,1037,867.8122766412763,Online,0,Maharashtra,56,63453.50648152937,0
5736,1027,765.5527668019334,POS,0,Maharashtra,27,86897.06021084005,0
5737,1001,575.7300254917442,Online,0,Maharashtra,22,27003.82811587481,1
5738,1037,394.1783484006619,POS,0,Gujarat,56,38961.6416060264,0
5739,1036,396.7987136647152,POS,0,Maharashtra,40,136356.1809535802,0
5740,1003,885.4464447511763,Online,0,Maharashtra,23,43351.378495068464,0
5741,1021,87.28139723851908,Online,0,Maharashtra,48,139815.39715032512,0
5742,1025,988.5835121992479,POS,0,Maharashtra,35,32489.10801855267,0
5743,1048,681.1566403089842,Online,0,Tamil Nadu,38,135467.94541087505,0
5744,1042,697.080814118771,Online,0,Gujarat,32,78982.51152408098,1
5745,1035,86.09794543950505,Online,0,Karnataka,48,94524.5013322624,0
5746,1012,625.2528111467086,POS,0,Tamil Nadu,27,56610.89941992258,1
5747,1031,510.53915708592467,POS,0,Maharashtra,23,55534.16192693385,0
5748,1016,150.48996154936364,Online,0,Karnataka,41,83977.34824108565,0
5749,1040,314.0259102308911,Online,1,Delhi,50,66254.94998406098,0
5750,1035,895.7987334029687,POS,0,Karnataka,45,30100.523274701085,0
5751,1045,572.4889950726553,POS,0,Tamil Nadu,45,65978.82092878326,0
5752,1018,442.7457464152133,Online,0,Gujarat,27,53111.80439864762,0
5753,1034,119.0480480487704,Online,0,Tamil Nadu,40,130453.13520256084,0
5754,1045,728.4154510321903,Online,0,Gujarat,32,129008.68844955512,0
5755,1039,717.708282226231,POS,0,Gujarat,63,38392.327145988645,1
5756,1027,633.3414266239354,POS,0,Gujarat,54,114908.9872707197,0
5757,1000,534.7495139096168,Online,0,Delhi,31,78609.04834334807,0
5758,1041,462.09518209700406,POS,0,Karnataka,31,132905.83786144017,1
5759,1017,613.6075383385927,Online,0,Tamil Nadu,24,55618.57323129672,0
5760,1047,271.72567914198635,Online,0,Tamil Nadu,53,31455.170790638695,0
5761,1039,944.1961109687653,Online,0,Gujarat,35,124064.60645199944,0
5762,1032,609.3548027212181,Online,0,Delhi,32,132886.58049461973,0
5763,1011,345.6328221366577,Online,0,Delhi,50,129266.44789021475,1
5764,1007,477.1958583408994,POS,0,Maharashtra,64,62808.95031511564,0
5765,1023,815.4005494330477,POS,0,Delhi,39,24012.488220618412,0
5766,1015,203.53525769378257,Online,0,Gujarat,60,38150.018896652095,0
5767,1049,328.19384133724736,POS,0,Gujarat,58,139517.95326292713,1
5768,1003,695.5326215997277,Online,0,Karnataka,34,67328.99639584511,0
5769,1037,349.7147461581127,POS,0,Gujarat,43,134427.0827337231,1
5770,1043,802.8765977683927,POS,0,Karnataka,32,147505.70803208833,0
5771,1026,173.93081281849277,POS,0,Delhi,57,71442.78623428982,0
5772,1008,774.5518619318781,POS,0,Maharashtra,35,120937.98593128343,0
5773,1046,114.93412910803792,Online,0,Tamil Nadu,25,41984.879465652295,0
5774,1015,61.962982034120046,POS,0,Gujarat,20,69887.34194536357,0
5775,1011,903.312342890554,POS,0,Delhi,31,111673.72558159084,0
5776,1030,602.2722560856837,POS,0,Gujarat,51,46924.3472436493,1
5777,1023,384.2355522324709,POS,0,Karnataka,50,61573.47130249408,0
5778,1013,270.96490511565787,POS,0,Delhi,54,93297.55850689486,0
5779,1044,636.0414940977753,POS,0,Tamil Nadu,18,109857.51708088143,0
5780,1024,533.5520743599013,POS,0,Karnataka,52,66394.25157905152,0
5781,1033,992.0178867534859,POS,0,Delhi,27,68984.52549215098,0
5782,1002,984.0551873210585,Online,0,Tamil Nadu,36,34282.86770290323,0
5783,1023,653.2733378345291,Online,0,Karnataka,28,147928.06860024517,0
5784,1041,470.726980800596,Online,0,Tamil Nadu,52,99590.69687027267,1
5785,1008,516.583920677929,POS,0,Delhi,19,88942.58351400847,0
5786,1025,698.3551129250188,Online,0,Karnataka,20,47475.92621117599,0
5787,1019,146.4958170236123,Online,0,Maharashtra,32,83443.93986530144,0
5788,1039,361.93447012018225,Online,0,Gujarat,58,78150.45030794376,0
5789,1009,121.50862895342367,POS,0,Maharashtra,64,53612.67331381913,0
5790,1018,119.69272154107358,Online,0,Tamil Nadu,45,78015.68314861333,1
5791,1002,236.04727979952204,Online,0,Delhi,19,46458.9314713177,0
5792,1023,510.99059186356556,Online,0,Gujarat,47,112329.26776700509,0
5793,1004,795.5356051046499,Online,0,Delhi,55,138142.06762799766,0
5794,1002,511.22109660757894,Online,0,Tamil Nadu,22,20336.567463877596,0
5795,1026,368.70278003282624,Online,0,Delhi,23,92313.3351273887,0
5796,1015,128.23534081992022,Online,0,Karnataka,22,115201.5115229445,0
5797,1048,572.780747023973,POS,0,Karnataka,29,137935.45395591093,1
5798,1014,307.7051571590179,Online,1,Tamil Nadu,21,66594.68899785433,0
5799,1034,634.1874690212901,Online,0,Delhi,41,137929.7370861536,0
5800,1011,978.3283521757974,POS,0,Tamil Nadu,42,127321.84110076043,0
5801,1040,155.74860540367266,POS,0,Gujarat,43,88277.90228005627,0
5802,1043,251.51912878584292,POS,0,Delhi,63,53402.59380258293,0
5803,1025,499.439811194406,POS,0,Karnataka,63,104866.1360378879,0
5804,1046,970.183124578633,POS,0,Maharashtra,60,53872.59894867791,1
5805,1033,783.2192874564957,Online,0,Karnataka,50,65350.052777913166,0
5806,1022,903.3177335046886,Online,0,Delhi,38,80708.59485023624,0
5807,1030,367.02910605200327,Online,0,Delhi,40,84736.83932139578,1
5808,1049,992.4365500896648,POS,0,Delhi,54,44589.11850921127,1
5809,1019,147.69117526094954,Online,0,Delhi,54,110194.29533430235,1
5810,1011,100.32426074379579,Online,0,Gujarat,29,148949.1005725044,0
5811,1022,862.8224957013267,POS,0,Maharashtra,54,51703.155611844035,0
5812,1003,930.9016266966369,POS,0,Karnataka,38,92090.18107491102,0
5813,1022,136.05608966879666,Online,0,Gujarat,30,79113.02313156753,1
5814,1047,157.75605540854943,POS,0,Tamil Nadu,60,60011.255303586724,0
5815,1047,81.51544986798513,Online,1,Delhi,50,74571.43197271007,0
5816,1000,149.2821845105879,POS,0,Karnataka,61,115253.9197048958,1
5817,1024,248.94882596026684,Online,0,Tamil Nadu,23,73916.14254662773,0
5818,1001,971.5727879645009,Online,0,Maharashtra,60,85879.11080695441,0
5819,1029,684.4672111276964,Online,0,Karnataka,29,82041.11779222355,0
5820,1002,789.625374242615,POS,0,Gujarat,55,92179.9306603602,0
5821,1020,787.332433506946,POS,0,Tamil Nadu,47,57854.957304491174,0
5822,1024,558.3200622902539,POS,0,Karnataka,54,86261.24732562725,0
5823,1019,807.6145288273664,POS,0,Gujarat,35,37529.362915154765,0
5824,1048,616.0171557704712,Online,0,Delhi,33,116379.94926995013,0
5825,1021,348.81879272318974,Online,0,Karnataka,62,34420.17916602671,1
5826,1020,583.0546033299806,Online,0,Delhi,24,122044.69902577839,1
5827,1032,556.8331568277878,Online,0,Tamil Nadu,63,127320.274833152,0
5828,1037,832.2804010713546,POS,0,Tamil Nadu,18,22478.108689799737,0
5829,1014,982.6408565125761,POS,0,Tamil Nadu,45,128009.08728419982,0
5830,1045,440.49043714988403,POS,0,Delhi,61,104261.97974870057,0
5831,1014,775.2211445192917,POS,0,Delhi,20,32598.233119205113,0
5832,1045,144.77485383622687,Online,0,Gujarat,60,149729.6480533153,0
5833,1024,787.9898009758741,POS,0,Karnataka,56,100010.68441608202,0
5834,1020,402.84606639357054,POS,0,Gujarat,27,72111.46031802366,0
5835,1023,87.42065474520233,POS,0,Delhi,62,135077.87776015291,0
5836,1004,395.0838696340684,Online,0,Karnataka,31,25411.004449656215,0
5837,1005,630.1106133755625,Online,0,Tamil Nadu,32,113254.57264211662,0
5838,1048,163.28765929739325,Online,0,Gujarat,23,38684.39115081854,0
5839,1042,927.8327678087419,POS,0,Gujarat,56,91825.04547342219,0
5840,1047,123.78879260919665,Online,0,Gujarat,62,32472.44785600825,0
5841,1043,933.5063838415078,Online,1,Delhi,33,108288.9468474863,0
5842,1046,721.7806420389021,Online,0,Karnataka,64,80440.69364375502,0
5843,1022,363.2265666434934,Online,0,Tamil Nadu,35,20871.138300272178,0
5844,1003,421.21283032363857,Online,0,Delhi,52,29281.754780032887,0
5845,1026,753.768896496107,Online,0,Tamil Nadu,42,111395.07582836886,1
5846,1017,621.397545837147,POS,0,Maharashtra,50,71929.51461995728,0
5847,1020,688.0607753821979,POS,0,Maharashtra,50,107379.87572044082,0
5848,1027,419.706385687806,Online,0,Tamil Nadu,36,70679.67870656098,0
5849,1034,513.422807717219,POS,0,Maharashtra,55,67019.43782416332,0
5850,1021,990.3741098359988,Online,0,Karnataka,28,131138.8229085025,0
5851,1039,253.2267269747318,POS,0,Karnataka,56,131124.99387185383,0
5852,1022,446.96337719602485,Online,0,Delhi,20,139571.76767531963,1
5853,1002,327.2320281952689,POS,0,Tamil Nadu,55,126992.7586958142,0
5854,1039,776.8559349178573,Online,0,Delhi,18,36566.18648037602,0
5855,1049,775.8119943824347,Online,0,Karnataka,57,28644.062302025686,0
5856,1009,327.8231879475261,POS,0,Karnataka,42,27594.326534663138,0
5857,1024,127.32080080133376,Online,0,Karnataka,49,147426.8144549698,0
5858,1048,60.861042838593846,POS,0,Gujarat,63,85149.72521936893,0
5859,1007,456.0780065803612,Online,0,Maharashtra,53,34972.08626433945,0
5860,1010,439.8207146189823,Online,0,Delhi,21,90758.38573799141,1
5861,1004,988.9703847078698,Online,1,Delhi,40,112338.54822920747,0
5862,1044,496.3119719127956,Online,0,Karnataka,33,32283.7399059143,1
5863,1036,293.5974510966496,POS,0,Gujarat,28,65032.51775016323,0
5864,1044,896.667968979894,POS,0,Delhi,39,44417.13017170523,0
5865,1037,516.5145521708996,POS,0,Delhi,56,146806.02598944123,0
5866,1028,619.2168534500489,POS,0,Gujarat,50,61369.7080272018,0
5867,1004,140.88527490680204,POS,0,Karnataka,58,109765.66202333932,0
5868,1008,413.7705869632853,Online,0,Gujarat,55,139396.39698938932,0
5869,1047,947.0124907500974,Online,0,Maharashtra,30,132214.44428893112,0
5870,1001,610.0301149666542,POS,0,Delhi,38,71216.6283306054,0
5871,1000,377.2767623853386,Online,0,Maharashtra,29,60418.56267795829,0
5872,1039,644.3838216000134,POS,0,Delhi,43,125202.24658768799,0
5873,1029,914.8905350992103,Online,0,Maharashtra,18,46670.554033864464,0
5874,1010,310.29107044896057,POS,0,Delhi,58,113251.7501767523,0
5875,1027,529.8608825471407,Online,0,Karnataka,39,128587.24519003874,0
5876,1043,960.7561212161676,Online,0,Tamil Nadu,44,130398.6470532333,0
5877,1011,213.77633613353,POS,0,Gujarat,49,21159.266038649836,0
5878,1038,733.680729316876,Online,0,Delhi,25,84983.1944846409,0
5879,1025,633.7569577928332,POS,0,Gujarat,51,66486.81014207122,0
5880,1012,695.6913745836031,Online,0,Delhi,35,147251.78899176192,0
5881,1007,383.6586491341912,POS,0,Tamil Nadu,21,90729.87906154839,0
5882,1027,348.1854048095767,Online,0,Karnataka,18,75567.63230088272,0
5883,1029,699.999187058952,POS,0,Karnataka,61,51767.26378916759,0
5884,1008,254.76612084931807,Online,0,Gujarat,33,129931.92376980427,0
5885,1038,448.6720076160549,Online,0,Tamil Nadu,47,61518.22766453368,0
5886,1030,228.7659137502721,POS,0,Gujarat,40,127478.00313325635,0
5887,1020,57.88959906716325,POS,0,Karnataka,48,135909.03698460397,0
5888,1046,971.5544920361659,POS,0,Maharashtra,45,27562.686840632632,0
5889,1033,460.1178297235981,POS,0,Gujarat,54,86298.25388810769,1
5890,1030,970.882133698834,Online,0,Delhi,33,74648.60514842902,0
5891,1024,183.30734377943477,Online,0,Karnataka,58,71104.02532974661,0
5892,1011,607.9984404846117,Online,0,Delhi,26,68290.7869036283,0
5893,1000,240.92533115167763,Online,0,Tamil Nadu,19,89158.20046153359,0
5894,1021,800.570420615111,Online,0,Karnataka,63,36926.164466815855,0
5895,1039,794.5178393229264,POS,0,Karnataka,60,133267.43923104327,0
5896,1036,156.9767915873462,POS,0,Gujarat,19,92537.77952796628,0
5897,1046,916.4612302325697,POS,0,Gujarat,49,65124.381672136486,1
5898,1000,234.8981648430634,POS,0,Delhi,33,51593.66135110612,0
5899,1000,632.3284745098923,POS,0,Gujarat,30,100153.27256825792,0
5900,1041,986.3519390833188,Online,0,Maharashtra,44,122275.11039349988,0
5901,1041,888.2767080280456,Online,0,Karnataka,48,77311.74425452719,0
5902,1020,958.7357321331106,POS,0,Tamil Nadu,50,147988.16255483776,0
5903,1014,375.46883265721345,POS,0,Karnataka,38,89623.85834823626,0
5904,1016,150.2968601084902,POS,0,Delhi,36,147258.48926054843,0
5905,1021,228.9295296249776,Online,0,Gujarat,30,145138.07557951292,0
5906,1037,525.4701503227832,POS,0,Karnataka,36,97966.79575114313,1
5907,1034,803.568194359656,POS,0,Gujarat,52,95573.71461851032,0
5908,1044,192.64596197468146,POS,0,Delhi,52,33737.50088883597,1
5909,1015,676.7449556477193,Online,0,Gujarat,50,140806.32327817116,0
5910,1007,357.39872383753624,POS,0,Tamil Nadu,20,124417.25635875018,0
5911,1046,374.14196877254585,Online,0,Delhi,38,85060.26556776934,0
5912,1016,678.82184365003,POS,0,Karnataka,57,59833.03611229625,0
5913,1016,493.6494485565592,POS,0,Karnataka,40,129010.99708817652,0
5914,1025,821.4316283746942,Online,0,Tamil Nadu,62,57897.28708620832,1
5915,1012,198.1225841796857,Online,0,Maharashtra,62,90441.49235918862,0
5916,1016,800.4508562786865,POS,0,Gujarat,28,45847.45872415858,0
5917,1037,111.02348565454983,POS,0,Karnataka,21,124586.78136547781,0
5918,1016,234.35118623332474,Online,0,Tamil Nadu,21,117865.14288059817,0
5919,1047,673.3422287780071,Online,0,Gujarat,32,57930.681509257636,0
5920,1013,862.1793736855177,POS,0,Delhi,45,35256.28532182721,0
5921,1044,290.0456463523816,Online,0,Tamil Nadu,53,43019.08515296029,0
5922,1005,360.8320255374673,Online,0,Delhi,25,100126.09993187548,0
5923,1034,560.2647108724029,POS,0,Delhi,41,39505.19071873122,0
5924,1045,250.9941661648372,POS,0,Delhi,51,61616.313967545684,0
5925,1013,820.5984485081303,POS,0,Gujarat,32,129095.83299626349,0
5926,1046,784.9548127554727,Online,0,Maharashtra,40,30630.509280709382,0
5927,1007,188.02712636749254,POS,0,Delhi,44,95553.53697554878,0
5928,1014,490.6382452258005,POS,0,Karnataka,31,71977.42925153533,1
5929,1026,786.0863783218903,Online,0,Gujarat,19,35641.04155862989,0
5930,1012,370.46305454824403,POS,0,Gujarat,52,86226.53561638285,0
5931,1048,651.4514815818451,Online,0,Delhi,60,87163.88386023369,0
5932,1030,97.7024653846941,Online,0,Karnataka,24,69151.21963145425,0
5933,1034,628.2543225028521,POS,0,Tamil Nadu,33,27191.885794808364,0
5934,1005,195.02033100057665,POS,0,Gujarat,39,46892.732799959085,0
5935,1004,839.0541588587288,Online,0,Delhi,45,72613.5319457901,0
5936,1021,387.67699040145453,POS,0,Delhi,49,56039.09378608349,0
5937,1048,317.47616959178595,Online,0,Maharashtra,24,40868.942514058406,0
5938,1022,848.8445278759108,Online,0,Maharashtra,39,83305.58151023819,0
5939,1024,97.6368219182197,POS,0,Tamil Nadu,60,71688.05950701764,0
5940,1033,426.77835936762756,POS,0,Tamil Nadu,19,106442.22497749672,0
5941,1025,401.5033635462798,Online,0,Tamil Nadu,25,92856.07034955466,0
5942,1046,320.5603555370733,Online,0,Tamil Nadu,24,42066.94970007435,1
5943,1004,916.1666154014032,POS,0,Delhi,55,109395.95002969424,0
5944,1025,763.3819738408862,Online,0,Delhi,38,80499.48128925738,0
5945,1019,110.72700598234184,Online,0,Delhi,60,34749.358042416,0
5946,1005,728.9530769632064,Online,0,Karnataka,39,22398.773384286218,0
5947,1005,550.9341764723542,POS,0,Tamil Nadu,52,101435.02488011585,0
5948,1049,905.8244996815002,Online,0,Karnataka,35,100423.98060102118,0
5949,1017,347.2983364809405,Online,0,Gujarat,26,126661.13975703335,0
5950,1003,595.4538996291037,POS,0,Gujarat,19,119116.34934852282,0
5951,1016,525.7175110039368,Online,0,Delhi,59,134075.4746369117,0
5952,1013,515.0828609162254,Online,0,Gujarat,59,58014.39920705059,0
5953,1013,483.300129541352,POS,0,Delhi,34,73712.50847511383,0
5954,1012,245.3480017556672,POS,0,Tamil Nadu,57,28050.198620147767,0
5955,1006,767.9244263677731,POS,0,Karnataka,37,73475.22998789257,0
5956,1043,478.7692311023242,POS,0,Delhi,23,48569.550118914936,0
5957,1014,960.5904612524754,POS,0,Maharashtra,28,124691.22876369432,0
5958,1018,297.7680058331375,Online,0,Maharashtra,22,105314.66932200604,1
5959,1042,698.606647645689,Online,0,Tamil Nadu,27,121619.76560591313,0
5960,1046,943.681225657153,POS,0,Karnataka,40,97022.8323555307,0
5961,1043,680.2854068652879,Online,0,Delhi,50,97731.82288791123,0
5962,1034,877.7092622365249,POS,0,Tamil Nadu,57,50579.24094276094,1
5963,1016,836.1069117691558,Online,0,Karnataka,53,107076.80768219326,0
5964,1034,392.11182971455366,Online,0,Maharashtra,56,38716.10997281806,0
5965,1018,620.1177429425217,Online,0,Delhi,64,55859.47793109717,0
5966,1019,198.44827282078782,POS,0,Karnataka,51,43393.185553183896,1
5967,1035,558.7495885608196,POS,0,Gujarat,34,143437.12747023406,0
5968,1034,268.90087322362035,POS,0,Delhi,43,136751.33968429797,0
5969,1031,756.5499742048233,Online,0,Gujarat,44,133728.68987701167,0
5970,1047,551.6555007975184,POS,0,Tamil Nadu,63,144822.5333419189,0
5971,1043,440.6659945000775,Online,0,Karnataka,20,99637.2427064986,0
5972,1039,305.3572413586287,Online,0,Karnataka,36,136310.7212056378,0
5973,1023,998.7635577492225,POS,0,Karnataka,25,57941.583225425,0
5974,1016,118.12499484068604,Online,0,Karnataka,34,70018.5328128571,0
5975,1006,91.38264654379901,Online,0,Delhi,18,80705.58018626893,0
5976,1042,256.3945304691713,Online,0,Gujarat,24,31622.645567190113,0
5977,1049,972.5188356964287,POS,0,Gujarat,53,127210.1249406371,1
5978,1000,980.2762599039852,POS,0,Tamil Nadu,20,35492.84893835491,0
5979,1034,672.1813480335292,POS,0,Tamil Nadu,36,123954.92574293354,0
5980,1031,886.1013338460845,Online,0,Karnataka,59,139893.37728595367,0
5981,1035,253.26364429875562,Online,0,Maharashtra,44,93818.01257857586,0
5982,1012,973.4399894677924,POS,0,Maharashtra,20,41567.19960405427,0
5983,1005,185.64560763258643,Online,0,Karnataka,51,76771.7950489003,0
5984,1013,146.06892877257536,POS,0,Gujarat,22,38050.95123338824,1
5985,1036,156.60096228490926,POS,0,Tamil Nadu,54,35474.93104065785,0
5986,1047,594.4715271089365,POS,0,Delhi,63,118290.19850583954,1
5987,1014,791.9256806821497,POS,0,Maharashtra,33,71094.77842710348,0
5988,1046,398.33381898090147,Online,0,Tamil Nadu,31,20016.76375807983,0
5989,1003,979.0011883968202,Online,0,Maharashtra,47,26300.37835060529,1
5990,1039,462.699131212413,Online,0,Gujarat,49,126307.96638914154,0
5991,1015,192.92612323455546,POS,0,Gujarat,62,100560.77085332316,0
5992,1027,492.6684107768299,Online,0,Karnataka,29,129786.84623276346,0
5993,1015,695.0853071513179,POS,0,Karnataka,44,55577.29157314485,1
5994,1003,840.6144914791597,POS,0,Maharashtra,43,60861.75985947343,0
5995,1044,485.82987545876324,POS,0,Maharashtra,46,100193.3212555461,0
5996,1025,613.9264847467091,Online,0,Tamil Nadu,40,106469.95418490346,0
5997,1027,303.9774765509107,POS,0,Karnataka,39,23447.182942285883,0
5998,1031,663.6207000852384,Online,0,Gujarat,37,137937.94217626582,0
5999,1044,986.6733467528265,Online,0,Tamil Nadu,55,123891.20151332229,0
6000,1001,96.60089395840416,Online,0,Tamil Nadu,63,37142.2125705739,1
6001,1030,892.2041371699094,Online,0,Delhi,33,21341.938898092885,0
6002,1002,584.1683776291467,Online,0,Gujarat,48,119991.41928342814,0
6003,1007,289.49372658418497,Online,0,Tamil Nadu,20,137374.28013933374,1
6004,1023,957.1452245087951,Online,0,Delhi,38,61873.668958601345,0
6005,1014,509.18658790595396,Online,0,Karnataka,56,61704.29043902632,1
6006,1042,365.10573908971634,POS,0,Gujarat,22,86900.42090306585,0
6007,1030,222.4227468572991,POS,0,Karnataka,37,107692.32667676827,0
6008,1008,282.229599743829,Online,0,Delhi,40,104197.0362558294,0
6009,1038,841.2065895118704,Online,0,Gujarat,49,117842.20702133731,0
6010,1044,633.6895088513076,Online,0,Maharashtra,59,34817.94711917353,0
6011,1001,917.5833385139002,Online,0,Maharashtra,26,87575.96924691138,1
6012,1007,270.37002954989657,Online,0,Maharashtra,20,85822.81653227887,0
6013,1006,165.0816451564564,POS,0,Tamil Nadu,44,143480.98192614556,0
6014,1043,55.783154426810505,Online,0,Maharashtra,44,139372.7208343664,0
6015,1038,532.4689357351941,Online,0,Tamil Nadu,27,117541.88331247539,0
6016,1041,998.3915838628888,Online,0,Tamil Nadu,33,133998.9139130084,0
6017,1015,710.217005377707,POS,0,Delhi,41,116930.81230692439,0
6018,1034,342.9748623668888,POS,0,Maharashtra,40,113662.68833369043,0
6019,1029,883.0156538748631,Online,0,Gujarat,26,48042.2065882084,0
6020,1009,792.6361526885617,POS,0,Tamil Nadu,19,100242.83472416535,0
6021,1037,64.6444077727123,POS,0,Delhi,23,139088.08625788294,0
6022,1017,826.0174565139713,POS,0,Tamil Nadu,54,117518.71437884604,0
6023,1049,335.5004193765712,POS,0,Gujarat,52,98613.95932458654,0
6024,1004,192.18979135442103,POS,0,Gujarat,24,53562.82309945805,0
6025,1028,265.01429775022086,POS,0,Maharashtra,32,108223.32476316967,0
6026,1038,495.15081415638207,POS,0,Tamil Nadu,38,65117.75251696352,0
6027,1033,453.62453071461044,POS,0,Gujarat,55,28480.40195651405,1
6028,1042,324.4429344055154,Online,0,Karnataka,53,51115.69051395419,0
6029,1044,213.60740609668107,Online,0,Gujarat,40,70600.29975440417,0
6030,1022,774.1192501600608,POS,0,Gujarat,46,149566.76642400463,0
6031,1004,990.6042945481712,POS,0,Tamil Nadu,30,118815.18442388492,0
6032,1029,788.9020013987059,Online,0,Gujarat,22,56343.561047716394,0
6033,1005,331.1401192879641,Online,0,Delhi,64,119110.67819947658,0
6034,1045,282.5685133415267,POS,0,Gujarat,56,66493.3542659744,0
6035,1043,256.7825822626413,Online,0,Karnataka,56,99028.70631356613,0
6036,1003,179.86032076458446,POS,0,Gujarat,59,119408.4946651073,0
6037,1028,573.7640222076861,Online,0,Maharashtra,62,116308.54270481232,0
6038,1022,625.130353355677,POS,0,Tamil Nadu,60,38204.312949611514,0
6039,1005,720.2275276299804,Online,0,Karnataka,18,127319.99688962131,1
6040,1031,696.2027023869846,POS,0,Delhi,37,139981.92460193747,0
6041,1041,327.7166457192133,Online,0,Gujarat,60,50344.68257104166,0
6042,1017,363.79545512700423,Online,0,Gujarat,18,62824.09621685699,0
6043,1014,697.438808670221,POS,0,Delhi,52,141965.66907354447,0
6044,1039,381.97525874444693,POS,0,Gujarat,57,147877.8896502054,0
6045,1031,251.9920301383474,Online,0,Maharashtra,62,78954.98207232298,0
6046,1008,405.61934601190256,Online,0,Karnataka,24,24489.874629843343,0
6047,1036,308.47994969907876,POS,0,Gujarat,52,141275.85135292797,0
6048,1009,133.89708515764892,Online,0,Delhi,51,23301.055477600803,0
6049,1019,838.6319571628209,Online,0,Delhi,22,62927.22581268096,0
6050,1005,860.4558196991845,Online,0,Karnataka,46,31659.686501072552,0
6051,1047,258.7627851585355,Online,0,Maharashtra,44,86526.77420265495,0
6052,1002,111.53358954894165,Online,0,Karnataka,24,24884.469715239342,0
6053,1041,751.8860654836205,POS,0,Gujarat,18,49303.19302303535,0
6054,1010,250.95219457024302,Online,0,Maharashtra,26,79649.70161491138,1
6055,1042,423.76371496501724,Online,0,Maharashtra,64,29642.08977994744,0
6056,1016,110.92848962551409,POS,0,Delhi,18,82455.0361095595,0
6057,1031,264.9561055205134,POS,0,Maharashtra,44,54464.82173871659,0
6058,1003,803.257164413154,POS,0,Gujarat,34,54698.76301785616,1
6059,1003,814.1766245694417,POS,0,Gujarat,49,141814.4989198055,0
6060,1016,246.73058364332488,POS,0,Gujarat,58,109729.80092041289,0
6061,1040,369.11815285135503,Online,0,Tamil Nadu,47,140832.41201799712,0
6062,1018,177.5264981390564,Online,0,Maharashtra,32,94839.68245110418,0
6063,1004,120.46399877067626,Online,0,Maharashtra,59,137932.40082425906,0
6064,1031,992.563128725989,POS,0,Gujarat,45,128865.6557194263,0
6065,1021,672.8142536825973,POS,0,Delhi,20,149719.60662486538,1
6066,1005,564.9916837384028,POS,0,Maharashtra,45,85403.45537412618,0
6067,1034,777.2235753850346,Online,1,Tamil Nadu,22,110496.39611049644,0
6068,1021,848.073301703338,Online,0,Maharashtra,19,40886.98933819804,1
6069,1000,816.3790296424911,Online,0,Karnataka,55,142133.96739363432,0
6070,1019,65.71247682538278,Online,0,Tamil Nadu,33,71837.18062966238,0
6071,1021,227.46750328097355,Online,0,Delhi,61,139162.34490796214,0
6072,1047,672.1600370119395,Online,0,Tamil Nadu,34,33092.640883019376,1
6073,1010,406.9713804137648,POS,0,Tamil Nadu,29,86983.08348650756,1
6074,1012,983.3585185080516,Online,0,Maharashtra,43,20182.060393125445,0
6075,1041,682.1345530063413,Online,0,Tamil Nadu,24,74082.38269358862,0
6076,1002,958.7214632927462,Online,0,Gujarat,41,30813.900989099086,1
6077,1008,241.37415756350413,Online,0,Tamil Nadu,33,78393.35489139226,1
6078,1011,870.7591767092719,Online,0,Maharashtra,35,92253.32479029399,0
6079,1022,355.28469052446405,POS,0,Gujarat,25,130795.30391695307,1
6080,1013,990.0865678259164,Online,0,Delhi,44,58406.22102261392,0
6081,1032,199.80423846948992,Online,0,Karnataka,43,93685.1052018371,0
6082,1017,540.5228278964103,POS,0,Tamil Nadu,48,28639.38606461259,0
6083,1048,803.2023071452659,POS,0,Gujarat,35,138755.64424693177,0
6084,1040,461.0103565738341,Online,0,Gujarat,19,78724.99852137295,0
6085,1008,494.67985717826434,Online,0,Delhi,58,52836.70378634688,1
6086,1022,987.038005730454,Online,0,Delhi,40,80220.01047577753,0
6087,1009,454.04274278609563,Online,0,Karnataka,59,82595.7791385839,0
6088,1018,623.8684955691105,Online,0,Karnataka,39,116628.53012573793,0
6089,1046,101.81267764139317,POS,0,Maharashtra,50,146694.6268011419,0
6090,1004,850.099576199747,POS,0,Karnataka,35,44198.61243506559,0
6091,1046,665.7596465305663,Online,0,Karnataka,32,27084.14836735378,0
6092,1022,433.81909771967287,Online,0,Gujarat,58,105241.94215658914,0
6093,1029,65.36106295679376,POS,0,Tamil Nadu,20,134995.1950845169,0
6094,1024,612.0853795638287,POS,0,Tamil Nadu,40,93455.41519098188,0
6095,1027,62.024937059954084,Online,0,Karnataka,64,30383.09673092205,0
6096,1033,51.143433213567015,Online,0,Maharashtra,19,74830.7364144311,1
6097,1044,635.2936340418869,Online,0,Maharashtra,59,105115.25957634985,0
6098,1047,229.56621396782654,Online,0,Tamil Nadu,21,62646.197966034866,0
6099,1046,232.29317223219053,Online,0,Delhi,43,129837.90505945809,0
6100,1024,670.6079875411065,Online,0,Gujarat,36,49210.16645699385,0
6101,1009,101.01232854240557,POS,0,Karnataka,27,67384.31001224858,0
6102,1013,347.7352834008285,POS,0,Gujarat,39,139136.2294057842,0
6103,1041,191.96030703491812,POS,0,Karnataka,23,94561.47275996681,0
6104,1045,601.1675513067072,POS,0,Karnataka,18,20810.554557327323,0
6105,1029,678.6768969910261,Online,0,Tamil Nadu,60,51722.77321668092,0
6106,1040,735.0790609190914,POS,0,Gujarat,33,117931.10521348171,0
6107,1024,292.4696560726371,POS,0,Gujarat,24,26766.266626833258,0
6108,1013,134.78726405475481,Online,0,Delhi,41,149097.29421785497,0
6109,1034,124.74947409480293,POS,0,Delhi,52,136727.77614914917,0
6110,1047,454.8439710281876,Online,0,Gujarat,31,49097.4860983238,0
6111,1033,948.5521886095793,Online,0,Delhi,21,136415.62840207794,0
6112,1009,256.8425825346734,POS,0,Delhi,58,110931.56043373229,1
6113,1034,293.9045212744719,POS,0,Karnataka,32,75295.60469892829,1
6114,1010,145.84436200056598,POS,0,Tamil Nadu,61,45495.27349256616,1
6115,1010,625.2917601992337,Online,0,Karnataka,40,46027.48563722943,0
6116,1020,695.8792302498161,POS,0,Delhi,36,97229.6690468545,0
6117,1020,660.784647752722,Online,0,Karnataka,31,74087.96811479196,0
6118,1021,868.0737308925422,POS,0,Karnataka,44,97376.75953219525,0
6119,1044,512.1045432747682,Online,0,Maharashtra,53,62933.22245029091,0
6120,1006,177.73418872871122,POS,0,Karnataka,55,49909.68714602717,0
6121,1016,324.934874169192,POS,0,Karnataka,39,128752.23134776682,0
6122,1001,679.3084747502842,Online,0,Tamil Nadu,28,139605.66135790708,0
6123,1011,632.4658750544819,POS,0,Gujarat,21,111683.43680431253,0
6124,1041,554.4529732558144,POS,0,Maharashtra,49,41006.55488697527,0
6125,1017,698.8161977542528,Online,0,Maharashtra,57,32000.354627351873,1
6126,1010,655.5213078546344,POS,0,Maharashtra,58,90080.88080988906,0
6127,1015,887.2586449917042,POS,0,Maharashtra,41,91545.7855691607,0
6128,1048,606.7155586043817,Online,0,Tamil Nadu,51,103101.41185443358,0
6129,1017,789.6712907655286,POS,0,Gujarat,20,137802.80473433697,1
6130,1034,286.27179816814447,Online,0,Tamil Nadu,55,104083.19997353516,0
6131,1025,694.2734553596146,POS,0,Maharashtra,19,139099.03842815314,0
6132,1015,907.084412463542,POS,0,Gujarat,40,35300.67165902606,1
6133,1005,416.4457115048416,Online,0,Tamil Nadu,57,112202.17869430677,1
6134,1043,790.1489779717143,POS,0,Gujarat,37,140567.3678355956,0
6135,1042,738.5498361356637,Online,0,Tamil Nadu,25,80164.75119631585,0
6136,1046,106.54988702823135,Online,0,Gujarat,52,145777.6416172707,0
6137,1046,602.4328941428687,POS,0,Tamil Nadu,60,91826.72268010251,0
6138,1047,173.67988174076226,Online,0,Maharashtra,20,142586.64012090128,0
6139,1041,968.9532136190616,POS,0,Maharashtra,49,117307.36783165333,0
6140,1011,820.8371275656234,Online,0,Maharashtra,48,79508.92554421042,0
6141,1012,154.2376111847641,POS,0,Tamil Nadu,61,24457.88225749532,0
6142,1003,165.6643977652945,POS,0,Gujarat,63,105460.92659679154,1
6143,1038,614.750162166988,Online,0,Gujarat,48,53056.2193663569,0
6144,1001,377.64471546452415,POS,0,Delhi,18,57525.18029886172,0
6145,1025,83.16056611945382,POS,0,Karnataka,29,22571.916465428523,0
6146,1026,564.5594324414004,POS,0,Maharashtra,35,92494.81860760502,0
6147,1026,418.45284470155457,Online,0,Maharashtra,41,57608.266957130094,0
6148,1014,146.02266775315553,POS,0,Maharashtra,53,147710.49591836188,0
6149,1007,811.8243726431836,POS,0,Delhi,46,117370.99798068279,1
6150,1006,919.3229270148657,Online,0,Delhi,42,66473.34633337628,1
6151,1046,768.7642373134235,POS,0,Delhi,40,58278.31802035113,0
6152,1045,831.3011945154634,Online,0,Maharashtra,20,112946.52478519535,0
6153,1039,255.6660389028115,Online,0,Gujarat,47,53047.01496933086,0
6154,1011,300.39430337267095,POS,0,Maharashtra,34,78240.76149577214,1
6155,1012,248.10116328422836,Online,0,Delhi,62,40850.09338168699,0
6156,1042,776.8102597972858,POS,0,Delhi,47,53034.082183620965,0
6157,1016,950.5212249877723,POS,0,Karnataka,36,32790.09025078108,0
6158,1016,730.9953463972075,POS,0,Tamil Nadu,22,75529.21985420171,0
6159,1035,887.3934266355782,Online,1,Karnataka,57,140481.77286439962,0
6160,1020,656.7641401390139,Online,0,Karnataka,51,33111.8328366528,0
6161,1007,418.2769055308591,POS,0,Maharashtra,26,76852.98506430336,0
6162,1004,454.4735341837899,POS,0,Tamil Nadu,56,58781.92838811107,0
6163,1025,121.5553605590346,Online,0,Tamil Nadu,61,67185.31317210913,1
6164,1015,79.88433548372478,POS,0,Maharashtra,43,120293.15707434002,0
6165,1035,710.7018239796236,Online,0,Gujarat,22,76555.60977124766,0
6166,1027,466.5074474106216,Online,0,Maharashtra,41,104551.12795039373,0
6167,1028,574.604314651898,POS,0,Gujarat,48,146385.6683583371,0
6168,1046,579.7781852412955,POS,0,Gujarat,41,100139.90043075278,1
6169,1011,313.5070226666363,POS,0,Tamil Nadu,38,63860.53957941589,0
6170,1036,502.09788528801613,Online,0,Maharashtra,39,71695.24101322197,0
6171,1029,497.22221058431717,Online,0,Maharashtra,55,110468.18349939965,0
6172,1022,419.0058601664642,Online,0,Tamil Nadu,39,110263.43176059493,0
6173,1015,829.641614231017,Online,0,Karnataka,38,67853.37098811049,1
6174,1013,478.6058035032161,POS,0,Maharashtra,47,114180.77739366947,0
6175,1009,623.4622982806884,Online,0,Delhi,64,91574.86093679193,0
6176,1006,900.7441143617848,POS,0,Delhi,27,147454.64924820163,1
6177,1044,872.9219417159763,Online,0,Maharashtra,20,138051.84016461656,0
6178,1036,895.9010935902069,Online,0,Gujarat,56,127100.90149131481,0
6179,1028,306.5047466417633,POS,0,Tamil Nadu,46,24463.477813577676,1
6180,1002,83.2333638926597,Online,0,Gujarat,42,69456.49637409014,0
6181,1014,298.0134599005628,POS,0,Delhi,19,94527.85256835104,0
6182,1035,314.77197833967324,Online,0,Delhi,30,87810.10700456597,0
6183,1046,913.8923103887196,POS,0,Tamil Nadu,44,119263.5393609714,0
6184,1045,666.7805961960721,Online,0,Delhi,46,138180.8987830131,0
6185,1018,127.61876162211732,Online,0,Karnataka,31,122328.58378400556,0
6186,1012,178.6096662105461,POS,0,Delhi,21,48626.14272350663,0
6187,1041,197.89231926487665,POS,0,Gujarat,25,83129.58324954187,0
6188,1020,648.900660760477,POS,0,Gujarat,22,71169.5092707882,0
6189,1036,748.643324231653,Online,0,Karnataka,61,119606.08225851988,0
6190,1026,866.6617150371263,Online,0,Gujarat,44,136366.12294364814,0
6191,1028,943.6047232659309,Online,0,Gujarat,41,57287.60860248431,0
6192,1019,241.6193295171197,Online,0,Gujarat,61,83558.27992425975,0
6193,1024,344.2838604878466,Online,0,Maharashtra,60,115149.39446915744,0
6194,1005,278.30673670758915,Online,0,Karnataka,51,26493.886264389956,0
6195,1035,390.82348909283087,POS,0,Karnataka,45,145199.34314425534,0
6196,1001,918.9318520525619,Online,0,Delhi,41,123995.31384311903,0
6197,1021,596.3569385923935,Online,0,Karnataka,22,90559.63771354749,0
6198,1031,751.2823024582741,POS,0,Tamil Nadu,30,121224.56392465635,0
6199,1015,515.6132743204429,POS,0,Karnataka,35,128726.53739975377,0
6200,1017,77.4150176693183,POS,0,Tamil Nadu,34,84198.59106717944,0
6201,1004,110.98571169792362,POS,0,Gujarat,47,77209.31858083478,0
6202,1035,561.0268797044914,POS,0,Tamil Nadu,55,128901.45122698962,0
6203,1029,732.8495830790243,Online,0,Maharashtra,36,131757.35932699015,0
6204,1044,254.56400115229494,Online,0,Gujarat,39,36071.57832850709,0
6205,1018,735.8140952926889,POS,0,Tamil Nadu,35,138019.47133632918,0
6206,1022,820.1324848093368,POS,0,Gujarat,43,55983.21613864999,0
6207,1033,441.3026044440057,Online,0,Maharashtra,32,106731.76152710595,1
6208,1012,759.0982712018997,POS,0,Gujarat,45,112210.35834123526,0
6209,1042,433.8284528120369,Online,0,Gujarat,47,56364.071791678536,0
6210,1028,694.433097982269,Online,0,Karnataka,45,59542.890010735726,0
6211,1035,775.7971968535659,POS,0,Delhi,37,111819.08703744823,1
6212,1021,992.3302873927053,Online,0,Tamil Nadu,21,42759.87767762672,0
6213,1046,378.1268289604163,Online,0,Delhi,21,131593.73362391794,1
6214,1035,440.4887415458809,Online,0,Maharashtra,54,48976.403961624324,1
6215,1008,207.33905643966276,Online,0,Maharashtra,32,65652.41963476728,0
6216,1038,243.86940548171654,POS,0,Gujarat,51,54665.59688784096,1
6217,1018,708.7252524684588,POS,0,Delhi,28,51888.7255546825,1
6218,1037,921.1933106467523,POS,0,Tamil Nadu,40,147252.61078058556,0
6219,1005,424.8747040781785,POS,0,Tamil Nadu,52,52932.18134217713,1
6220,1046,220.85222449376417,POS,0,Gujarat,60,95182.77439763637,0
6221,1014,320.84452441384434,Online,0,Tamil Nadu,52,116899.58083979838,0
6222,1019,482.2991195677317,Online,0,Karnataka,28,25456.682806673543,0
6223,1008,326.11781289709995,Online,0,Delhi,19,134604.35817264958,0
6224,1031,271.900128965773,Online,0,Maharashtra,32,39875.5878296508,1
6225,1003,749.1852643192256,POS,0,Tamil Nadu,57,96448.54972870431,0
6226,1049,57.45267517859203,POS,0,Tamil Nadu,45,103346.65563719926,0
6227,1017,562.269000969659,Online,0,Tamil Nadu,48,101843.55915151695,0
6228,1004,804.0784666782662,POS,0,Gujarat,49,115347.99561463516,0
6229,1019,302.9168720015948,Online,0,Maharashtra,51,141060.8825326445,0
6230,1022,623.1269350814165,Online,0,Delhi,39,140495.4444137963,1
6231,1010,685.4551003376869,POS,0,Tamil Nadu,46,95150.13917412171,0
6232,1036,672.2734615848354,POS,0,Karnataka,25,68089.4372472367,0
6233,1021,473.5571524887818,POS,0,Gujarat,39,61795.60139225228,1
6234,1003,379.24908848199027,Online,0,Delhi,29,135269.33953278844,0
6235,1028,844.1278693764228,POS,0,Tamil Nadu,40,130906.72779631591,0
6236,1043,770.523659149871,Online,0,Delhi,55,58456.84914381689,1
6237,1033,355.1924147432169,POS,0,Gujarat,19,39805.472842039984,1
6238,1012,147.86823472009578,Online,0,Karnataka,29,131948.4754891931,1
6239,1041,118.21716817319573,POS,0,Tamil Nadu,38,99085.3917539462,0
6240,1008,139.56217900398923,Online,0,Karnataka,29,60708.05506180143,0
6241,1041,603.7258931324407,Online,0,Gujarat,62,99384.35038660563,0
6242,1030,99.0790670375402,POS,0,Karnataka,48,28605.58689856055,0
6243,1006,370.08053121583646,Online,0,Gujarat,26,44717.77827902828,0
6244,1003,765.539716818518,POS,0,Karnataka,32,90952.4533156847,0
6245,1018,329.6307581896092,POS,0,Delhi,49,90091.88248071796,1
6246,1041,775.1426733211233,POS,0,Delhi,60,52066.89708088929,0
6247,1029,758.1936862967025,Online,0,Gujarat,26,147671.51412599153,0
6248,1030,283.5357760015555,POS,0,Delhi,41,73616.75817513754,0
6249,1034,742.3810710881082,Online,0,Karnataka,25,112109.95396341586,0
6250,1020,760.3878063584957,POS,0,Karnataka,45,53599.388294307326,0
6251,1030,427.5812293836755,POS,0,Tamil Nadu,35,75182.05873956268,0
6252,1018,249.8994595544423,Online,0,Gujarat,60,128058.9356260374,1
6253,1030,545.2072665472756,Online,0,Delhi,54,130317.66406344593,0
6254,1031,925.3277086001865,POS,0,Gujarat,53,37583.725131621286,0
6255,1001,657.6358958104589,Online,0,Delhi,54,66107.09598095037,1
6256,1009,214.27637274589813,POS,0,Tamil Nadu,49,46409.556935120105,0
6257,1001,698.6190784968439,Online,0,Karnataka,38,135734.89697799066,0
6258,1001,455.84287591774284,Online,0,Karnataka,56,118001.97725513672,0
6259,1023,611.9523574876043,POS,0,Maharashtra,46,93230.4378197551,0
6260,1016,747.3608332719525,Online,0,Gujarat,35,104510.92788056041,0
6261,1031,539.1999839387227,POS,0,Delhi,40,138840.12252546687,0
6262,1015,823.2847758446431,POS,0,Maharashtra,50,59425.81199595408,1
6263,1015,736.0478003507964,Online,0,Gujarat,26,21777.750863232788,0
6264,1045,634.3196730175852,POS,0,Delhi,61,23426.193893187152,0
6265,1038,193.2531750407339,Online,0,Tamil Nadu,60,26069.34962235978,0
6266,1030,844.1516553659899,Online,0,Gujarat,55,36702.518506808345,0
6267,1042,939.1103060538253,POS,0,Delhi,21,94213.65319733733,0
6268,1023,180.11686761883007,Online,0,Karnataka,33,147541.24434891628,0
6269,1000,513.829072961759,POS,0,Gujarat,20,74589.25495814926,0
6270,1010,295.9443048719793,POS,0,Delhi,25,112614.14540191868,0
6271,1020,766.7971420542864,Online,0,Karnataka,33,122983.02697652084,0
6272,1003,735.5481542044649,Online,0,Karnataka,19,124181.6138376409,0
6273,1006,183.84086454187877,POS,0,Maharashtra,62,77628.5120382379,0
6274,1025,883.1759076985553,POS,0,Delhi,36,91492.97896985165,1
6275,1046,221.92441077910217,POS,0,Maharashtra,41,62738.010586502656,0
6276,1049,807.3960743657021,Online,0,Maharashtra,33,109421.93168693745,1
6277,1011,484.13134164660465,Online,0,Tamil Nadu,57,69772.7704836921,0
6278,1030,361.8586788802437,POS,0,Maharashtra,19,60438.26529090649,0
6279,1016,200.32729954050282,Online,0,Maharashtra,49,101549.40997201571,1
6280,1032,209.2335433392979,POS,0,Tamil Nadu,18,64363.20673852843,0
6281,1010,678.7960269658553,Online,0,Tamil Nadu,35,73039.92287312538,0
6282,1027,572.9088685497645,POS,0,Gujarat,56,112413.57587612013,0
6283,1031,165.98115056867107,POS,0,Maharashtra,49,130933.48594431154,0
6284,1000,157.06296741640892,POS,0,Karnataka,26,76524.2107555007,0
6285,1046,118.69504603415189,POS,0,Tamil Nadu,20,87886.0011535948,0
6286,1027,756.5789800048669,POS,0,Delhi,41,117029.72579755122,0
6287,1041,726.2879809678248,POS,0,Gujarat,28,49243.28691159072,0
6288,1006,105.50944131184639,Online,0,Gujarat,45,73950.74608802295,0
6289,1001,582.2565718171243,POS,0,Maharashtra,33,125489.41203537713,0
6290,1041,130.44234748055538,POS,0,Karnataka,46,136282.7993694879,0
6291,1023,908.5584820784946,POS,0,Tamil Nadu,58,103837.59259075197,0
6292,1003,911.7615482211258,POS,0,Delhi,29,71141.39941613743,0
6293,1043,713.3213403224736,POS,0,Maharashtra,63,98769.95567070534,0
6294,1018,929.8794753674774,Online,0,Karnataka,21,43249.458692993045,0
6295,1025,820.880378893006,POS,0,Maharashtra,43,23808.455698224294,0
6296,1010,837.111647130697,POS,0,Maharashtra,21,29699.981598227387,0
6297,1039,591.2224580414365,POS,0,Gujarat,28,34062.41437256841,0
6298,1049,340.7562383053671,POS,0,Delhi,19,49335.73457498598,0
6299,1042,256.9091593606005,Online,0,Delhi,48,80024.34224844442,0
6300,1010,360.84002093698274,Online,0,Delhi,20,50200.092895243215,0
6301,1044,647.070658584609,POS,0,Delhi,42,96054.13557630796,0
6302,1002,214.02370904077898,POS,0,Tamil Nadu,51,149778.97770147515,0
6303,1011,295.70822480545553,Online,0,Tamil Nadu,18,84763.54228439655,1
6304,1002,494.65781965569124,POS,0,Delhi,22,118391.19609368438,0
6305,1041,271.3975935983848,Online,0,Karnataka,56,58012.20246142424,0
6306,1026,609.2114862302585,POS,0,Tamil Nadu,48,145174.36573977038,0
6307,1048,927.0172270335133,Online,0,Tamil Nadu,53,52383.71182698558,0
6308,1001,760.6848974179701,Online,0,Karnataka,20,97562.03044491631,0
6309,1048,683.1052834414673,POS,0,Delhi,55,147832.99091995042,0
6310,1015,603.5854021845898,POS,0,Maharashtra,29,125071.9290048012,1
6311,1001,513.5505137942116,POS,0,Tamil Nadu,33,148964.32982904074,0
6312,1029,227.23566665292674,POS,0,Maharashtra,25,69365.93814429683,1
6313,1019,899.9749326555223,Online,0,Maharashtra,28,30092.094637794915,0
6314,1037,286.1092019121945,Online,0,Karnataka,62,51653.785291520915,0
6315,1027,136.7434336992527,POS,0,Delhi,31,144489.7555360908,0
6316,1024,762.5144202672604,Online,0,Maharashtra,44,68175.14285755547,0
6317,1031,216.83475761460807,POS,0,Delhi,35,36220.57245487079,0
6318,1009,403.3011995641172,POS,0,Gujarat,25,97103.62433547893,1
6319,1041,76.87068187643074,POS,0,Delhi,50,85055.07030363017,0
6320,1039,180.21454541342567,Online,0,Karnataka,21,28120.97850622615,0
6321,1032,214.54344922191646,POS,0,Karnataka,47,78882.93409418757,0
6322,1012,101.68962136266904,Online,0,Gujarat,37,102272.9299704512,0
6323,1040,673.8241087917029,POS,0,Karnataka,47,50249.43523316377,0
6324,1041,845.1574060129614,Online,0,Delhi,44,36177.29509676399,0
6325,1046,404.6496360476439,Online,0,Delhi,42,132423.57760160812,0
6326,1036,880.8476528822907,Online,0,Delhi,23,101308.2526636499,0
6327,1015,252.6792458321202,Online,0,Karnataka,22,40183.389860538795,0
6328,1044,359.1209023831775,POS,0,Delhi,31,101784.05294594265,0
6329,1021,193.20014337960995,Online,0,Tamil Nadu,31,115583.26685134819,0
6330,1019,639.5312356480487,Online,0,Gujarat,51,97678.64360584483,0
6331,1049,448.8761113267915,POS,0,Tamil Nadu,58,35100.38550732485,0
6332,1042,632.6191794998037,Online,0,Delhi,42,36216.81637512059,0
6333,1026,773.5911601244744,POS,0,Karnataka,56,25868.83347143563,1
6334,1040,568.417865231301,Online,0,Gujarat,35,50420.52199677538,0
6335,1015,646.2488371566985,POS,0,Tamil Nadu,37,27754.380928940707,0
6336,1033,938.4877986746163,Online,0,Delhi,60,124689.45339463702,0
6337,1031,334.11109412840096,Online,0,Karnataka,25,22002.71862912222,0
6338,1025,391.20574170225547,Online,0,Delhi,43,95532.2047639009,0
6339,1024,731.8181936238701,Online,0,Tamil Nadu,38,125278.3430512686,0
6340,1001,630.7402412026174,POS,0,Tamil Nadu,44,136332.18884712155,0
6341,1011,219.6062593127291,Online,0,Gujarat,49,73229.15713479776,0
6342,1039,407.3399445099657,POS,0,Karnataka,59,100720.15861996613,1
6343,1008,494.4461124684792,POS,0,Maharashtra,34,143651.73082303803,1
6344,1011,448.42034606996987,POS,0,Delhi,18,107309.3586752272,1
6345,1025,219.36106790593874,POS,0,Karnataka,44,137142.00781709293,0
6346,1008,928.2085871950492,Online,0,Maharashtra,53,108957.96120712739,0
6347,1009,774.2028236092771,Online,0,Karnataka,28,28839.644963431663,0
6348,1031,507.28804050245964,Online,0,Delhi,58,45594.78999876659,1
6349,1033,696.0579768914947,Online,0,Delhi,58,142258.63485205278,0
6350,1047,902.4185385287458,Online,0,Gujarat,52,129754.96029722068,0
6351,1019,179.36543524349264,Online,0,Tamil Nadu,55,74953.83214408037,0
6352,1038,287.85439817162876,POS,0,Tamil Nadu,55,40946.33591699273,1
6353,1001,565.5661848938128,POS,0,Tamil Nadu,59,40432.153832085445,1
6354,1000,809.0598527847407,Online,0,Gujarat,59,137632.06162251235,0
6355,1035,84.44215066945101,Online,0,Tamil Nadu,64,41607.02451951993,0
6356,1023,984.8172426865425,Online,0,Karnataka,53,70216.39595094939,0
6357,1026,482.1612727382773,POS,0,Tamil Nadu,27,137104.55910244875,0
6358,1001,391.26958359063684,Online,0,Tamil Nadu,57,24346.273129252535,0
6359,1030,328.0882159477833,Online,0,Delhi,18,101996.34825849472,0
6360,1013,215.63887226832804,Online,0,Gujarat,39,65577.4264902946,0
6361,1001,801.9952134835265,POS,0,Gujarat,34,34011.830563253854,0
6362,1028,957.6434565087917,POS,0,Tamil Nadu,29,93778.10824958765,0
6363,1014,442.9625171031283,Online,0,Maharashtra,61,83037.15426125133,0
6364,1011,954.7996600157834,POS,0,Delhi,30,32896.19996461067,0
6365,1036,832.6077346632825,POS,0,Tamil Nadu,42,54737.46473798836,0
6366,1027,506.99857110250235,POS,0,Maharashtra,43,116246.30413708051,0
6367,1019,690.3248701698261,Online,0,Karnataka,63,118260.53087915177,0
6368,1038,463.2349702119398,Online,0,Delhi,57,97828.75516376714,0
6369,1023,580.7872378019248,POS,0,Gujarat,63,34363.3333370173,1
6370,1020,105.14402016757862,POS,0,Maharashtra,56,130901.93533077049,0
6371,1009,711.4503015355065,POS,0,Tamil Nadu,60,42451.51771081526,1
6372,1045,100.18341225992987,Online,0,Maharashtra,50,113721.99022975069,0
6373,1013,826.230699573667,POS,0,Gujarat,25,25535.954072198525,0
6374,1036,833.6995829875297,POS,0,Karnataka,30,63137.87967432496,0
6375,1017,275.2234231784039,Online,0,Maharashtra,43,82187.00721781392,0
6376,1023,357.47964198401024,POS,0,Tamil Nadu,34,23635.32613259677,0
6377,1013,507.24485963037864,POS,0,Maharashtra,41,42301.97073919345,0
6378,1033,616.8297615858575,Online,0,Karnataka,41,61458.332885658376,0
6379,1011,322.9859786548969,POS,0,Maharashtra,29,147725.9565733691,0
6380,1021,612.8620844003287,POS,0,Karnataka,48,121331.85966148542,0
6381,1005,332.8977195678339,POS,0,Karnataka,33,129290.54132332173,0
6382,1035,102.71618501750764,POS,0,Delhi,59,106777.19557547582,0
6383,1044,52.4011723403135,Online,0,Delhi,33,58011.28610224722,0
6384,1035,146.09350502250717,Online,0,Tamil Nadu,47,112228.2274581064,0
6385,1021,802.6381651558173,Online,0,Tamil Nadu,45,107586.32734214721,0
6386,1013,963.3597467641703,POS,0,Tamil Nadu,20,99293.65354118851,0
6387,1015,455.6178893171583,Online,0,Karnataka,50,58781.795463428694,0
6388,1035,537.0497557774456,Online,0,Karnataka,41,54217.867206096635,0
6389,1024,189.50576061975482,POS,0,Delhi,47,63718.89990607803,0
6390,1031,573.4797850461491,Online,0,Karnataka,57,60611.61641413344,1
6391,1032,187.422156906628,POS,0,Delhi,45,30118.240086717306,1
6392,1044,630.6536146388886,POS,0,Maharashtra,64,124296.1375324958,1
6393,1035,936.5957342018112,POS,0,Tamil Nadu,56,68003.41908118565,0
6394,1019,235.91361233788763,Online,0,Tamil Nadu,19,111862.78569676807,0
6395,1017,776.335532154247,Online,0,Gujarat,30,56390.179454135345,0
6396,1037,72.32730167740783,POS,0,Delhi,54,98262.1208002068,0
6397,1002,406.7223792555399,Online,0,Gujarat,27,24507.568231499732,1
6398,1022,155.2110824389836,POS,0,Tamil Nadu,57,33784.98694737704,0
6399,1031,384.85166951591447,Online,0,Gujarat,30,67388.8621125463,0
6400,1044,214.86007365693933,Online,0,Maharashtra,36,54935.78141492365,0
6401,1015,404.63974061674304,Online,0,Gujarat,23,65942.41180188139,0
6402,1004,446.64666580215385,Online,0,Maharashtra,35,140989.98022248445,0
6403,1003,335.56156664187245,Online,0,Tamil Nadu,57,29607.10165068588,0
6404,1020,673.7908519994727,POS,0,Karnataka,26,80155.00724389715,0
6405,1039,922.9094486959642,Online,0,Delhi,34,45773.36112497111,1
6406,1013,430.56560540000874,Online,0,Gujarat,21,66259.00737151767,0
6407,1038,232.72599865127034,Online,0,Maharashtra,23,108014.53485908308,0
6408,1030,307.18662028618417,Online,0,Tamil Nadu,28,146482.08665461204,1
6409,1013,861.3007823215505,Online,0,Tamil Nadu,59,110314.60178264967,0
6410,1005,593.0577371066405,POS,0,Karnataka,43,135029.7759479361,0
6411,1011,482.2604806916094,POS,0,Tamil Nadu,28,39143.62654094784,1
6412,1015,192.15488543348036,POS,0,Tamil Nadu,25,43580.90987479365,0
6413,1016,477.24094290759285,Online,0,Karnataka,20,133979.90237297132,1
6414,1044,314.56740318951734,Online,0,Tamil Nadu,19,98977.90446499173,0
6415,1022,946.0049714606818,POS,0,Maharashtra,35,122975.51974996446,0
6416,1013,889.8666039449447,POS,0,Gujarat,19,48971.77505250661,1
6417,1006,129.7074147367881,POS,0,Gujarat,43,65317.34673728921,0
6418,1045,540.8208147981807,POS,0,Maharashtra,29,30534.48860001973,0
6419,1031,263.8054282389385,Online,0,Gujarat,54,136426.10838719347,0
6420,1014,440.2382350480761,POS,0,Tamil Nadu,43,144326.20520424529,0
6421,1043,883.0055983388836,Online,0,Gujarat,53,131470.30018063053,0
6422,1016,551.1387938941175,POS,0,Gujarat,33,76833.44084227088,0
6423,1040,367.5045287022218,Online,0,Tamil Nadu,31,64347.51244855272,0
6424,1046,247.4939363997472,Online,0,Gujarat,19,80138.10065369739,0
6425,1043,810.3086164361648,Online,0,Tamil Nadu,38,102890.2753909405,0
6426,1033,643.2921145961297,POS,0,Karnataka,24,76095.95467584237,0
6427,1004,494.6621874049196,Online,0,Karnataka,28,74810.63616571433,0
6428,1044,256.61013616982916,Online,0,Gujarat,61,76035.08213963103,0
6429,1026,367.5340554492748,POS,0,Karnataka,46,116795.03376583714,0
6430,1022,961.8512554015927,POS,0,Gujarat,54,122282.8131327613,0
6431,1039,544.0854407255426,POS,0,Karnataka,56,133169.98189689443,0
6432,1013,430.66431718109027,POS,0,Gujarat,45,51588.34562341518,0
6433,1014,545.3509402309078,POS,0,Delhi,57,40475.618382202694,0
6434,1042,790.0390806046282,POS,0,Maharashtra,21,64866.62907646406,0
6435,1032,373.10348967772535,Online,0,Karnataka,21,74658.24045913015,1
6436,1030,219.7708148859784,Online,0,Tamil Nadu,44,111242.79563021542,0
6437,1034,605.6893124220954,POS,0,Maharashtra,23,118530.95640071252,0
6438,1016,681.9438983070138,POS,0,Gujarat,51,147939.87268952897,1
6439,1027,727.0821028106221,Online,0,Maharashtra,58,69168.94174436902,0
6440,1018,887.8882112278231,Online,0,Tamil Nadu,57,72327.57776810654,0
6441,1045,402.6154146546574,Online,0,Tamil Nadu,35,90470.39664434563,1
6442,1022,121.5871514174472,POS,1,Gujarat,61,126643.61211727707,1
6443,1031,960.4311544493951,Online,0,Karnataka,47,105921.42114403767,0
6444,1039,463.26133106560144,Online,0,Karnataka,50,94445.72524771445,0
6445,1012,642.0946341894747,POS,1,Delhi,37,104255.85518670783,0
6446,1019,682.9900569718776,POS,0,Tamil Nadu,53,80378.55095475403,0
6447,1034,569.1880232661433,POS,0,Delhi,63,118676.96397817167,0
6448,1004,244.99465324945658,Online,0,Tamil Nadu,22,29788.44243700704,0
6449,1008,767.3858976103344,POS,0,Delhi,52,86173.11691309395,0
6450,1028,813.5643755888775,Online,0,Karnataka,36,124855.09464145191,0
6451,1005,575.3268067165678,Online,0,Tamil Nadu,29,59327.48007367858,0
6452,1024,514.1331025555994,POS,0,Karnataka,43,129644.08529250295,0
6453,1030,158.24127397158605,Online,0,Maharashtra,36,121768.19121362633,0
6454,1021,129.75407842479464,POS,0,Karnataka,28,95486.98900882788,0
6455,1001,372.5866032853523,POS,0,Tamil Nadu,37,52779.31520571911,1
6456,1044,345.3038477415236,POS,0,Maharashtra,26,131939.64804307133,0
6457,1004,955.9736284151077,POS,0,Delhi,37,23895.95383676505,0
6458,1026,794.4416053212583,Online,0,Gujarat,44,97026.72070790974,0
6459,1024,676.928080496107,POS,0,Tamil Nadu,22,121733.4067328141,0
6460,1007,541.7656845667248,Online,0,Gujarat,27,83102.37362714943,0
6461,1000,208.99915419031876,Online,0,Gujarat,26,33371.29634650296,0
6462,1019,979.5338385750697,POS,0,Maharashtra,42,128417.60526560087,0
6463,1043,406.2886633281995,Online,0,Delhi,30,138181.4492448776,0
6464,1022,151.57932232488258,POS,0,Karnataka,49,93230.2601519599,0
6465,1031,519.1089509299588,POS,0,Maharashtra,25,122330.10490323455,1
6466,1010,880.298111032429,POS,0,Delhi,62,99392.92228015092,0
6467,1038,892.926451688463,Online,0,Karnataka,44,94526.7834720935,0
6468,1046,60.41762025362489,POS,0,Karnataka,39,37000.359832326285,0
6469,1023,891.9809575138297,POS,0,Delhi,45,76783.03969684077,1
6470,1010,307.9100066248656,Online,0,Karnataka,35,108243.18746135222,1
6471,1028,87.02374577000192,POS,0,Tamil Nadu,40,79082.79804719,0
6472,1025,855.4007568447306,POS,0,Tamil Nadu,58,100309.39068245093,0
6473,1015,870.6734181887979,POS,0,Maharashtra,48,136325.12881202705,0
6474,1034,616.4195258502325,POS,0,Karnataka,58,67608.81211794482,0
6475,1019,595.7120694315405,POS,0,Karnataka,51,127703.26139735804,0
6476,1045,822.4642589903484,POS,0,Delhi,24,23775.873922135837,1
6477,1002,796.9940750747658,Online,0,Tamil Nadu,22,130846.09579026458,0
6478,1000,895.6001997705689,POS,1,Gujarat,38,33868.048523453355,0
6479,1046,575.1100752168683,POS,0,Maharashtra,23,61787.29410338772,0
6480,1000,969.2647380961682,POS,0,Tamil Nadu,62,86747.81242080781,0
6481,1016,996.3394893866715,POS,0,Delhi,52,104504.56830421243,0
6482,1001,160.71737949870095,Online,0,Maharashtra,59,143904.55590472376,0
6483,1028,857.066571576416,POS,0,Gujarat,40,59913.947219751055,1
6484,1019,524.8311448611596,Online,0,Maharashtra,20,31095.338460541818,1
6485,1005,418.1880213848405,POS,0,Tamil Nadu,50,79648.62897013065,0
6486,1007,632.4186943885793,POS,0,Gujarat,55,64884.8660923778,0
6487,1028,103.16727939890667,Online,0,Delhi,40,98015.48556309438,0
6488,1047,531.1380628287259,Online,0,Maharashtra,33,139961.72916333575,0
6489,1032,877.3460415253334,POS,0,Tamil Nadu,42,103636.55375310863,0
6490,1002,252.78844033202037,POS,0,Delhi,33,95141.85332524664,0
6491,1034,455.07040003095386,POS,0,Gujarat,42,51990.99560261695,0
6492,1004,942.5068433291317,POS,0,Maharashtra,59,54419.34471353443,1
6493,1026,457.1356459154124,POS,0,Karnataka,24,76689.86617877462,0
6494,1043,390.4492507157784,POS,0,Tamil Nadu,25,135868.00990597263,0
6495,1011,468.50981571720934,Online,0,Tamil Nadu,20,95332.8836329721,0
6496,1019,543.4801281916785,POS,0,Karnataka,22,84304.20972769769,0
6497,1044,650.3917769248955,POS,0,Delhi,36,90531.17772002783,0
6498,1019,810.6581608708946,POS,0,Tamil Nadu,24,128391.69136857777,0
6499,1008,479.49709547609854,Online,0,Delhi,39,108126.26281729846,0
6500,1038,826.6068883356332,Online,0,Gujarat,43,140565.24916344296,0
6501,1003,557.0346282844766,Online,0,Karnataka,42,95626.31481255662,0
6502,1018,371.5564848495788,POS,0,Delhi,23,45483.71839596313,0
6503,1037,675.0532867134435,Online,0,Gujarat,22,22434.360145201048,0
6504,1026,731.8361420063168,POS,0,Maharashtra,55,61224.807891188604,0
6505,1044,580.1465268480132,POS,0,Tamil Nadu,55,28155.68329197891,0
6506,1042,103.78422447798724,POS,0,Karnataka,39,72918.4540309463,1
6507,1012,211.38873140278366,POS,0,Maharashtra,48,44425.72208445154,0
6508,1012,321.03283484571676,POS,0,Maharashtra,39,72638.724252546,1
6509,1021,318.49432565391845,POS,0,Maharashtra,28,71896.42540205672,0
6510,1027,689.749760234527,POS,0,Delhi,49,55914.97903609272,0
6511,1046,67.43122858995096,Online,0,Tamil Nadu,34,104866.52561091328,0
6512,1044,767.8976881970439,Online,0,Karnataka,58,76346.39564748907,0
6513,1021,302.07535106658656,Online,0,Tamil Nadu,39,136149.31987008013,1
6514,1042,344.5207539052973,POS,0,Tamil Nadu,33,29890.453115639728,0
6515,1018,551.514336546728,Online,0,Tamil Nadu,59,73381.06646415469,0
6516,1007,255.12932089200964,POS,0,Gujarat,32,120873.45376105288,0
6517,1007,890.2477478967512,Online,0,Gujarat,25,84289.58675743989,1
6518,1041,131.100340360237,Online,0,Gujarat,63,145590.56544617508,0
6519,1025,472.16324418601164,POS,0,Gujarat,20,42726.9861643972,0
6520,1047,856.9511559821455,Online,0,Tamil Nadu,30,61083.14529503064,0
6521,1025,635.051699700174,POS,0,Tamil Nadu,47,35100.027559090166,0
6522,1022,327.7130400505018,Online,0,Karnataka,45,52074.85472665746,1
6523,1042,449.72219738763766,Online,0,Karnataka,26,107429.19274653905,0
6524,1012,721.3596613253889,Online,0,Karnataka,29,83302.97965210232,1
6525,1027,974.5977061957044,POS,0,Karnataka,42,41068.73986257809,0
6526,1008,898.4817824604618,POS,0,Karnataka,54,81710.35901212951,0
6527,1019,375.31116796325796,Online,0,Gujarat,38,130162.18965246115,0
6528,1018,998.2879853234647,Online,0,Tamil Nadu,56,77177.36150213782,0
6529,1047,53.329430354505355,POS,0,Karnataka,56,21717.888769149697,0
6530,1038,76.24826801799433,Online,0,Delhi,36,27139.800054305128,0
6531,1011,832.6484894126341,Online,0,Karnataka,25,76955.64337374331,0
6532,1014,239.48955249139942,POS,0,Karnataka,55,97121.86634313405,0
6533,1030,107.73080497642881,Online,0,Tamil Nadu,20,135249.29204545153,0
6534,1013,275.2906695746771,Online,0,Gujarat,39,147654.99699136137,0
6535,1010,454.7951462818172,POS,0,Maharashtra,18,147448.8942656113,1
6536,1025,744.0379569117346,POS,0,Tamil Nadu,55,92526.21723569668,0
6537,1041,643.1187502236452,POS,0,Gujarat,36,24644.955235290785,0
6538,1026,275.7401566823994,POS,0,Delhi,38,47752.67620134444,0
6539,1010,528.1069256955552,Online,0,Maharashtra,30,76463.12300662711,1
6540,1037,929.9034001286403,POS,0,Gujarat,44,134357.87485212076,0
6541,1033,824.2573881345699,POS,0,Gujarat,34,22802.657606782086,0
6542,1042,357.0302955902037,Online,0,Tamil Nadu,37,86214.12656261868,0
6543,1018,983.1513332879115,POS,0,Gujarat,47,104950.51101827029,0
6544,1005,723.1893804133745,POS,0,Karnataka,55,57469.87830210371,0
6545,1045,109.3268878834427,Online,0,Gujarat,28,61038.18821972379,0
6546,1037,83.40267762420675,POS,0,Maharashtra,44,70495.51368297588,0
6547,1048,209.98755155952847,POS,0,Gujarat,55,55697.25527289981,0
6548,1041,741.4630746476395,Online,0,Delhi,45,76834.49520190668,0
6549,1027,224.5519795503065,POS,0,Karnataka,43,40552.08333656215,0
6550,1000,535.9124307483919,POS,0,Maharashtra,56,45913.14638183908,1
6551,1034,138.59711417179017,Online,0,Maharashtra,50,24827.70021658478,0
6552,1039,924.8418499386854,Online,0,Tamil Nadu,49,73470.9046876018,0
6553,1007,376.76258290438915,POS,0,Tamil Nadu,42,111953.97280276443,0
6554,1046,912.7254537325992,POS,0,Karnataka,41,85799.78563791775,0
6555,1006,947.631859815017,POS,0,Maharashtra,57,88985.51258014914,0
6556,1010,55.82221494799675,Online,0,Delhi,44,78493.02590415825,0
6557,1038,490.9284278387954,POS,0,Gujarat,63,96030.07140292197,1
6558,1003,73.42325292154824,POS,0,Gujarat,39,49857.92627113038,0
6559,1024,913.2581279877605,Online,0,Gujarat,37,46977.05397755152,0
6560,1011,542.487167497847,POS,0,Tamil Nadu,50,142455.37659702904,0
6561,1025,121.19681206357198,POS,0,Maharashtra,22,78553.22255776633,0
6562,1037,154.7628918627385,POS,0,Maharashtra,46,127532.85516823323,0
6563,1045,414.3335732681021,Online,0,Delhi,22,139188.12780712094,0
6564,1011,943.222483229245,Online,0,Tamil Nadu,63,99934.84261114287,0
6565,1042,708.2636939896768,POS,0,Delhi,56,58843.12492996582,0
6566,1036,874.2379228796758,POS,0,Maharashtra,34,108374.41746991874,0
6567,1045,398.1338140229807,Online,0,Gujarat,46,76018.80614695097,0
6568,1023,91.0530145724984,POS,0,Tamil Nadu,28,146498.85315637733,1
6569,1015,975.6017553441934,Online,0,Tamil Nadu,39,125467.64913231741,0
6570,1012,66.31434112925106,Online,0,Tamil Nadu,48,125942.82703198992,0
6571,1024,950.2690704270345,Online,0,Gujarat,56,96529.57150247526,0
6572,1003,400.2435526566875,Online,0,Tamil Nadu,18,21094.020595785936,0
6573,1010,59.585884770787445,Online,0,Karnataka,32,128136.69386021468,1
6574,1031,704.6993701382828,POS,0,Tamil Nadu,36,23298.34615321894,0
6575,1048,981.5132888297865,Online,0,Gujarat,27,35906.54793342238,0
6576,1006,967.344436695713,POS,0,Tamil Nadu,26,129026.98555355835,0
6577,1045,202.8901606422975,POS,0,Karnataka,30,48443.34646829407,0
6578,1010,222.18541576284724,POS,0,Karnataka,62,129346.39907414909,0
6579,1027,587.2619688886771,Online,0,Tamil Nadu,43,50725.61542490075,0
6580,1040,655.4395851069082,POS,0,Maharashtra,23,120192.08159132076,1
6581,1022,752.4470179825723,POS,0,Maharashtra,57,90482.93412110789,0
6582,1044,221.99784244854013,POS,0,Delhi,61,107229.20227713542,0
6583,1022,961.0567324262128,Online,0,Karnataka,19,128950.57567867861,0
6584,1049,656.802293474776,POS,0,Maharashtra,46,147923.6939020253,0
6585,1027,854.6945729270271,Online,0,Delhi,29,31139.935376775407,1
6586,1042,563.0624295199632,Online,0,Maharashtra,40,109099.82761932413,1
6587,1046,443.56300521038844,POS,0,Tamil Nadu,20,144634.3125379978,0
6588,1025,978.3237612652462,POS,0,Karnataka,28,68593.43118853241,0
6589,1024,603.0153022788443,Online,0,Maharashtra,22,63386.828496357586,0
6590,1028,873.5299036592199,Online,0,Tamil Nadu,62,108397.00856703488,0
6591,1018,955.6277765479755,POS,0,Delhi,27,72253.63737018898,0
6592,1032,691.5868956582262,POS,0,Tamil Nadu,64,47879.86712938661,0
6593,1035,571.4917445927412,POS,0,Delhi,23,40990.7211548569,1
6594,1013,53.33530836511809,POS,0,Maharashtra,33,45041.92777395311,0
6595,1013,88.01865870205569,POS,0,Gujarat,48,111560.43385576276,0
6596,1034,240.8086552485605,Online,0,Tamil Nadu,40,139430.36392218113,1
6597,1029,226.7080102631955,Online,0,Gujarat,47,124781.78074048556,1
6598,1027,292.0208554398531,Online,0,Karnataka,57,78266.21392230678,0
6599,1016,339.6879058127778,Online,1,Gujarat,37,88718.14967722257,0
6600,1002,392.06221887319185,Online,0,Karnataka,42,100622.54658857791,0
6601,1015,449.5108055654327,POS,0,Maharashtra,52,95393.0620953489,0
6602,1045,143.92302153321396,Online,0,Maharashtra,22,145901.45694833918,0
6603,1029,90.24383535514293,POS,0,Tamil Nadu,64,135270.09987705853,1
6604,1028,690.2472266193722,Online,0,Gujarat,20,25660.22373959715,0
6605,1044,560.4680836009238,Online,0,Karnataka,64,128649.56020677675,0
6606,1014,471.93699210911365,POS,0,Karnataka,51,34827.925012581865,0
6607,1045,652.7179441099347,Online,0,Gujarat,29,109727.23983461247,0
6608,1024,836.2954368433635,Online,0,Maharashtra,44,57134.501643423566,0
6609,1037,456.3082636603944,Online,0,Maharashtra,22,120539.84233698066,0
6610,1041,659.0634917993804,Online,0,Karnataka,58,21118.81117091671,0
6611,1046,955.8936126434007,POS,0,Tamil Nadu,39,69695.33471821973,0
6612,1037,847.6432710684827,Online,0,Maharashtra,21,22797.900964541164,0
6613,1022,454.700769977289,Online,0,Delhi,45,143958.90286062023,0
6614,1024,662.4809959240058,Online,0,Karnataka,24,21997.43967220863,0
6615,1041,218.21737582014276,Online,0,Gujarat,62,40187.69185404334,0
6616,1006,582.4960756503353,Online,0,Gujarat,51,90105.4621307004,0
6617,1021,982.2618765815206,Online,0,Karnataka,19,103999.64342481637,0
6618,1016,542.3993594423962,Online,0,Karnataka,26,114768.86368725995,0
6619,1017,931.2563842306399,Online,0,Maharashtra,32,52097.30569049012,0
6620,1048,436.96817447809764,POS,0,Karnataka,48,59129.35075889207,0
6621,1040,998.9025858253997,POS,0,Karnataka,53,51187.377290244985,1
6622,1009,600.25903346618,POS,0,Delhi,58,51729.46689984918,0
6623,1009,90.15554452413782,Online,0,Gujarat,32,121633.07886850263,0
6624,1006,607.4170568568187,Online,0,Maharashtra,50,143239.84354508555,0
6625,1047,310.8440608956168,POS,0,Tamil Nadu,48,97454.38162824594,0
6626,1049,80.85725593409998,POS,0,Maharashtra,44,40465.97672362933,0
6627,1037,829.8106394599301,POS,0,Gujarat,19,28506.266803890547,0
6628,1026,311.94315513171813,POS,0,Tamil Nadu,26,51092.954053957175,0
6629,1032,806.7211263441735,Online,0,Karnataka,60,43113.27371506039,0
6630,1000,323.8067038080736,POS,0,Delhi,18,95207.75157461071,0
6631,1043,234.61003618008556,Online,0,Delhi,36,110730.98668189271,0
6632,1033,975.2387953992061,POS,0,Gujarat,26,20596.80153981893,0
6633,1003,393.5630613672686,Online,0,Gujarat,19,77150.6471327745,0
6634,1016,621.3074008710024,Online,0,Delhi,54,100987.30318917065,0
6635,1003,629.482418173748,Online,0,Tamil Nadu,18,45073.839235760446,0
6636,1042,582.4498080648267,Online,0,Tamil Nadu,63,137126.20847493445,0
6637,1025,918.9609563451539,POS,0,Maharashtra,29,91371.59512969281,0
6638,1003,690.7190177985251,Online,0,Karnataka,43,64901.711211483096,0
6639,1000,433.54635389968365,Online,0,Tamil Nadu,27,22427.82991798626,0
6640,1006,869.2613652980604,POS,0,Karnataka,64,82959.89239841694,1
6641,1029,222.00975416016618,POS,0,Gujarat,18,63672.98426820908,1
6642,1049,567.0249197298966,POS,0,Tamil Nadu,18,146041.01795910255,0
6643,1008,953.0228533465686,POS,0,Tamil Nadu,60,69238.1452717015,0
6644,1034,644.1277483863921,Online,0,Tamil Nadu,48,139730.96400696435,1
6645,1007,826.1200279511324,POS,0,Maharashtra,28,109187.0702402515,0
6646,1023,670.8826892679332,Online,0,Gujarat,22,29615.197478780854,0
6647,1018,847.4023203609959,POS,0,Delhi,52,141253.66208014457,0
6648,1035,947.2634858529815,Online,1,Maharashtra,28,41898.29506231963,0
6649,1049,309.27564115609994,POS,0,Maharashtra,21,78243.06373962288,0
6650,1042,211.1780271938829,POS,0,Tamil Nadu,55,139990.5228367751,0
6651,1026,509.7912128159129,POS,0,Maharashtra,56,127706.28525533376,0
6652,1031,716.769305483005,POS,0,Delhi,38,83385.63339902021,0
6653,1013,265.8316905231053,Online,0,Maharashtra,53,46899.670421862706,0
6654,1017,53.89637790865872,POS,0,Maharashtra,63,86203.9363243891,0
6655,1027,375.78836004487005,Online,0,Tamil Nadu,45,91192.4687558988,0
6656,1028,970.416368694399,Online,0,Gujarat,25,149601.7604037306,0
6657,1015,710.2190875755543,POS,0,Delhi,37,127124.06732068714,0
6658,1034,431.25917174416276,POS,0,Tamil Nadu,60,131971.21311422117,1
6659,1046,232.94729247949832,Online,0,Maharashtra,63,148204.3652184853,1
6660,1030,388.28519006700964,Online,0,Delhi,38,88031.5153052514,0
6661,1003,211.34746163618556,Online,0,Karnataka,52,96079.44356103045,0
6662,1036,150.99053024730384,Online,0,Maharashtra,60,79077.74820676827,0
6663,1016,911.4052539439261,Online,0,Gujarat,49,36309.02563736047,0
6664,1038,997.7678214566998,POS,0,Maharashtra,53,88283.3740501702,0
6665,1047,205.90871761600079,POS,0,Gujarat,58,95736.55501887613,0
6666,1045,101.79643093436573,Online,0,Karnataka,22,50845.378867113875,0
6667,1025,363.24455178890173,POS,0,Tamil Nadu,62,121767.16004606902,1
6668,1047,488.57622172334453,Online,0,Tamil Nadu,21,36182.70264929792,0
6669,1038,244.58018472206174,POS,0,Tamil Nadu,24,85259.9024319638,0
6670,1040,336.35366620863056,Online,0,Delhi,51,106152.70101766691,0
6671,1003,240.8271989070748,POS,0,Gujarat,37,27141.071655202926,0
6672,1029,785.5475400108287,POS,0,Maharashtra,24,124526.93025220862,0
6673,1029,726.9490460848978,Online,0,Delhi,41,59540.04509584787,0
6674,1021,653.2039399729326,POS,0,Delhi,38,113307.39702357806,0
6675,1010,417.8569642252445,Online,0,Maharashtra,26,34067.2026847786,0
6676,1001,913.5888942485242,Online,0,Karnataka,36,100638.81918935155,0
6677,1043,971.055914458269,POS,0,Tamil Nadu,37,92437.5760438387,0
6678,1011,214.9573469941414,Online,0,Karnataka,45,39500.33707175996,0
6679,1029,261.86200934128414,POS,0,Karnataka,49,101216.8363757603,0
6680,1035,549.3494766003512,POS,0,Tamil Nadu,51,109872.1432980008,0
6681,1017,136.688040818133,Online,0,Karnataka,33,84805.30485435558,0
6682,1025,464.62597888195717,POS,0,Delhi,55,95214.97949241272,0
6683,1006,602.7017015388246,Online,0,Maharashtra,34,135364.54246211945,0
6684,1000,545.9698925804664,Online,0,Delhi,28,110701.39187956713,0
6685,1025,364.3631539241248,POS,0,Delhi,21,137774.10623370967,0
6686,1022,565.3235157733465,Online,0,Gujarat,57,91804.71398259893,0
6687,1025,960.8609065459054,POS,0,Tamil Nadu,62,42730.89793093433,0
6688,1044,245.71653407680725,POS,0,Tamil Nadu,57,52017.80231159167,0
6689,1005,672.0897904743034,Online,0,Delhi,59,42933.37342154646,0
6690,1005,91.22685944824926,POS,0,Tamil Nadu,35,63582.31148781489,0
6691,1043,113.09558425736319,Online,0,Gujarat,23,82079.69951565759,0
6692,1007,574.2368130124057,Online,0,Maharashtra,63,53271.09403678265,0
6693,1023,149.69222131155198,Online,0,Karnataka,49,81832.51762881169,0
6694,1021,71.22944900551447,Online,0,Tamil Nadu,22,67366.55072588634,1
6695,1018,212.93734776562107,POS,0,Delhi,32,92195.14440036277,0
6696,1036,586.6067124495958,Online,0,Tamil Nadu,62,75706.79055053502,0
6697,1017,718.1739067929858,Online,0,Delhi,33,76432.06498555868,0
6698,1030,242.35463593431098,Online,0,Karnataka,34,83780.7539169577,0
6699,1036,684.8464653477657,POS,0,Tamil Nadu,54,148423.77997544,0
6700,1029,223.35251454426788,POS,0,Karnataka,60,92351.2982802857,1
6701,1041,632.7845552996943,Online,0,Delhi,32,114033.90532489671,0
6702,1032,441.3616959010089,POS,1,Gujarat,52,74176.92686557132,0
6703,1009,671.1095338669359,POS,0,Gujarat,25,62360.37745309476,1
6704,1036,995.300114855285,Online,0,Maharashtra,52,139155.03571324638,0
6705,1011,940.9261169709339,Online,0,Delhi,53,116506.84262301531,0
6706,1029,54.067669944298444,POS,0,Delhi,44,95715.86954850276,0
6707,1026,891.1668261441904,POS,0,Delhi,31,63736.06817357624,0
6708,1038,113.1662554160282,POS,0,Gujarat,40,53521.835603583706,1
6709,1008,955.3942568518527,Online,0,Gujarat,37,52769.31836584209,0
6710,1020,317.73439514470044,POS,0,Gujarat,23,85485.00883464311,1
6711,1011,412.9330888907074,POS,0,Tamil Nadu,41,133726.66059287748,0
6712,1028,137.05629491694145,POS,0,Tamil Nadu,40,134536.2166419602,0
6713,1032,156.65912041246412,POS,0,Gujarat,53,116848.08428840585,0
6714,1042,740.4035369678536,Online,0,Karnataka,29,90523.85183137181,0
6715,1014,947.1156239608771,Online,0,Tamil Nadu,19,50538.26590622471,0
6716,1001,630.2110702065941,Online,0,Tamil Nadu,44,82250.81367190139,1
6717,1038,730.0575147504705,POS,0,Tamil Nadu,49,110313.93175196757,0
6718,1043,773.8712573672958,Online,0,Tamil Nadu,46,97352.16441551848,0
6719,1017,299.67356082529466,POS,0,Maharashtra,63,86824.43627937505,1
6720,1002,92.96814937420419,POS,0,Tamil Nadu,57,75667.51053933258,0
6721,1006,51.779106723210155,Online,0,Karnataka,57,117826.85855008972,0
6722,1042,383.1168188063177,POS,0,Maharashtra,61,129490.56607298048,0
6723,1017,279.3910167892553,POS,0,Tamil Nadu,50,113978.46082043301,1
6724,1043,109.20183879672636,POS,0,Delhi,46,141930.57985393878,0
6725,1037,220.5518778689834,Online,0,Maharashtra,50,121383.5539209127,0
6726,1036,168.27395335455043,Online,0,Tamil Nadu,53,78578.63076162044,0
6727,1032,919.1344615865019,Online,0,Karnataka,34,100177.95319010895,0
6728,1043,183.25385278621047,Online,0,Gujarat,27,85567.73597653116,1
6729,1030,560.7660407882952,Online,0,Tamil Nadu,18,91022.02860166419,0
6730,1010,613.4506573565563,Online,0,Delhi,60,136440.9823184757,0
6731,1003,566.314984823202,Online,0,Karnataka,34,59111.60711757587,0
6732,1017,144.10361250518858,Online,0,Maharashtra,59,21702.323293173402,0
6733,1003,352.85844366302365,Online,0,Karnataka,45,110434.08402124641,0
6734,1048,98.70681583999561,Online,0,Tamil Nadu,55,43531.77869065174,0
6735,1033,425.88641839150023,POS,0,Delhi,53,40050.2141178647,0
6736,1028,229.1689847080124,Online,0,Karnataka,62,149021.90705334468,0
6737,1023,583.5509066201608,POS,0,Karnataka,44,54680.78334003863,0
6738,1021,708.1679741566455,POS,0,Gujarat,60,46489.808743914065,0
6739,1001,555.5138671944712,Online,0,Gujarat,54,44827.82597267891,1
6740,1043,462.524861780826,Online,0,Tamil Nadu,63,73605.96020941496,0
6741,1005,417.9667498138578,POS,0,Maharashtra,42,73224.31741515623,0
6742,1041,849.6071796921535,Online,1,Maharashtra,51,102224.93515318882,0
6743,1024,258.39966181200657,Online,0,Delhi,20,33473.02979033237,0
6744,1020,747.5074225524254,POS,0,Tamil Nadu,46,102607.83828566743,0
6745,1015,769.608208503113,Online,0,Maharashtra,52,78972.27696255379,0
6746,1030,448.24000690719777,Online,0,Karnataka,60,46995.03214193105,0
6747,1013,332.43556926435735,POS,0,Tamil Nadu,58,121168.7372754166,0
6748,1038,497.0144117436765,POS,0,Karnataka,27,81628.17816855156,0
6749,1027,138.55322959806358,POS,0,Delhi,55,113217.9613634155,0
6750,1031,93.63353061763547,Online,0,Tamil Nadu,55,139674.04471692257,0
6751,1027,156.0230394792972,POS,0,Delhi,18,65942.62181851245,0
6752,1048,227.78777988911486,Online,0,Gujarat,18,136727.57827029465,0
6753,1008,528.9679793211408,Online,0,Delhi,49,46044.3928814793,0
6754,1044,856.6798043530661,Online,0,Gujarat,39,48876.955566607445,0
6755,1021,273.8602153997026,POS,0,Tamil Nadu,36,106280.6830952814,0
6756,1031,938.4039102094391,Online,0,Karnataka,52,33342.11769734261,0
6757,1004,957.1625134882532,Online,0,Karnataka,23,79121.4012065213,0
6758,1022,960.959374602945,POS,0,Karnataka,51,47798.19573628348,0
6759,1004,845.6845979425076,POS,0,Delhi,32,94211.32461987226,0
6760,1041,395.63378875783457,Online,0,Tamil Nadu,61,124886.92503175416,0
6761,1031,119.04971545249191,POS,1,Tamil Nadu,59,25515.17977628988,0
6762,1009,590.3777951781701,Online,0,Gujarat,62,73730.30245043496,0
6763,1038,580.747371740372,Online,0,Tamil Nadu,20,114987.43988108741,0
6764,1014,857.4769787541157,Online,0,Karnataka,54,64493.05936662569,0
6765,1006,996.1914983987999,POS,0,Tamil Nadu,39,25421.786837672567,0
6766,1028,532.7494412321403,POS,0,Gujarat,62,96879.44079760545,0
6767,1046,377.943829487795,Online,0,Tamil Nadu,46,35621.38775007271,0
6768,1002,226.60662597845365,Online,0,Tamil Nadu,31,68089.56132881288,0
6769,1018,54.5598335765022,Online,0,Karnataka,47,148769.3144877071,0
6770,1009,533.6580078644351,Online,0,Tamil Nadu,32,71742.59594462857,0
6771,1027,577.7427333674659,POS,0,Delhi,46,129571.40301606979,0
6772,1028,833.6915558265275,POS,0,Gujarat,31,131774.8104689287,0
6773,1014,529.3481194981605,POS,0,Gujarat,20,54168.05203371453,1
6774,1034,920.6449312327537,POS,0,Gujarat,39,97415.64738187421,1
6775,1005,646.6793027428637,POS,0,Tamil Nadu,50,143169.62630304787,1
6776,1011,848.319426310029,Online,0,Delhi,40,98823.24197841913,0
6777,1046,190.88664806735974,POS,0,Gujarat,24,125723.06352944268,0
6778,1037,862.569323787199,Online,1,Maharashtra,37,80133.1800065527,1
6779,1012,691.386661721656,Online,0,Karnataka,24,113512.56207815227,0
6780,1028,211.721380816414,POS,0,Maharashtra,34,22840.759138160935,0
6781,1018,230.2753802387103,POS,0,Maharashtra,49,122371.5496084524,0
6782,1002,930.1755880920102,Online,0,Gujarat,32,107340.42633663047,1
6783,1007,80.60459242785423,Online,0,Maharashtra,30,66650.33653879052,1
6784,1007,489.40819613092077,Online,0,Maharashtra,64,74208.16835174931,0
6785,1019,347.8015254373965,POS,0,Delhi,20,62459.807882142486,0
6786,1046,681.8235679985066,POS,0,Karnataka,42,88157.25615032902,1
6787,1003,847.6479181905423,POS,0,Tamil Nadu,49,34127.83244515613,1
6788,1020,392.3592154787411,POS,0,Gujarat,33,129838.94199870226,0
6789,1002,455.5569829566953,Online,0,Gujarat,18,82146.97820307226,0
6790,1044,982.8218952763435,POS,0,Maharashtra,63,25603.283182989016,0
6791,1007,794.7206841952426,Online,0,Tamil Nadu,20,91885.02631140374,0
6792,1022,902.3439243852018,POS,0,Tamil Nadu,37,140967.2276490446,0
6793,1015,466.8241096190483,POS,0,Tamil Nadu,45,31369.865788409807,0
6794,1012,272.3723937849095,POS,0,Gujarat,39,36015.03349773671,1
6795,1002,441.2702921171291,Online,0,Gujarat,53,70333.82679627577,0
6796,1047,730.2873219399378,Online,0,Delhi,58,115631.1538955282,0
6797,1008,153.95888459418035,POS,0,Gujarat,18,98600.85181979509,0
6798,1013,306.9456503356834,Online,0,Gujarat,31,79534.73374312534,0
6799,1012,94.30410543851087,Online,0,Delhi,62,149056.96582190093,0
6800,1006,460.730351421225,POS,0,Gujarat,32,44153.12681014236,0
6801,1014,836.0734491806326,POS,0,Maharashtra,49,126828.38334011303,0
6802,1006,73.43050388311026,Online,0,Maharashtra,35,36098.80361675221,0
6803,1037,691.5573504668077,POS,0,Delhi,55,43348.913415926974,0
6804,1033,935.8710807880526,Online,0,Delhi,39,58407.75452455679,0
6805,1040,275.08146843562315,Online,0,Maharashtra,33,133502.44345308232,0
6806,1021,708.9530986912657,POS,0,Tamil Nadu,28,77746.74479855155,0
6807,1023,976.3468060451903,Online,0,Gujarat,24,71452.1034683638,0
6808,1048,964.16415714484,POS,0,Karnataka,26,83794.35286737143,1
6809,1036,273.1827333776861,Online,0,Karnataka,18,102017.82316966564,0
6810,1043,145.31450055146524,Online,0,Delhi,59,75054.24184378097,1
6811,1000,190.86841100112014,Online,0,Karnataka,25,145129.11950430222,0
6812,1009,716.933885058035,Online,0,Tamil Nadu,28,37594.44827959601,0
6813,1042,739.4709316806118,Online,1,Karnataka,22,81836.61955604044,0
6814,1015,690.5247335467891,Online,1,Maharashtra,46,74006.29755389092,0
6815,1045,369.2744683551262,POS,0,Delhi,23,110051.88631184903,0
6816,1007,211.28809277021602,Online,0,Karnataka,29,145200.83683185844,0
6817,1048,601.7230373546405,Online,0,Gujarat,60,57493.67367267137,0
6818,1024,509.4964234699732,Online,0,Delhi,56,144192.44550812058,0
6819,1049,742.3924397661883,POS,0,Tamil Nadu,24,127600.95217259995,0
6820,1011,469.29207475134035,Online,1,Maharashtra,61,125362.12854333661,1
6821,1024,371.70770995214497,Online,0,Karnataka,29,29499.873448946433,0
6822,1016,328.8046484910637,Online,0,Maharashtra,50,142275.8488433911,1
6823,1025,250.8968040472592,POS,0,Tamil Nadu,36,129060.62003845903,0
6824,1045,302.45905737732835,POS,0,Karnataka,53,108995.80617493953,0
6825,1047,140.0889169018963,POS,0,Delhi,36,36621.701061597065,0
6826,1013,379.5141603824451,Online,0,Delhi,38,74604.84370626743,0
6827,1040,84.74132174481028,Online,0,Gujarat,36,129229.67326220621,0
6828,1035,227.09315480801047,Online,0,Tamil Nadu,60,76879.07895591034,0
6829,1022,759.4319223884577,POS,0,Karnataka,26,76739.17191059567,0
6830,1042,359.19553924279154,Online,0,Maharashtra,62,55116.35502494367,0
6831,1005,684.8251661284767,POS,0,Maharashtra,39,26654.47262103232,1
6832,1046,731.0399668174135,POS,0,Karnataka,36,86690.49569471371,0
6833,1004,602.1260755955078,Online,0,Tamil Nadu,54,120681.03416161495,0
6834,1042,960.7628542971285,Online,0,Tamil Nadu,28,38989.276159208166,0
6835,1024,70.3678732919576,POS,0,Maharashtra,42,136191.08374328807,0
6836,1017,751.720018058735,Online,0,Karnataka,52,92186.91805679227,0
6837,1012,960.8473117433876,POS,0,Karnataka,22,125598.85448111256,0
6838,1042,869.1581428852924,POS,0,Maharashtra,62,106715.18344171718,1
6839,1013,209.49805721476264,Online,0,Karnataka,48,37542.93105082834,1
6840,1027,360.47929093914547,Online,0,Karnataka,31,137856.98816387786,0
6841,1017,213.82924788264214,Online,0,Delhi,30,113359.4678697563,0
6842,1027,621.2429456239689,Online,0,Delhi,51,24625.268664618034,1
6843,1026,726.5785828805177,Online,0,Gujarat,51,95405.75103473995,0
6844,1031,351.22008089490527,Online,0,Gujarat,35,82416.40685483794,0
6845,1046,562.5312452850807,Online,0,Tamil Nadu,23,131690.02991136143,0
6846,1008,706.3745415676352,POS,0,Delhi,59,35962.03852666952,0
6847,1039,450.27282578049596,Online,0,Delhi,38,96809.72596785166,0
6848,1031,861.3147539326864,Online,0,Delhi,57,60336.40517753694,0
6849,1019,782.9724385234263,Online,0,Delhi,22,51930.45270911486,0
6850,1027,111.43226665804212,Online,0,Tamil Nadu,19,22929.595550494185,0
6851,1032,640.0690341362875,POS,0,Maharashtra,23,63189.68730049607,0
6852,1003,273.5592734117621,Online,0,Tamil Nadu,25,71492.46474475991,0
6853,1045,579.6423514339115,POS,0,Maharashtra,19,78212.27165274233,1
6854,1033,959.044020501318,POS,0,Gujarat,40,115513.81714597375,0
6855,1047,885.1089043246376,POS,0,Delhi,37,72460.51605852356,0
6856,1002,434.2905829593751,POS,0,Maharashtra,21,45381.18456901767,0
6857,1025,326.93816542713574,POS,0,Tamil Nadu,32,71759.0104496287,1
6858,1007,272.68545718784605,Online,0,Maharashtra,47,29043.450765297122,0
6859,1005,555.8891262686941,POS,0,Karnataka,37,146369.64980208874,0
6860,1015,158.5360305951535,POS,0,Gujarat,41,28610.343126967207,0
6861,1023,571.8112577218361,Online,0,Gujarat,26,46245.810955010194,0
6862,1047,51.26695751625242,POS,0,Delhi,38,75644.11273666425,0
6863,1038,357.6571492085526,Online,0,Delhi,55,141342.7578577809,1
6864,1029,258.93759813905217,Online,0,Tamil Nadu,58,43235.831217582425,1
6865,1044,972.6578504627429,Online,0,Maharashtra,30,71971.20382068181,0
6866,1012,740.88020359148,Online,0,Karnataka,22,148611.2175664276,0
6867,1004,382.1707114391258,POS,0,Gujarat,63,98266.19140208514,1
6868,1024,138.20283220408947,POS,0,Maharashtra,31,99895.82557601879,0
6869,1019,540.9605649560929,POS,0,Karnataka,24,146636.81776937962,0
6870,1017,252.7754872597402,Online,0,Maharashtra,23,85792.7647675143,0
6871,1046,559.60806860344,Online,0,Delhi,29,20332.89678945988,0
6872,1017,843.5942364699479,Online,0,Gujarat,63,24027.353650847486,0
6873,1001,635.0029244963162,POS,0,Karnataka,33,108581.75735386934,0
6874,1009,652.0989985677521,Online,0,Delhi,49,47496.459702483844,0
6875,1044,563.978774609671,POS,0,Tamil Nadu,59,82202.4956508884,0
6876,1049,930.9023509998387,POS,0,Tamil Nadu,28,91678.39331301655,1
6877,1046,935.3075501995731,Online,0,Delhi,21,106755.51465981729,0
6878,1011,537.0870410198745,Online,0,Karnataka,46,30887.064805442817,0
6879,1046,340.4715127863292,Online,0,Karnataka,51,118805.67870247355,1
6880,1012,486.6076555854717,Online,0,Gujarat,26,139621.8419454341,0
6881,1049,227.2300165858349,Online,0,Delhi,27,53246.919766033796,0
6882,1046,654.5270995521848,POS,0,Tamil Nadu,25,69457.9898746366,0
6883,1010,525.0877189931216,POS,0,Delhi,53,116696.36022500168,0
6884,1018,148.1354539226159,Online,0,Maharashtra,49,52297.28614803543,0
6885,1034,237.76539206363458,Online,0,Karnataka,62,90491.7933078104,0
6886,1038,505.6503583895505,Online,0,Maharashtra,23,105793.0887247726,0
6887,1025,893.2095411829154,POS,0,Tamil Nadu,23,134305.61491922138,0
6888,1045,588.0711845995426,POS,0,Karnataka,44,64897.54638017553,0
6889,1013,697.4582501980473,POS,0,Tamil Nadu,19,84044.27004361336,1
6890,1044,372.07712225671423,POS,0,Tamil Nadu,26,43997.922877349534,0
6891,1043,592.8408233920226,Online,0,Tamil Nadu,55,59989.362091301446,0
6892,1023,475.01083150616404,POS,0,Gujarat,22,32341.73105213532,0
6893,1040,676.1734169920027,POS,1,Tamil Nadu,51,45692.906853040215,0
6894,1000,98.04678777505985,Online,0,Tamil Nadu,31,65007.47255673426,0
6895,1042,518.6352054270112,Online,0,Maharashtra,27,75155.33694725216,0
6896,1021,331.1929938867686,POS,0,Maharashtra,64,111894.07613630923,0
6897,1022,359.8758082140138,Online,0,Maharashtra,24,79598.35976431734,0
6898,1018,962.8715599801584,Online,0,Karnataka,37,26376.38849379241,0
6899,1017,223.56007207581362,Online,0,Gujarat,28,118246.89922234157,1
6900,1011,345.68298994966705,POS,0,Karnataka,30,89263.58786629749,0
6901,1027,534.3979469443282,POS,0,Gujarat,34,142123.099691069,0
6902,1027,869.8756007421425,Online,0,Gujarat,54,102581.20838486751,0
6903,1032,445.8365790460519,Online,0,Delhi,61,89411.13452038995,0
6904,1018,756.6720168437625,POS,0,Delhi,53,58275.75204184977,1
6905,1027,863.5553933040622,POS,0,Delhi,50,50739.851174460564,0
6906,1048,344.5155380307565,Online,0,Gujarat,27,49904.391545993996,1
6907,1036,423.11267436177445,Online,0,Gujarat,51,72925.96740209838,0
6908,1025,388.72841250393844,POS,0,Karnataka,62,42278.284185027194,0
6909,1034,841.213018187025,Online,0,Gujarat,30,129747.27468032372,0
6910,1033,92.1295188559211,POS,0,Tamil Nadu,42,124675.66195206465,0
6911,1034,343.00003438724605,Online,0,Tamil Nadu,61,114750.19369812166,1
6912,1039,695.4381297153734,POS,0,Gujarat,50,26337.599950638854,0
6913,1015,587.1713245870756,Online,0,Tamil Nadu,27,29347.763165849,0
6914,1037,464.47489132900955,POS,0,Gujarat,41,102735.28668942716,0
6915,1012,562.9508158603152,Online,0,Delhi,22,117365.87604004834,1
6916,1022,237.70535653690237,Online,0,Gujarat,27,23473.07231251161,0
6917,1021,459.1807905276099,Online,0,Delhi,56,57765.02856730083,1
6918,1015,526.6178349675316,Online,0,Maharashtra,64,37716.81458482017,0
6919,1027,906.1296658568716,POS,0,Tamil Nadu,44,50066.26795217635,0
6920,1047,297.79340466377755,Online,0,Maharashtra,53,87389.01041674058,0
6921,1034,874.4370770566859,POS,0,Tamil Nadu,50,34201.81129091333,0
6922,1044,662.0293307846828,POS,0,Maharashtra,45,49878.43705073994,1
6923,1045,69.32378951422093,Online,0,Gujarat,57,93438.09133177884,0
6924,1007,738.3997700544239,POS,0,Maharashtra,60,86054.17963414705,0
6925,1043,83.77428367160233,Online,0,Tamil Nadu,20,131486.83196546778,0
6926,1021,997.5120704731224,POS,0,Karnataka,48,39575.36403015889,0
6927,1020,879.004853306638,Online,0,Tamil Nadu,46,68085.01563957876,0
6928,1025,332.47656016304336,Online,0,Karnataka,61,140166.76188024582,0
6929,1039,294.54066868687016,POS,0,Gujarat,62,123453.7731509133,0
6930,1020,412.36902800032846,POS,0,Tamil Nadu,61,97656.45306587922,0
6931,1024,388.3586170487209,Online,0,Maharashtra,59,119969.02893149065,0
6932,1040,403.720927466112,POS,0,Gujarat,38,78289.50156966918,0
6933,1000,352.3627188135064,Online,0,Tamil Nadu,49,138389.33296944865,0
6934,1005,640.0767365059148,Online,0,Gujarat,45,97955.33708863727,1
6935,1022,206.05048053459277,POS,0,Karnataka,38,110432.64905743238,0
6936,1022,853.6822278237125,Online,0,Gujarat,64,104758.19055396802,1
6937,1042,821.7823598297496,POS,0,Maharashtra,52,107459.38928993916,0
6938,1042,502.6590474625069,Online,0,Tamil Nadu,47,103338.19531482251,1
6939,1022,860.0934670146203,Online,0,Karnataka,64,29589.371378373085,0
6940,1031,284.78781652877865,Online,0,Gujarat,34,98500.3920441606,0
6941,1029,66.6871829187686,POS,0,Delhi,46,121841.92542573277,0
6942,1012,638.2475287783319,Online,0,Karnataka,19,20051.460029459955,0
6943,1042,485.0139366164796,Online,0,Karnataka,50,135917.85114600125,0
6944,1017,588.8063189810771,POS,0,Maharashtra,21,143790.3831155385,1
6945,1022,904.3724385674828,Online,0,Maharashtra,56,36664.74195018314,0
6946,1014,971.4292948876463,POS,0,Gujarat,42,89556.7865316664,0
6947,1032,652.7304827678229,POS,0,Delhi,22,34377.54368181591,1
6948,1020,775.8528103598164,POS,1,Karnataka,21,56791.02143906716,1
6949,1038,129.61801181280606,Online,1,Gujarat,46,100794.03128062347,0
6950,1022,202.67980564693033,POS,0,Delhi,54,59370.83690166209,0
6951,1026,746.5445647053277,Online,0,Gujarat,25,67521.51987792266,0
6952,1044,459.79718356860184,POS,0,Karnataka,37,116997.5353450275,0
6953,1043,473.6670068841854,Online,0,Gujarat,58,94747.81055899127,1
6954,1017,343.1772975536648,POS,0,Maharashtra,23,87345.82159333916,0
6955,1023,626.9885643038566,POS,0,Maharashtra,53,62142.55608110813,0
6956,1046,225.90679314539247,POS,0,Tamil Nadu,49,111539.63377440821,0
6957,1039,645.5704653482009,Online,0,Delhi,22,75115.66035976131,0
6958,1041,215.1089142784777,POS,0,Karnataka,57,136845.7907760076,0
6959,1006,110.63473297422792,Online,0,Delhi,37,98207.83300685805,0
6960,1049,363.83980426410795,Online,0,Maharashtra,62,89980.63807518,0
6961,1047,269.58332490935527,Online,0,Karnataka,21,124407.48403225227,1
6962,1019,894.5420566285158,Online,0,Tamil Nadu,56,83107.35328134018,0
6963,1026,102.20578117519527,Online,0,Maharashtra,39,56307.4828997342,0
6964,1005,217.7830079454167,Online,0,Maharashtra,50,40162.61134776428,0
6965,1026,571.283625303897,POS,0,Delhi,48,93036.40041686026,0
6966,1008,507.0138313050999,POS,1,Gujarat,58,75231.35811393872,0
6967,1044,93.55941745596647,Online,0,Delhi,46,71658.88049687009,0
6968,1030,56.889806614387254,Online,0,Maharashtra,22,65422.93466957374,0
6969,1020,988.6645448630924,POS,0,Delhi,27,107309.58806538541,0
6970,1025,675.8929653408962,POS,0,Gujarat,28,87469.53679538622,0
6971,1039,397.13582435647896,Online,0,Tamil Nadu,54,89841.02545975728,0
6972,1047,496.91063528007925,POS,0,Karnataka,39,60056.224163791005,0
6973,1044,303.2226144315726,Online,0,Maharashtra,41,99774.62718841518,0
6974,1012,377.6300945085493,POS,0,Delhi,38,72457.08968242971,0
6975,1048,666.5922439048032,POS,0,Maharashtra,53,120032.39217004266,0
6976,1022,888.6712089240021,POS,0,Karnataka,33,88838.97211437255,0
6977,1019,224.92352192712562,POS,0,Delhi,19,57628.82510204292,0
6978,1036,848.3434301160528,POS,0,Tamil Nadu,32,39204.85668618661,0
6979,1027,165.4787980423556,Online,0,Karnataka,58,110991.67983881972,1
6980,1016,254.24261240897164,Online,0,Gujarat,43,68243.74117164977,0
6981,1027,85.31652364716368,POS,0,Gujarat,47,28516.4539868248,0
6982,1040,183.77126898834948,Online,0,Maharashtra,19,138939.43126976897,0
6983,1001,921.437988190848,Online,0,Gujarat,46,70263.88003007561,0
6984,1024,486.4668092874596,POS,0,Delhi,23,116972.6236900395,1
6985,1049,123.78256868943588,Online,0,Gujarat,18,79658.9744409397,0
6986,1040,961.7404961370132,Online,0,Tamil Nadu,57,135820.39159303764,0
6987,1005,885.0426923707176,POS,0,Delhi,28,23779.392110825258,0
6988,1010,766.9483948247342,Online,0,Maharashtra,40,53722.886735239015,0
6989,1037,936.79915235018,POS,0,Maharashtra,43,90950.8747341729,0
6990,1005,259.122949793976,POS,0,Gujarat,48,62019.786129497355,0
6991,1044,844.550828359582,Online,0,Gujarat,32,116549.51197509418,0
6992,1010,705.4916365365908,POS,0,Maharashtra,26,109494.35886104322,0
6993,1013,876.2712870893039,Online,0,Delhi,51,23318.159335357428,0
6994,1001,807.0659874554983,Online,0,Karnataka,56,98066.6900427095,0
6995,1039,379.17031001798375,POS,0,Maharashtra,34,128665.23089636787,0
6996,1002,785.6786101663928,Online,0,Tamil Nadu,52,61030.860997531796,0
6997,1034,299.33348783564577,Online,0,Delhi,53,38116.662943261996,1
6998,1032,362.1625548766521,Online,0,Karnataka,20,115978.62126883968,1
6999,1023,152.51043136182733,Online,0,Karnataka,57,137055.5699836989,0
7000,1018,938.3227851814453,Online,0,Delhi,28,105397.54884683045,0
7001,1017,326.45319523026745,Online,0,Maharashtra,45,129985.67505268684,0
7002,1048,544.5913419128792,Online,0,Karnataka,45,149826.4505506962,0
7003,1023,421.766194642883,POS,0,Tamil Nadu,63,84920.19136448635,0
7004,1044,961.9317145543264,Online,0,Delhi,36,141587.532141314,1
7005,1034,368.2967123915583,POS,0,Gujarat,19,64767.08419060007,0
7006,1000,789.6185303515546,POS,0,Maharashtra,49,116934.29805238933,0
7007,1035,862.645346899621,Online,0,Delhi,61,137190.5985040613,0
7008,1024,463.8261726069176,POS,0,Tamil Nadu,28,87713.78426632148,0
7009,1044,409.26322373028466,POS,0,Karnataka,33,101440.75294771294,0
7010,1048,760.3585298859966,POS,0,Maharashtra,28,146164.19887948656,0
7011,1042,917.2511812909224,Online,0,Maharashtra,20,52653.39649495026,0
7012,1033,767.1851464186263,POS,0,Delhi,59,66277.1251290311,0
7013,1024,265.77004731227237,POS,0,Delhi,46,120395.96986929257,1
7014,1015,893.8923600658201,POS,0,Tamil Nadu,22,64326.14287169223,0
7015,1033,418.2025840649914,POS,0,Gujarat,45,85100.80394398907,0
7016,1028,597.4179411890376,POS,0,Delhi,48,26559.502551351135,0
7017,1018,839.8638383280755,POS,0,Delhi,30,93512.92527273516,0
7018,1022,228.9750290304676,Online,0,Delhi,42,101482.02562196588,0
7019,1018,795.2846288936755,POS,0,Tamil Nadu,23,30738.584991063173,0
7020,1024,616.3546580151436,POS,0,Karnataka,20,51707.28198639607,0
7021,1015,898.6745597362278,Online,0,Gujarat,39,76314.27827499982,0
7022,1008,213.3718817513658,Online,0,Tamil Nadu,58,121561.33807611669,0
7023,1000,449.64812518888203,POS,0,Delhi,56,22815.408335218253,0
7024,1041,841.2009382234955,POS,0,Karnataka,49,63075.43527235136,0
7025,1018,68.27011828392216,Online,0,Delhi,47,20636.036855541606,0
7026,1032,156.5912984273607,POS,0,Tamil Nadu,24,87766.71064311915,0
7027,1033,991.036952118898,POS,0,Maharashtra,42,84840.84223247526,0
7028,1015,316.37446966083303,Online,0,Delhi,19,118198.32927243155,0
7029,1043,976.7660340377557,POS,0,Karnataka,25,20509.546291833907,0
7030,1039,223.40497345824022,Online,0,Gujarat,50,118632.77044576692,0
7031,1017,393.0397208569688,POS,0,Maharashtra,45,135859.5185934492,0
7032,1033,765.2259722783921,POS,0,Delhi,27,61264.61540710213,1
7033,1024,674.8894868762695,Online,0,Delhi,55,63379.74366360646,1
7034,1044,602.0662799326028,Online,0,Karnataka,35,20138.991013023766,1
7035,1005,553.4042170147573,POS,0,Maharashtra,30,75784.67401025654,0
7036,1020,851.2684214815032,POS,0,Maharashtra,38,99691.82808472689,0
7037,1005,273.20113469172304,POS,0,Maharashtra,50,35950.33216914613,0
7038,1031,470.3473806438425,Online,0,Delhi,40,105431.43712845449,0
7039,1040,197.67967754863443,Online,0,Maharashtra,18,67546.54715504582,1
7040,1047,616.1445159441691,Online,0,Delhi,61,107489.72565494812,0
7041,1042,288.01720305775416,Online,0,Delhi,57,52642.646316417726,0
7042,1038,367.1499611262165,Online,0,Maharashtra,38,120704.02997202624,0
7043,1030,497.6881807923517,Online,0,Tamil Nadu,22,91350.87205823582,0
7044,1041,75.43205641797145,POS,0,Gujarat,52,89315.3422287146,0
7045,1009,137.34103912479577,Online,0,Gujarat,35,83460.62864267724,0
7046,1029,701.6327596728087,Online,0,Tamil Nadu,55,129456.73140688248,0
7047,1017,457.5214816816319,Online,0,Maharashtra,53,92053.1111436473,0
7048,1023,871.5507108999007,Online,0,Delhi,64,40747.90202331156,0
7049,1008,709.9384034619895,POS,0,Karnataka,46,101354.79181285878,0
7050,1030,57.695894564956326,Online,0,Tamil Nadu,43,86831.26289004255,0
7051,1014,635.876714228778,POS,0,Gujarat,53,28961.26621935331,0
7052,1003,139.0386227567306,Online,0,Gujarat,55,95540.52688382796,0
7053,1039,791.8865208009695,POS,0,Delhi,35,30320.01177219156,0
7054,1008,991.9323038645769,Online,0,Gujarat,46,114228.14137196404,0
7055,1044,554.638854529436,Online,0,Gujarat,48,105121.49921029613,0
7056,1008,698.6405251844238,Online,0,Delhi,59,84123.33560834611,0
7057,1025,275.44845285001395,Online,0,Maharashtra,30,117341.95863399215,0
7058,1003,465.7178565661039,POS,0,Gujarat,47,56496.53786763021,0
7059,1016,863.2905656245645,POS,0,Maharashtra,24,78035.40054896711,1
7060,1015,209.05180035893866,Online,0,Karnataka,57,21987.487130251222,0
7061,1014,302.258825333074,Online,0,Maharashtra,23,148478.13100270042,0
7062,1034,473.1619915217287,POS,0,Delhi,19,27313.09917159028,1
7063,1004,726.6364472518133,POS,0,Delhi,25,33579.185483636655,1
7064,1004,407.0897570558901,POS,0,Delhi,27,84335.12693830219,0
7065,1019,931.3456657938536,Online,0,Gujarat,61,68867.42553395584,0
7066,1014,139.73419870528323,POS,0,Tamil Nadu,60,89205.32781053732,0
7067,1017,402.26398766760514,Online,0,Gujarat,39,128551.48442560186,0
7068,1046,723.5064172570009,Online,0,Maharashtra,27,40620.68574798149,0
7069,1001,264.68742737841785,POS,0,Karnataka,52,103139.11116000492,1
7070,1028,673.5924775181893,Online,0,Karnataka,36,22344.601069202337,0
7071,1012,206.00611031597865,Online,0,Karnataka,21,122705.7972594919,0
7072,1003,103.18127061860207,POS,0,Karnataka,36,126031.83779524355,0
7073,1041,164.9649309112164,Online,0,Tamil Nadu,58,69319.11362818902,0
7074,1044,933.4855439774279,POS,0,Karnataka,37,42533.322406977095,0
7075,1009,574.1633387925738,POS,0,Gujarat,21,125437.93952882117,1
7076,1030,806.5284867056665,POS,0,Karnataka,43,138197.17462734744,0
7077,1040,366.02177585979865,Online,0,Delhi,20,29789.87196010079,0
7078,1007,613.0257154911743,POS,0,Maharashtra,47,95374.88058963102,0
7079,1002,520.204527019742,POS,0,Gujarat,53,141960.06410573103,0
7080,1047,948.4510614321792,Online,0,Tamil Nadu,58,103685.66238111237,0
7081,1045,760.1959042514048,Online,0,Gujarat,23,126641.62624990511,0
7082,1008,744.0154999217501,POS,0,Delhi,56,49876.853160508195,0
7083,1029,94.03560596256555,Online,0,Karnataka,44,33303.598533869124,0
7084,1010,572.1861855535066,Online,0,Karnataka,33,68904.43203368694,0
7085,1034,493.6418812067241,Online,0,Tamil Nadu,64,71364.3205020206,0
7086,1036,931.4501532758848,Online,0,Maharashtra,33,122206.47978163113,0
7087,1041,294.4748887800556,Online,0,Karnataka,63,72818.28257870334,0
7088,1012,306.3417806265396,POS,0,Tamil Nadu,53,50758.29307981539,0
7089,1035,440.7789364374254,POS,0,Karnataka,51,135224.26670257913,0
7090,1012,281.20122773605726,POS,0,Gujarat,56,121745.0634733327,0
7091,1011,172.724721918312,Online,0,Tamil Nadu,41,106749.21272729014,1
7092,1036,864.5441043182608,Online,0,Tamil Nadu,56,46924.64390256467,0
7093,1009,580.36269818372,POS,0,Tamil Nadu,23,46625.56356553381,0
7094,1008,868.2945830087384,POS,0,Karnataka,37,83876.17850594853,0
7095,1006,839.5780271335111,POS,0,Tamil Nadu,26,89019.70749574737,0
7096,1001,317.94023705018753,Online,0,Gujarat,38,53292.390915176366,0
7097,1022,570.3505721080603,POS,0,Maharashtra,28,36038.15210992649,0
7098,1038,129.05681760306692,Online,0,Maharashtra,47,67216.48293353527,1
7099,1039,919.4892898292205,POS,0,Delhi,18,75780.81848587526,0
7100,1038,434.04957931189546,POS,0,Gujarat,44,26830.431270455272,1
7101,1020,423.9923746945703,Online,0,Gujarat,23,93403.17922956278,0
7102,1022,337.61760208705556,Online,0,Tamil Nadu,60,20261.386681878343,1
7103,1028,487.63055747516864,POS,0,Delhi,24,39652.48401222222,0
7104,1013,289.17141721817563,POS,0,Gujarat,39,39104.74765372764,0
7105,1025,406.1096591569643,POS,0,Gujarat,51,109382.09728469035,0
7106,1004,809.9496961556378,Online,0,Gujarat,37,83165.92560300832,0
7107,1030,842.5427284059133,Online,0,Karnataka,62,128684.72018829097,0
7108,1024,338.9733537470903,POS,0,Gujarat,62,54430.32374158174,0
7109,1030,495.5637090251485,POS,0,Karnataka,32,47374.669288151854,0
7110,1049,880.1287874660496,POS,0,Gujarat,64,124376.36178081484,0
7111,1019,100.03966523821228,Online,0,Maharashtra,26,77746.53111570136,0
7112,1043,894.6877138959961,POS,0,Karnataka,35,55649.98236426107,0
7113,1016,258.2251283697151,POS,0,Karnataka,63,74373.77355650082,0
7114,1044,694.612282003657,Online,0,Tamil Nadu,63,75285.55821932899,0
7115,1001,603.4241115653703,POS,0,Gujarat,53,94373.99553453097,0
7116,1024,575.2937107797895,POS,0,Delhi,63,24896.622921313217,1
7117,1012,866.3922135151803,Online,0,Delhi,59,52233.37498318775,0
7118,1038,146.4935364624282,Online,0,Delhi,47,80696.23094452583,0
7119,1027,379.67662405935425,POS,0,Delhi,28,90498.09863682742,0
7120,1041,561.3401090275273,Online,0,Maharashtra,50,40638.22874449134,0
7121,1005,820.7244112487377,Online,0,Delhi,63,45170.91566161085,0
7122,1002,255.62092924108794,Online,0,Tamil Nadu,57,114588.37984878792,0
7123,1034,812.7833493055624,Online,0,Delhi,23,122122.43096449647,0
7124,1017,429.65655836923895,Online,0,Tamil Nadu,60,29768.52439321551,0
7125,1010,229.46816361201064,Online,0,Karnataka,63,148710.40883613154,0
7126,1019,771.0371184213085,Online,0,Gujarat,56,76306.1006701242,0
7127,1004,136.35395640082044,POS,0,Delhi,39,96147.6220345887,0
7128,1018,539.0290053716708,Online,0,Tamil Nadu,56,97174.61239779636,0
7129,1021,110.68199466879399,Online,0,Tamil Nadu,36,64982.828905566996,0
7130,1018,388.5969623998982,Online,0,Gujarat,39,90822.77935295014,0
7131,1046,621.022959056073,Online,0,Karnataka,48,95842.2703221469,1
7132,1015,578.3097644128525,POS,0,Delhi,59,118899.16578889031,0
7133,1023,434.4226470094332,POS,0,Tamil Nadu,42,106033.01592657247,0
7134,1040,457.5955942735099,Online,1,Delhi,58,78068.02543363991,0
7135,1003,265.4310756832282,POS,0,Maharashtra,47,44872.97952421381,0
7136,1014,483.08845900289776,POS,0,Tamil Nadu,62,23270.80267395944,0
7137,1024,955.5921129347926,POS,0,Karnataka,21,104741.00704283181,1
7138,1043,857.9302718946009,POS,0,Gujarat,43,82101.63283584433,0
7139,1034,187.97122562252662,POS,0,Tamil Nadu,24,145518.21848141786,1
7140,1013,78.2917479548749,Online,0,Maharashtra,57,32781.19255877021,0
7141,1048,936.8480970807991,Online,0,Gujarat,29,29441.015882995387,0
7142,1018,550.4122623867103,Online,0,Karnataka,18,43566.2021224966,0
7143,1037,560.9459319918424,POS,0,Delhi,23,68988.40399540233,0
7144,1035,791.6820959211963,Online,0,Delhi,18,42772.70750988592,0
7145,1006,348.9545251777602,POS,0,Tamil Nadu,25,80299.99140134235,1
7146,1029,507.81219039420205,Online,0,Gujarat,61,64162.03033871599,0
7147,1018,970.2297674894007,Online,0,Maharashtra,50,149934.0876459054,0
7148,1048,688.5412525857868,Online,0,Maharashtra,21,145671.4103060256,0
7149,1024,196.05778039599664,Online,0,Karnataka,57,67426.06561786102,0
7150,1015,176.56541058513562,POS,0,Gujarat,23,122972.92914002524,0
7151,1046,244.05152041635512,Online,0,Gujarat,62,51414.196283678786,0
7152,1039,778.3760906996816,Online,0,Delhi,20,27507.063243157107,0
7153,1007,330.60815364858524,POS,0,Karnataka,32,25263.446069101952,0
7154,1017,70.3194043413258,POS,0,Karnataka,23,23793.021286058993,1
7155,1027,946.9656453303787,Online,0,Karnataka,23,115671.56839166927,1
7156,1015,211.22774557516513,Online,0,Gujarat,54,64488.9476570575,0
7157,1018,59.08027684066515,POS,0,Delhi,44,127098.53785116677,0
7158,1041,275.27502226415686,POS,0,Karnataka,59,133598.4117114373,0
7159,1016,273.277347762227,Online,0,Delhi,58,59715.68776987938,0
7160,1044,450.9049883034369,POS,0,Karnataka,63,57588.66887832558,0
7161,1012,924.370339925035,POS,0,Gujarat,22,60030.64674269296,1
7162,1006,885.225671890143,Online,0,Delhi,56,81808.33080782267,0
7163,1026,484.04982723330653,Online,0,Tamil Nadu,34,22072.818063860173,0
7164,1009,440.3549097422162,Online,0,Karnataka,40,21409.548781221365,1
7165,1033,577.2586321511087,POS,0,Gujarat,34,115611.87995248838,1
7166,1035,281.28131137317746,Online,0,Delhi,58,125067.08827412297,0
7167,1024,99.5757423680447,Online,0,Maharashtra,40,46536.53765796569,0
7168,1005,942.2629293626463,Online,0,Gujarat,56,97204.01844197461,0
7169,1023,227.3640356333141,POS,0,Gujarat,50,48081.01380136151,0
7170,1017,238.48069278343058,Online,0,Maharashtra,19,115447.7436674198,0
7171,1022,498.83731241125025,Online,0,Maharashtra,27,74667.23783979287,0
7172,1005,517.0326775983142,POS,0,Tamil Nadu,36,126958.12576678307,0
7173,1028,67.51249921570485,POS,0,Tamil Nadu,57,143310.13576814812,1
7174,1024,190.55700183527216,Online,0,Tamil Nadu,26,92208.75420067328,0
7175,1016,409.24707763270465,Online,0,Gujarat,32,137086.77732494654,0
7176,1045,699.5441588350121,Online,0,Gujarat,60,24392.85842098067,0
7177,1023,266.9975339903391,POS,0,Gujarat,41,80149.86571537095,0
7178,1010,451.8637239296745,Online,0,Tamil Nadu,29,85454.43723001011,0
7179,1025,579.4778114806435,Online,0,Delhi,39,74055.63531195278,1
7180,1033,894.1628698921274,POS,0,Gujarat,35,60929.49532334418,0
7181,1027,359.76697721076715,POS,0,Gujarat,19,113985.07684340983,0
7182,1002,176.88035257030936,Online,0,Gujarat,32,91848.68853573884,0
7183,1010,514.8086146027279,POS,0,Tamil Nadu,59,30714.13061092172,0
7184,1037,759.385521599859,Online,0,Karnataka,56,143592.62524763646,1
7185,1013,154.36676920009677,Online,0,Tamil Nadu,26,135377.24825430993,0
7186,1025,453.4493171121124,POS,0,Karnataka,39,65950.88537571506,0
7187,1047,66.89588419935926,POS,0,Tamil Nadu,34,52005.596060523865,0
7188,1020,81.88122256488857,POS,0,Delhi,31,101701.36141487637,0
7189,1038,508.8056950558323,POS,0,Delhi,48,25629.98933250757,1
7190,1029,333.28743324338296,Online,0,Gujarat,58,84479.16889492027,0
7191,1007,852.8519340551416,POS,0,Tamil Nadu,24,107441.29431306302,0
7192,1019,622.0465908201315,POS,0,Karnataka,64,72869.08413953132,0
7193,1047,481.23631365584083,Online,0,Karnataka,52,146397.9010434268,0
7194,1031,437.5386025015815,Online,0,Delhi,51,113452.44095533514,0
7195,1021,522.3832061800852,Online,0,Gujarat,20,141428.678089834,0
7196,1006,88.41688965202827,POS,0,Karnataka,19,138025.85545418263,0
7197,1008,898.1536885996269,Online,0,Tamil Nadu,62,37120.63078061791,0
7198,1044,998.3879979472604,POS,0,Gujarat,44,106921.79813458366,0
7199,1000,222.41276861576372,POS,0,Tamil Nadu,62,97569.34043205701,0
7200,1028,164.36381653588876,POS,0,Tamil Nadu,19,27127.994816726507,0
7201,1007,186.39859027616546,POS,0,Delhi,58,61325.32331189775,0
7202,1003,677.9757053226488,Online,0,Tamil Nadu,22,89495.20708854047,0
7203,1034,678.368796528236,Online,0,Maharashtra,38,91260.08643059083,0
7204,1002,855.5279541644904,Online,0,Gujarat,24,125830.09401746736,0
7205,1044,764.2350690049406,Online,0,Maharashtra,42,96392.87250249542,0
7206,1039,477.2051897008727,Online,0,Tamil Nadu,62,80645.84337209101,0
7207,1006,632.2125934870529,POS,0,Tamil Nadu,18,117754.72209606931,0
7208,1026,703.8704368496075,POS,0,Delhi,26,94215.69594180038,0
7209,1000,537.099646770964,POS,0,Delhi,19,134888.3580512916,0
7210,1026,501.86843522905485,POS,0,Delhi,20,137710.55548088177,0
7211,1015,662.8425733605206,Online,0,Delhi,61,98570.4144068622,0
7212,1037,579.6008215268711,POS,0,Karnataka,54,93363.62732190258,0
7213,1006,661.7451900691149,POS,0,Delhi,61,111166.41422950974,0
7214,1043,632.2120352651957,POS,0,Tamil Nadu,21,114316.64021324842,0
7215,1022,733.236732487972,POS,0,Tamil Nadu,38,114531.93262474872,0
7216,1040,660.6633333437322,POS,0,Gujarat,43,100691.84487797816,1
7217,1010,543.7553621154038,POS,0,Maharashtra,61,119165.76902229676,1
7218,1041,697.7069707201672,Online,0,Karnataka,54,38735.025886575444,1
7219,1032,477.0078669261566,Online,0,Karnataka,31,126791.58651196667,0
7220,1049,279.587664673971,POS,0,Gujarat,63,60356.21347399957,0
7221,1035,51.34730912721969,POS,0,Gujarat,27,135139.40740774802,1
7222,1036,581.965939788551,POS,0,Delhi,43,37137.412072955856,0
7223,1040,611.122465278209,POS,0,Gujarat,27,20468.403721603812,0
7224,1016,973.4465165369286,POS,0,Karnataka,54,22037.44082777198,0
7225,1034,393.4044173895618,Online,0,Maharashtra,35,47320.787667408236,0
7226,1047,424.42658068689616,Online,0,Maharashtra,44,34790.70112844936,0
7227,1004,241.70960227508073,POS,0,Karnataka,34,92008.66421932931,0
7228,1047,117.00758047545581,Online,0,Delhi,27,78293.83753002773,0
7229,1031,784.1642682186535,POS,0,Maharashtra,28,98786.8594544697,0
7230,1002,287.19701112235873,POS,0,Maharashtra,64,45045.41930465851,0
7231,1046,628.459617978536,Online,0,Delhi,41,117999.07151193066,1
7232,1034,703.3843837682075,Online,0,Maharashtra,36,99360.96150189453,0
7233,1013,497.67485292706533,Online,0,Tamil Nadu,61,48755.2592933528,1
7234,1047,882.534507375832,Online,0,Karnataka,33,71860.24734953418,1
7235,1030,471.6050989307423,POS,0,Maharashtra,40,113366.71161682272,0
7236,1030,320.66319188967685,Online,0,Maharashtra,29,108448.18754313482,0
7237,1016,901.2147468135412,Online,0,Delhi,36,93103.98532477755,0
7238,1023,868.4860700374586,Online,0,Maharashtra,42,147272.32927529304,0
7239,1022,205.83794972259236,POS,0,Delhi,20,37136.937551136514,0
7240,1017,74.6629674362249,POS,0,Karnataka,30,83476.27711465332,0
7241,1049,135.48627853213964,POS,0,Tamil Nadu,38,101124.5229698155,1
7242,1013,322.2200286261262,Online,0,Gujarat,39,149223.372975628,1
7243,1049,973.6468116546251,Online,1,Karnataka,64,90536.76428877718,0
7244,1014,580.5903455027837,Online,0,Maharashtra,46,77508.15793629177,0
7245,1014,404.59864542780537,POS,0,Tamil Nadu,60,139897.94056427802,0
7246,1005,894.2802898821091,Online,0,Gujarat,42,85829.79526577843,0
7247,1026,480.47951490457467,Online,0,Gujarat,40,142099.58638998825,0
7248,1014,349.4766969809701,POS,0,Maharashtra,29,117553.20421369476,0
7249,1049,944.1585523083745,Online,0,Gujarat,40,41825.66664538781,0
7250,1035,857.0417828830441,Online,0,Gujarat,22,41770.53636501079,0
7251,1007,851.4849566484689,Online,0,Karnataka,46,61336.589904519045,1
7252,1014,536.6705058977025,Online,0,Karnataka,22,28796.581782479174,0
7253,1002,799.9664788746823,POS,0,Gujarat,56,90530.31041836154,0
7254,1046,220.38569130132427,POS,0,Delhi,52,131766.50554908696,0
7255,1012,594.5618096784315,POS,0,Maharashtra,52,72003.20170069236,1
7256,1040,984.6536267051684,Online,0,Delhi,34,104281.16304759643,1
7257,1033,326.41050899206357,Online,0,Delhi,47,147592.70005602576,0
7258,1023,804.6347127852914,POS,0,Gujarat,19,45185.464313599834,1
7259,1039,515.9544868476639,Online,0,Maharashtra,32,66548.55352394315,0
7260,1031,87.81539906098297,POS,0,Delhi,40,23248.673947784348,0
7261,1031,774.868427924884,POS,0,Karnataka,59,50146.2188713183,0
7262,1029,210.14068717250714,Online,0,Karnataka,43,121324.53424708526,0
7263,1048,649.8998887761127,POS,0,Maharashtra,28,105356.72934503686,0
7264,1012,131.38098434462427,POS,0,Delhi,41,121895.07971201946,0
7265,1000,949.5240276211666,POS,0,Tamil Nadu,26,75290.7580231512,0
7266,1033,327.13769282134285,POS,1,Tamil Nadu,31,115632.35740792286,0
7267,1014,265.14145709352516,POS,0,Maharashtra,41,97942.4212084263,0
7268,1043,172.6795838630176,POS,0,Maharashtra,24,62694.378802624524,0
7269,1013,948.7020836720953,Online,0,Tamil Nadu,27,73612.4859004346,0
7270,1028,726.3085553192399,POS,0,Delhi,50,90372.96146069087,0
7271,1033,754.5778442821842,POS,0,Delhi,50,144336.52270301885,0
7272,1017,524.4343333112324,Online,0,Gujarat,63,141077.07286160416,0
7273,1006,500.99139600695923,Online,0,Maharashtra,44,148242.06418660207,0
7274,1028,154.5201808419028,POS,0,Delhi,25,22133.524350199754,0
7275,1030,581.8490408047921,Online,0,Tamil Nadu,31,113233.37848617989,0
7276,1024,284.5706703533509,Online,0,Tamil Nadu,24,136305.20866923963,1
7277,1037,978.2880661603855,POS,0,Karnataka,35,116107.13132892571,0
7278,1013,806.75189301439,Online,0,Delhi,43,74132.10552980502,0
7279,1007,442.3424571832432,POS,0,Gujarat,58,114222.92564071593,0
7280,1026,193.77419575695637,POS,0,Gujarat,32,77737.32694410294,0
7281,1001,796.0651065818448,POS,0,Maharashtra,50,112845.43298276747,0
7282,1016,165.9510787272502,POS,0,Karnataka,28,121445.6071693438,1
7283,1036,229.86706582221697,Online,0,Tamil Nadu,36,129614.99984756601,0
7284,1013,250.94449185701606,POS,0,Tamil Nadu,59,114643.17273653879,0
7285,1024,579.0461063594397,Online,0,Maharashtra,35,40802.44937012781,0
7286,1029,797.7038212908479,Online,0,Gujarat,39,141716.11926681822,0
7287,1028,348.5991347884576,POS,0,Gujarat,53,47740.683197204,0
7288,1019,130.43632356152494,POS,0,Tamil Nadu,35,66483.92982589448,0
7289,1020,491.3115403481982,Online,0,Maharashtra,35,75784.0767755904,0
7290,1021,760.7047291019387,POS,0,Delhi,39,112613.70362212721,0
7291,1034,260.5806509330189,POS,0,Karnataka,42,111160.7471800427,0
7292,1036,258.9283206374055,POS,0,Gujarat,61,145024.18097994546,0
7293,1015,949.8656759793753,Online,0,Gujarat,48,44506.57362560446,0
7294,1049,956.446040763219,Online,0,Gujarat,26,78594.84127199103,1
7295,1048,990.9424454584976,Online,0,Delhi,55,46485.22417283817,0
7296,1042,817.2766214960411,Online,0,Delhi,36,107433.14185496043,0
7297,1016,228.77496070954828,POS,0,Karnataka,42,47694.01293649807,0
7298,1015,251.3824447592983,POS,0,Gujarat,32,132826.1122165678,0
7299,1001,373.2139794462724,Online,0,Tamil Nadu,22,147756.2698952502,0
7300,1003,352.2259047668163,Online,0,Gujarat,28,61189.225303486724,0
7301,1020,958.7013616241086,Online,0,Karnataka,30,116117.04537963643,0
7302,1038,799.6202837376089,Online,0,Karnataka,51,89264.0971538809,0
7303,1033,737.8083525534762,Online,0,Tamil Nadu,25,66706.28719465673,1
7304,1029,226.66506285522522,POS,0,Delhi,42,44859.44352829039,0
7305,1005,914.0492813942132,Online,0,Tamil Nadu,44,113497.05226200628,0
7306,1016,836.4768605308651,Online,0,Karnataka,28,40636.59768910034,0
7307,1038,205.45974926152752,POS,0,Tamil Nadu,35,56482.876880914344,1
7308,1024,877.6118153629238,POS,0,Gujarat,27,139549.4996982616,0
7309,1004,308.6351595519477,POS,0,Karnataka,50,86087.39489471728,0
7310,1004,126.82625854050075,Online,0,Delhi,53,131030.99850471514,0
7311,1019,673.9811911884996,POS,0,Delhi,34,119780.72606650209,0
7312,1015,671.114426415114,Online,0,Tamil Nadu,22,68911.06156468627,0
7313,1040,140.18540908733718,Online,0,Tamil Nadu,40,48343.17911358959,0
7314,1036,352.90921848975324,POS,0,Tamil Nadu,20,32988.39941431677,0
7315,1039,993.1737391427616,Online,0,Gujarat,56,144881.61949130578,1
7316,1008,694.5053336583001,Online,0,Delhi,54,62211.16849958651,0
7317,1004,743.5714082731627,POS,0,Karnataka,27,107504.91424961839,1
7318,1041,252.2714213240904,POS,0,Karnataka,44,114938.77109926575,0
7319,1001,124.8429674537186,POS,0,Delhi,24,45698.795304044135,1
7320,1008,313.0566052538908,POS,0,Tamil Nadu,46,110194.37882023626,0
7321,1042,286.45346593353236,POS,1,Maharashtra,56,21210.44238435423,0
7322,1035,272.81689571065044,POS,0,Tamil Nadu,23,74366.3724833958,0
7323,1021,233.11660579268758,POS,0,Delhi,26,65552.91732394298,0
7324,1021,596.0179061226341,POS,0,Gujarat,25,141265.78745017698,0
7325,1021,361.69830204973067,POS,0,Tamil Nadu,31,148183.26564162166,0
7326,1033,829.3277642951539,POS,0,Karnataka,55,57431.88586650186,0
7327,1028,224.7500469550148,Online,0,Gujarat,26,99300.43591130611,0
7328,1037,491.3957173251173,Online,0,Delhi,28,116878.52307455942,1
7329,1045,62.974944604775985,Online,0,Maharashtra,28,44843.20812392962,0
7330,1032,507.5982063324324,POS,0,Tamil Nadu,57,109259.36314092831,0
7331,1017,103.04630983265068,Online,0,Gujarat,52,53501.06863661667,0
7332,1006,978.8373362790114,Online,0,Gujarat,28,41951.65691977245,0
7333,1000,801.0625222178923,Online,0,Karnataka,53,130587.89560051187,0
7334,1032,515.6059028046326,Online,0,Tamil Nadu,20,85322.28975808862,0
7335,1000,132.25799027038275,Online,0,Maharashtra,62,58605.2962977551,1
7336,1023,612.8231687508936,POS,0,Gujarat,36,72610.51987288045,0
7337,1003,770.8255631667837,POS,0,Karnataka,25,73712.20954309485,0
7338,1003,231.18139035450804,POS,0,Tamil Nadu,45,120104.4710063701,0
7339,1017,589.7979237481163,Online,0,Tamil Nadu,18,135278.5508932062,1
7340,1026,823.5003534637245,Online,0,Maharashtra,57,81836.16654218925,0
7341,1042,779.8353887640005,POS,0,Karnataka,47,61975.2034093659,0
7342,1031,812.8424169737953,POS,0,Maharashtra,58,114544.4047933857,0
7343,1032,885.3572536262338,POS,0,Gujarat,55,137690.46371821087,1
7344,1027,940.7979970514967,Online,0,Delhi,28,34831.06018743911,0
7345,1041,435.24509744335916,POS,0,Delhi,46,123585.53672709074,0
7346,1040,590.3306473967334,POS,0,Maharashtra,48,92432.33698930065,1
7347,1035,801.1265497433303,POS,0,Maharashtra,27,132788.66378681632,0
7348,1005,712.282823248494,POS,0,Delhi,52,86833.64223076552,1
7349,1015,995.7442168511599,POS,0,Gujarat,57,132134.85218207393,0
7350,1033,62.99376854941193,Online,0,Maharashtra,46,92082.92136682147,0
7351,1022,387.3765545500011,Online,0,Gujarat,54,38834.69407162255,0
7352,1049,316.97652995669233,POS,0,Gujarat,19,20642.95022079268,0
7353,1041,299.20005765725784,Online,0,Karnataka,18,100601.78590053644,1
7354,1023,261.4032933739415,POS,0,Gujarat,49,96974.48740955518,0
7355,1048,723.6676487744676,POS,0,Tamil Nadu,41,47329.101531806875,0
7356,1012,130.52149961155575,Online,0,Delhi,19,130582.10761766553,0
7357,1017,754.5283922461714,Online,0,Delhi,20,132808.83340808543,0
7358,1012,708.7545499154597,Online,0,Maharashtra,26,124543.21058274877,0
7359,1048,288.26392587585156,Online,0,Maharashtra,41,141756.2705794795,0
7360,1036,290.1920940069032,POS,0,Karnataka,29,85866.2268254492,1
7361,1042,647.417556077277,Online,0,Karnataka,51,111299.84200206822,0
7362,1038,774.0625502094939,POS,0,Tamil Nadu,51,137580.68916973902,0
7363,1041,882.6613324329973,POS,0,Maharashtra,40,79312.24832521415,0
7364,1016,859.532585661752,POS,0,Delhi,36,100395.60368866722,0
7365,1014,966.6388444556605,POS,0,Tamil Nadu,49,86662.70059148097,1
7366,1017,602.3156505696857,POS,0,Maharashtra,45,147822.78438806275,1
7367,1022,913.2227832733416,Online,0,Tamil Nadu,43,76891.80845609271,0
7368,1029,818.0876095973903,POS,0,Gujarat,62,61214.1392927421,0
7369,1033,899.9342430983129,Online,0,Gujarat,29,101852.07040562478,0
7370,1003,61.045271221098304,POS,0,Tamil Nadu,60,56490.44219712667,0
7371,1002,967.6078422725204,Online,0,Maharashtra,48,131483.69912196716,0
7372,1006,499.8536547041544,Online,0,Gujarat,28,135990.82663825917,1
7373,1017,808.2738400961008,POS,0,Gujarat,57,64859.152269165446,0
7374,1041,170.8439133708918,POS,0,Tamil Nadu,21,66588.06902908342,0
7375,1006,426.14404102327535,Online,0,Gujarat,35,31261.419739839155,0
7376,1039,307.88762986994135,POS,0,Delhi,46,53265.59174704834,0
7377,1005,327.0758319758902,POS,1,Gujarat,64,28826.953302229485,1
7378,1021,167.09283895333766,Online,0,Tamil Nadu,56,118440.21172273281,0
7379,1000,815.4756409158566,Online,0,Gujarat,64,43441.465746390124,0
7380,1003,58.78019885202425,POS,0,Gujarat,48,30261.690858767324,1
7381,1045,346.8801841359424,POS,0,Karnataka,45,41362.022613485824,0
7382,1048,215.69001605559427,POS,0,Tamil Nadu,44,69053.32592065717,0
7383,1049,609.5869935779235,POS,0,Tamil Nadu,47,74924.13965853065,1
7384,1042,291.5397824838167,Online,0,Karnataka,59,136815.22882986054,0
7385,1028,296.0485318016947,Online,0,Karnataka,28,56349.40020902775,1
7386,1020,513.9212367955528,POS,0,Delhi,31,113304.51359352453,1
7387,1025,670.0545873738794,Online,0,Gujarat,21,136338.3455724765,0
7388,1013,165.23946933690544,Online,0,Maharashtra,53,131371.07762524614,0
7389,1008,216.73587984222135,Online,0,Maharashtra,18,45865.984360538,0
7390,1046,284.81600736479174,Online,0,Karnataka,61,56363.600181801216,0
7391,1011,975.0608034120625,Online,0,Tamil Nadu,56,27078.186739906763,0
7392,1041,427.2948749457743,Online,0,Tamil Nadu,54,82827.79070817992,0
7393,1005,619.0405860994751,Online,0,Delhi,50,72686.31580575963,0
7394,1019,279.465672080179,POS,0,Maharashtra,38,90889.48838469159,0
7395,1023,515.9365488996135,POS,0,Tamil Nadu,41,79524.07619167978,0
7396,1026,120.41321566666015,Online,0,Delhi,57,115653.9170750709,1
7397,1037,83.00503862621059,Online,0,Delhi,30,107078.72704805245,1
7398,1007,495.2968504803872,Online,0,Karnataka,51,75718.40930556832,0
7399,1000,428.7263231424915,Online,0,Maharashtra,55,24919.631606013987,0
7400,1048,180.0363037072363,Online,0,Delhi,46,64694.45365389475,0
7401,1048,703.221357474697,POS,0,Delhi,53,62143.627808845966,0
7402,1023,993.2583163543012,Online,0,Delhi,57,31616.540573377068,0
7403,1046,425.86448013687686,POS,0,Maharashtra,64,59550.51526617885,0
7404,1006,643.3307041215247,POS,0,Karnataka,22,148357.50504576165,0
7405,1018,964.8271452462614,Online,0,Gujarat,37,126762.68923986795,0
7406,1021,839.9582238245315,Online,0,Tamil Nadu,46,124212.9781279584,1
7407,1034,490.3746121375515,Online,0,Maharashtra,28,129629.57704961453,0
7408,1029,750.6150102369234,POS,0,Maharashtra,25,132456.63916808984,1
7409,1028,171.72828823799782,POS,0,Maharashtra,45,62296.23019378323,0
7410,1021,536.4986626906093,POS,0,Gujarat,58,61893.91146417468,0
7411,1010,315.1072633209397,Online,0,Tamil Nadu,35,63738.33004177342,0
7412,1019,203.10550350135304,Online,0,Tamil Nadu,47,126410.84658896335,0
7413,1028,454.96686094180814,Online,0,Delhi,31,123650.69166390275,0
7414,1040,174.4638267119337,Online,0,Delhi,26,22197.363750313598,0
7415,1041,714.0358527657613,Online,0,Karnataka,27,143393.05960512144,0
7416,1033,483.42804185066876,Online,0,Maharashtra,42,57123.573921371106,1
7417,1000,554.5874009364306,POS,0,Karnataka,44,101398.22068041965,0
7418,1030,189.05714173474917,POS,0,Maharashtra,19,103188.94279750122,1
7419,1029,182.78307803881975,Online,0,Tamil Nadu,20,34739.94301374953,0
7420,1047,604.2446634971178,Online,0,Karnataka,46,110447.42477544102,0
7421,1017,985.7592604379739,POS,0,Tamil Nadu,54,89365.264471009,0
7422,1016,141.43805407583932,POS,0,Delhi,44,99417.700857029,0
7423,1037,321.4448571374922,POS,0,Tamil Nadu,21,78100.30223198188,1
7424,1013,875.9861607109932,Online,0,Gujarat,52,124567.13596322857,0
7425,1022,118.65841164247509,POS,0,Karnataka,44,102570.88421997917,0
7426,1024,882.0914352986038,POS,0,Maharashtra,36,45080.628757345614,0
7427,1014,548.0716842060136,POS,0,Tamil Nadu,27,117854.28898934818,0
7428,1045,437.85343523010454,POS,0,Karnataka,43,85333.1102194903,0
7429,1021,344.19653613388306,POS,0,Maharashtra,24,24845.713749703384,0
7430,1002,332.2613002214498,Online,0,Karnataka,44,71329.71692433498,0
7431,1018,340.51245332700483,Online,0,Karnataka,47,72224.54417305373,0
7432,1043,890.562926912186,POS,0,Gujarat,29,124186.35814398302,1
7433,1033,737.6054686660462,Online,0,Tamil Nadu,57,50415.67014375038,0
7434,1034,686.236857439593,Online,0,Gujarat,22,78829.5770296368,0
7435,1049,808.8116915044008,POS,0,Delhi,30,27072.884901281937,0
7436,1000,294.25892985393773,Online,0,Karnataka,58,134587.17496311993,1
7437,1020,637.140671477668,Online,0,Tamil Nadu,21,77697.22325787187,0
7438,1028,487.0629270100534,POS,1,Delhi,19,131357.1353285723,0
7439,1005,793.3195534401838,POS,0,Delhi,54,108040.79356102465,0
7440,1036,343.79330494962124,Online,0,Gujarat,51,61580.905468721736,0
7441,1000,661.0196860264009,Online,0,Delhi,23,112651.88812534885,0
7442,1000,888.1017912264477,Online,0,Maharashtra,43,80950.48935482537,0
7443,1026,432.0429523851823,POS,0,Maharashtra,28,64360.500763757875,0
7444,1020,113.29098299908837,Online,0,Maharashtra,59,106830.62960599859,0
7445,1015,540.2482812247031,Online,0,Delhi,18,120663.69599918282,0
7446,1043,378.67386341667464,POS,0,Karnataka,51,109519.60972303289,0
7447,1039,688.6141115198162,Online,0,Tamil Nadu,38,80171.83004032314,0
7448,1025,953.4812785111758,POS,0,Maharashtra,27,53710.095461843855,0
7449,1015,511.32790209700465,Online,0,Maharashtra,22,125351.4610234002,0
7450,1027,492.88071864775713,POS,0,Maharashtra,43,65064.163507123565,0
7451,1000,671.8555601818872,Online,0,Gujarat,61,99684.19795240338,0
7452,1035,148.3226284138893,Online,0,Gujarat,36,34995.32769156284,0
7453,1009,290.8308794787639,POS,0,Maharashtra,38,116236.15637278312,1
7454,1042,923.0303592253786,POS,0,Maharashtra,51,143878.6692534836,0
7455,1016,686.445482695578,POS,0,Gujarat,46,78407.47866427954,0
7456,1022,62.77184178424544,POS,0,Tamil Nadu,55,91286.49926543664,0
7457,1006,244.39419893106887,POS,0,Karnataka,32,136933.69156283388,0
7458,1043,698.695402727454,POS,0,Tamil Nadu,57,123388.76702760001,0
7459,1006,776.1792424344455,POS,0,Karnataka,33,145096.40765190113,0
7460,1043,847.8665940403398,Online,0,Delhi,35,54588.44299607448,0
7461,1014,327.56796321294263,Online,0,Delhi,18,81099.09359581684,0
7462,1033,934.4771664636845,Online,0,Tamil Nadu,28,79233.60536124703,0
7463,1045,575.2995488989977,Online,0,Gujarat,53,81503.24101030958,0
7464,1044,711.7120712684982,Online,0,Maharashtra,49,138706.34995862062,0
7465,1003,616.9019196409125,Online,0,Delhi,45,46716.948361130504,0
7466,1013,166.60305194088943,Online,0,Gujarat,23,136336.66208434931,1
7467,1013,964.9589264156358,POS,0,Gujarat,24,94246.48369324657,1
7468,1015,166.73180089944503,Online,0,Karnataka,57,89789.53138608707,0
7469,1006,292.13785859062443,POS,0,Delhi,41,74144.97744643598,1
7470,1031,822.9464862118311,Online,0,Tamil Nadu,27,90153.72841273468,0
7471,1018,637.6671134260464,POS,0,Gujarat,47,124427.73102726271,0
7472,1001,846.2417071075391,Online,0,Tamil Nadu,34,83990.43279856397,0
7473,1009,539.9493789553426,Online,0,Tamil Nadu,61,120882.95033692285,0
7474,1049,408.14357359830313,Online,0,Delhi,25,74162.78996797159,0
7475,1016,925.7532245703957,Online,0,Tamil Nadu,29,43776.46383937252,0
7476,1036,84.4397016390551,POS,0,Tamil Nadu,43,73906.14672211077,0
7477,1011,863.3237093353936,Online,0,Maharashtra,34,114034.73059028461,0
7478,1005,269.27689592839255,POS,0,Tamil Nadu,52,130727.74150980929,0
7479,1021,856.2995113662694,Online,0,Maharashtra,63,120311.27547737512,0
7480,1031,182.2367827460413,Online,0,Delhi,61,68679.05670068023,0
7481,1040,601.2080155060135,Online,0,Tamil Nadu,22,95289.34951749002,0
7482,1019,893.7025230608984,Online,0,Gujarat,62,66858.8462555109,0
7483,1000,499.862664553946,POS,0,Tamil Nadu,28,111584.634062802,0
7484,1046,759.2383401132233,POS,0,Maharashtra,33,76738.78587673407,0
7485,1005,814.4380369627805,POS,0,Gujarat,59,119428.84593900267,1
7486,1018,749.6694982809402,Online,0,Delhi,47,21663.500485756907,0
7487,1017,929.0632500308684,Online,0,Karnataka,57,64219.96114263954,0
7488,1005,474.4925189939322,Online,0,Karnataka,23,134168.91808353562,0
7489,1044,214.469167206898,Online,0,Maharashtra,37,62060.83534747201,0
7490,1032,95.4205105173558,POS,0,Delhi,37,71319.36852152637,0
7491,1022,284.1368761556298,POS,0,Delhi,41,122795.10315356807,0
7492,1022,186.03762868623,POS,0,Tamil Nadu,44,32300.053129919695,0
7493,1025,580.0513043627565,Online,0,Karnataka,20,60546.02843228222,0
7494,1012,225.69807035114542,POS,0,Tamil Nadu,41,120680.75882500714,1
7495,1006,86.98702192490262,Online,0,Delhi,27,144412.2729104755,0
7496,1014,84.19033742523447,POS,0,Maharashtra,42,121768.72927538413,0
7497,1043,839.9910234466186,POS,0,Maharashtra,45,42413.61703559752,0
7498,1026,611.8774348708736,POS,0,Gujarat,35,128552.49709555923,0
7499,1025,390.1810367987093,POS,0,Maharashtra,59,81850.7509942613,0
7500,1032,899.5166406032346,Online,0,Karnataka,62,121790.71082780564,0
7501,1014,116.68678083732793,Online,0,Gujarat,31,51116.09416814108,0
7502,1035,981.3059690914346,POS,0,Karnataka,18,64347.23513978779,0
7503,1044,635.477200741738,POS,0,Tamil Nadu,37,137212.84763827053,0
7504,1026,224.29104127040605,Online,0,Tamil Nadu,64,138403.9714980345,0
7505,1004,695.1156440281201,POS,0,Maharashtra,42,57072.82506639648,0
7506,1001,775.2121967943845,POS,0,Gujarat,29,30861.77242922535,1
7507,1032,457.8756442022358,POS,0,Karnataka,56,140771.94223530806,0
7508,1015,868.55097593327,Online,0,Karnataka,63,59052.526922735975,1
7509,1022,193.19578693164678,Online,0,Delhi,26,35615.519809903075,0
7510,1037,314.89570439872796,POS,0,Maharashtra,26,65254.823900556876,1
7511,1015,138.8177435047903,POS,0,Tamil Nadu,59,56659.8731729864,0
7512,1013,250.33394857698454,Online,0,Delhi,58,30472.399249849797,0
7513,1028,276.7923713155878,Online,0,Tamil Nadu,42,147886.09485512995,0
7514,1025,921.7515313756246,Online,0,Tamil Nadu,47,58190.20068526526,0
7515,1034,124.2042043135984,Online,0,Karnataka,57,55409.33019367224,0
7516,1014,456.044364178324,Online,0,Tamil Nadu,45,74590.9683551051,0
7517,1002,555.7787528655673,Online,0,Gujarat,19,73926.82643729258,0
7518,1022,903.7584011120528,Online,0,Tamil Nadu,42,76397.58192906072,0
7519,1028,997.8114077281529,Online,0,Gujarat,35,137861.89591968252,0
7520,1033,765.718709173844,POS,0,Tamil Nadu,41,27830.731262804187,0
7521,1032,972.251441040578,POS,0,Delhi,35,142413.85594283123,0
7522,1040,797.7460759090801,Online,0,Karnataka,44,106569.6624411245,0
7523,1040,965.0425089228457,POS,0,Delhi,61,110676.39923662962,0
7524,1022,721.9071896472324,Online,0,Karnataka,52,40520.765134576126,0
7525,1006,125.77525417851751,POS,0,Delhi,51,62786.32775759021,0
7526,1002,431.8241776430427,Online,0,Maharashtra,55,26788.520266001648,0
7527,1031,664.2674196123469,Online,0,Tamil Nadu,23,104900.27502184396,1
7528,1030,383.1825839815384,POS,0,Tamil Nadu,33,64180.387609790814,0
7529,1017,309.71472220808965,POS,0,Maharashtra,40,91662.95351366866,1
7530,1042,598.5293037764364,POS,0,Maharashtra,45,117854.68018164809,1
7531,1006,936.8267828673131,POS,0,Gujarat,30,91959.43346243602,0
7532,1040,83.23277984034588,POS,0,Delhi,29,29294.344435937317,0
7533,1000,780.7696433643658,Online,0,Tamil Nadu,28,28013.217976663276,0
7534,1013,736.5909141423957,Online,0,Gujarat,64,132730.508610112,0
7535,1031,965.7557541188728,Online,0,Tamil Nadu,39,54079.43048167551,0
7536,1005,934.1756612159164,POS,0,Maharashtra,48,67087.39532546126,0
7537,1038,774.1209339419833,Online,0,Gujarat,44,48391.53098938009,1
7538,1009,544.3883264484687,Online,0,Gujarat,44,110854.52443147704,0
7539,1006,244.05417557184387,POS,0,Gujarat,57,70192.82129382738,0
7540,1025,567.9739324092957,Online,0,Delhi,43,79322.30615692746,0
7541,1033,777.0843942236711,POS,0,Gujarat,24,107680.29507354577,0
7542,1029,900.8857520059985,POS,0,Tamil Nadu,28,100998.38050327172,0
7543,1035,800.2264087500216,Online,0,Delhi,39,120664.73079886702,0
7544,1020,235.50358843150127,Online,0,Tamil Nadu,57,117346.65114620872,1
7545,1016,619.7019985166564,POS,0,Gujarat,36,77186.28565839422,0
7546,1032,365.5647865547892,POS,0,Gujarat,55,44941.116734964955,0
7547,1009,58.74538402111084,Online,0,Tamil Nadu,37,49018.56051310603,0
7548,1046,240.20988899923276,Online,0,Karnataka,36,111875.96240340585,0
7549,1041,157.55961743677682,Online,0,Gujarat,36,53967.63980929387,0
7550,1011,850.5831673624951,Online,0,Gujarat,53,77259.08750975804,0
7551,1015,295.58093954042135,Online,0,Delhi,64,34027.72908916585,0
7552,1040,320.46307044317774,POS,0,Tamil Nadu,44,35893.66131447219,0
7553,1031,961.9397432089401,POS,0,Gujarat,34,52493.187376654125,1
7554,1014,410.13238689640957,Online,0,Tamil Nadu,35,31028.314874221316,0
7555,1026,59.10635813717483,Online,1,Delhi,37,55692.85329560003,0
7556,1027,319.6538409288297,Online,0,Tamil Nadu,61,93865.04138187158,0
7557,1016,163.33460157172183,Online,0,Tamil Nadu,59,116819.94139764765,0
7558,1045,147.66813364906125,Online,0,Delhi,58,24251.351698651735,0
7559,1049,123.61292562896203,POS,0,Gujarat,25,98080.18176030951,0
7560,1001,613.5964966666085,POS,0,Tamil Nadu,57,67214.23858917871,0
7561,1035,229.8803374483657,Online,0,Karnataka,28,49463.36875741238,0
7562,1049,393.1806543389599,Online,0,Gujarat,47,24141.50902209238,0
7563,1006,868.9168303235159,Online,0,Delhi,29,62371.83763580065,0
7564,1012,453.1212328064619,POS,0,Maharashtra,40,122658.16597976704,0
7565,1014,919.9067825490557,POS,0,Karnataka,23,88902.97707279201,0
7566,1024,523.0411507258259,POS,0,Gujarat,52,120833.78024842672,0
7567,1022,428.89478409776797,Online,0,Delhi,32,73606.25356122576,1
7568,1021,762.8694807361666,Online,0,Karnataka,55,129623.05461949964,0
7569,1025,119.516343829602,POS,0,Gujarat,45,39546.07201043989,0
7570,1032,135.00446383329654,POS,0,Maharashtra,24,126604.37749855281,0
7571,1010,669.3750282268127,Online,0,Gujarat,23,81880.03722667284,0
7572,1009,512.5936775772859,POS,0,Maharashtra,44,116980.47745610097,0
7573,1024,800.8944878032497,POS,0,Maharashtra,19,51254.87785521113,0
7574,1036,920.4572954763548,POS,0,Tamil Nadu,23,83200.41093827542,0
7575,1047,418.9485337879702,Online,0,Delhi,49,115262.99618955348,0
7576,1042,616.589525255414,Online,0,Tamil Nadu,46,82888.17729450512,0
7577,1037,525.6617964055445,POS,0,Maharashtra,51,79553.27717441114,0
7578,1040,982.5301228603113,POS,0,Delhi,18,125385.94540959521,0
7579,1044,839.5301869887654,Online,0,Delhi,32,41105.37269221921,0
7580,1023,916.1508228634859,Online,0,Delhi,27,81763.21915882417,0
7581,1039,291.623083198724,POS,0,Karnataka,27,126908.69577784339,0
7582,1045,783.9001020044647,POS,0,Gujarat,27,129882.95335586842,0
7583,1032,302.19956374776643,POS,0,Maharashtra,54,35375.54824331762,0
7584,1016,248.3054067569704,Online,0,Delhi,49,130519.87884708417,0
7585,1023,947.0528516727733,POS,0,Karnataka,53,21579.94274876347,0
7586,1036,68.33919588197331,POS,0,Karnataka,42,131222.64026545058,0
7587,1001,967.1192684802581,POS,0,Maharashtra,32,54419.882422064715,0
7588,1031,191.7988021393659,POS,0,Tamil Nadu,26,95161.91759261242,1
7589,1023,828.4661777036048,POS,0,Karnataka,33,21251.809408181653,0
7590,1008,312.12642541469796,Online,0,Maharashtra,58,115094.04983967164,0
7591,1003,383.167211059191,POS,0,Karnataka,36,76103.0001833825,0
7592,1016,255.9198257558857,POS,0,Maharashtra,63,129954.01325258796,0
7593,1016,606.2383403570257,Online,0,Delhi,61,92217.60029443237,0
7594,1049,380.6907701324804,Online,0,Tamil Nadu,29,128505.38566269739,0
7595,1047,674.52338751993,POS,0,Karnataka,52,99516.40044809857,0
7596,1029,64.86495204496268,POS,0,Karnataka,60,116963.06144757992,0
7597,1039,111.15613933928763,POS,0,Karnataka,22,117236.94943848696,0
7598,1010,144.67809509468623,Online,0,Gujarat,55,52065.67270823638,1
7599,1020,448.0440010447195,Online,0,Gujarat,23,95042.58541408308,0
7600,1020,824.0563640269772,Online,0,Delhi,31,133602.2313733339,0
7601,1017,893.7690148594636,Online,0,Karnataka,29,134253.94261550435,1
7602,1028,282.5702030578557,POS,0,Tamil Nadu,39,70011.99404571016,0
7603,1023,595.6512380270633,Online,0,Gujarat,62,62236.233271359866,0
7604,1009,779.9467430579705,POS,0,Maharashtra,58,105015.77583214537,0
7605,1044,324.3879584236283,Online,0,Maharashtra,21,121204.26577647375,0
7606,1016,438.55734989945955,POS,0,Maharashtra,60,24610.953323183367,0
7607,1017,547.7754925514282,POS,0,Delhi,35,32146.167174336864,1
7608,1041,178.13110408764533,POS,0,Karnataka,48,121235.15953798148,0
7609,1047,74.6831790394913,Online,0,Karnataka,52,76783.90285450121,0
7610,1019,195.16551885236908,POS,0,Gujarat,21,106794.26098227868,0
7611,1036,645.5109401908567,POS,0,Maharashtra,26,126647.25552006587,0
7612,1044,119.93734845699758,POS,0,Delhi,62,118384.3362818439,0
7613,1017,230.2115466076219,Online,0,Tamil Nadu,32,125263.31794550316,0
7614,1016,370.96119141053856,POS,0,Karnataka,59,86804.40440298525,0
7615,1008,123.97656109104803,Online,0,Karnataka,38,40510.41465792757,0
7616,1013,232.1143076035527,POS,0,Delhi,49,81556.0700740135,0
7617,1048,915.7062995343355,Online,0,Gujarat,26,145227.50362266434,0
7618,1028,68.33417561563553,POS,0,Delhi,49,59708.95999473694,0
7619,1030,670.760327965644,POS,0,Gujarat,33,74505.2197854825,1
7620,1003,415.1884843694257,POS,0,Karnataka,62,119506.52302548265,0
7621,1017,689.0163024607526,POS,0,Gujarat,22,29876.541454486513,0
7622,1019,609.2571343452344,Online,0,Gujarat,59,118416.13281462416,0
7623,1046,262.32381663691206,POS,0,Gujarat,48,55647.64699586791,0
7624,1042,854.8490131947191,POS,0,Gujarat,42,54752.55854767523,0
7625,1043,517.3433634788889,POS,0,Maharashtra,18,95715.02745614183,0
7626,1008,831.4092179677981,Online,0,Maharashtra,20,53187.328140538644,0
7627,1012,435.71190937880823,Online,0,Maharashtra,38,103350.14476826733,0
7628,1014,985.4512762194771,Online,0,Maharashtra,45,138150.71032666374,0
7629,1026,781.9648905762315,POS,0,Delhi,20,72602.4513070588,0
7630,1014,967.6526948569448,Online,0,Tamil Nadu,59,142661.94343986636,0
7631,1027,538.6101549643658,Online,0,Gujarat,49,142494.1571677432,0
7632,1036,500.0065756761655,Online,0,Delhi,49,46983.98002080264,0
7633,1018,767.681118858995,POS,0,Maharashtra,47,76132.2581072881,0
7634,1025,886.2766998627587,Online,0,Gujarat,30,148714.81404725523,0
7635,1025,965.9385060722801,POS,0,Tamil Nadu,51,36703.816036080774,0
7636,1024,358.32431073087474,Online,0,Gujarat,21,81795.91896251563,1
7637,1025,808.769345150507,Online,0,Karnataka,35,76144.18683598416,0
7638,1025,250.11331775375987,POS,0,Karnataka,49,125299.28087785754,0
7639,1045,568.295629408173,POS,0,Delhi,31,41071.14022024846,0
7640,1027,220.8557409887392,POS,0,Tamil Nadu,49,48796.30896802631,0
7641,1048,380.02749366282194,Online,0,Delhi,23,42821.927130910546,0
7642,1017,934.7904488461363,POS,0,Gujarat,60,41661.881889331205,0
7643,1031,188.78616478443178,POS,0,Tamil Nadu,34,53512.31233756496,0
7644,1002,650.7808503784366,Online,0,Delhi,25,88668.71308376286,0
7645,1001,613.3065592810332,POS,0,Gujarat,52,111896.00228015044,0
7646,1032,164.70143507353714,POS,0,Maharashtra,41,69440.18714671282,0
7647,1041,359.68009158037154,Online,0,Gujarat,20,78009.81309450013,0
7648,1018,584.8324292895024,Online,0,Delhi,34,123011.15243334367,0
7649,1016,227.81967853906573,Online,0,Tamil Nadu,53,88278.39982049556,1
7650,1043,810.5924735921747,POS,0,Tamil Nadu,57,96671.10479881307,0
7651,1032,973.5486840580123,Online,0,Maharashtra,34,87336.56330358855,0
7652,1011,254.02142996434847,POS,0,Delhi,47,122664.03889092884,0
7653,1048,227.56636655104714,Online,0,Maharashtra,42,43852.64219300523,0
7654,1002,482.1883182075724,Online,0,Karnataka,39,147562.73992564058,0
7655,1042,760.3770132830306,Online,0,Gujarat,54,134325.67796433426,0
7656,1048,317.5205797234888,POS,0,Karnataka,28,72033.82264854747,0
7657,1025,68.88591326241638,POS,0,Karnataka,29,73961.94791945496,0
7658,1034,564.1595966312492,POS,0,Maharashtra,38,130369.20207753115,1
7659,1007,958.7705393789422,POS,0,Maharashtra,32,77923.40204441237,1
7660,1035,421.7130126365983,POS,0,Gujarat,29,86061.23116297014,0
7661,1006,449.1278264739454,Online,0,Maharashtra,39,116976.87315157555,0
7662,1045,970.4566312583361,Online,0,Maharashtra,56,70438.68117934122,0
7663,1045,709.8772310453919,Online,0,Maharashtra,52,79022.45887323012,1
7664,1035,733.2133267000189,Online,0,Maharashtra,59,24825.460063636736,0
7665,1015,584.5669051025143,POS,0,Maharashtra,33,37313.41249442978,1
7666,1023,975.8787503200795,POS,0,Karnataka,50,79625.72243412219,1
7667,1000,704.4231602042782,POS,0,Karnataka,60,25936.383405987028,0
7668,1048,900.2811140249111,Online,0,Gujarat,31,59911.714136681236,0
7669,1024,714.4099224465601,Online,0,Tamil Nadu,35,76841.72814380353,0
7670,1009,748.3600335983762,POS,0,Gujarat,61,33210.256347527014,1
7671,1015,325.8903760351342,Online,0,Delhi,33,28492.319586322228,0
7672,1015,338.30476311312805,Online,0,Gujarat,57,22116.45220327321,0
7673,1007,793.8354170972277,POS,0,Gujarat,20,83091.94199942084,0
7674,1028,331.87097471140464,Online,0,Maharashtra,60,39088.564484501934,1
7675,1038,584.6315672614551,POS,0,Maharashtra,43,109517.55437754512,0
7676,1027,286.8846953613669,Online,0,Maharashtra,32,84082.26547492639,0
7677,1005,826.134211768616,POS,0,Tamil Nadu,53,22461.8200956002,0
7678,1015,154.9762836663055,Online,0,Maharashtra,44,27674.52376018659,0
7679,1019,837.9743077735812,POS,0,Delhi,34,139311.85577686876,0
7680,1015,622.5933104822218,POS,0,Karnataka,31,36163.51887740302,0
7681,1006,227.56405808572342,Online,0,Delhi,19,118452.12157407527,0
7682,1040,564.9336162308123,Online,0,Tamil Nadu,44,52015.28605760441,0
7683,1013,318.3738950049734,POS,0,Maharashtra,64,61803.627967009925,0
7684,1042,357.29396799397176,POS,0,Gujarat,41,23222.81632013967,1
7685,1025,383.9516395170363,POS,0,Karnataka,57,92299.31466678769,0
7686,1025,110.15328462370489,POS,0,Tamil Nadu,62,80715.78559969823,0
7687,1013,986.6636001813465,POS,0,Delhi,52,116844.09041072965,0
7688,1006,79.95789672466289,Online,0,Maharashtra,21,137739.60901704154,0
7689,1032,679.3720295250645,Online,0,Tamil Nadu,43,91202.14389511141,0
7690,1025,402.666265369559,Online,0,Tamil Nadu,53,143794.6785932103,0
7691,1044,663.7097763993639,Online,0,Gujarat,21,39259.14401643748,0
7692,1019,388.4358404332046,Online,0,Gujarat,51,64803.93173314905,0
7693,1002,690.0631139459158,POS,0,Gujarat,30,127879.43045252784,0
7694,1003,742.7737339949427,Online,0,Delhi,57,91930.87677673838,0
7695,1025,706.0250083796626,Online,0,Gujarat,58,91106.29410206647,0
7696,1010,158.26388229024468,POS,0,Tamil Nadu,18,79850.15761012863,0
7697,1001,674.0485729219504,POS,0,Tamil Nadu,18,22426.61038657999,0
7698,1013,315.98817198139244,Online,0,Tamil Nadu,26,30444.23941907273,0
7699,1043,77.36130204086685,Online,0,Karnataka,28,31636.905634783812,0
7700,1029,444.08913829450626,POS,0,Karnataka,33,44629.5766333323,0
7701,1048,461.865947663611,Online,0,Delhi,46,32255.88176634197,1
7702,1011,493.81542668482416,POS,0,Gujarat,53,33858.49629997525,0
7703,1025,719.5829571211805,Online,0,Tamil Nadu,32,102795.7773995155,0
7704,1043,343.4016186853362,Online,0,Gujarat,56,35385.13372157037,0
7705,1032,349.5164874487264,Online,0,Tamil Nadu,19,80454.26615839888,0
7706,1012,107.52464342919757,Online,0,Karnataka,27,28206.79546513202,1
7707,1013,702.4801551926812,POS,0,Tamil Nadu,28,55022.916577210715,0
7708,1023,589.4347868296047,POS,0,Delhi,47,140165.40762915835,0
7709,1033,381.95385705909865,Online,0,Maharashtra,40,24030.887102807355,0
7710,1043,719.9295299714869,Online,0,Tamil Nadu,39,134005.0305015788,0
7711,1025,560.4898617655333,Online,0,Delhi,59,118749.20349748475,1
7712,1020,495.7826985770127,Online,0,Karnataka,53,139719.09585936426,0
7713,1027,535.7583164780701,POS,0,Karnataka,46,122293.3052989311,1
7714,1047,654.5307190037037,POS,0,Maharashtra,62,127403.27342973002,0
7715,1035,677.0024743458695,Online,0,Gujarat,49,34004.10437287194,0
7716,1039,324.5099281836813,POS,0,Gujarat,50,128621.0015535696,0
7717,1001,183.70619522159558,POS,0,Tamil Nadu,56,82025.7305927123,0
7718,1041,198.8024721309928,Online,0,Karnataka,26,65705.28011468853,0
7719,1008,657.4213416078516,Online,0,Delhi,18,40001.54503550014,0
7720,1022,879.2296214787697,Online,0,Maharashtra,35,20087.056879092983,0
7721,1014,439.0214644282742,POS,0,Gujarat,39,103541.78333894827,0
7722,1012,211.04415231298927,POS,0,Tamil Nadu,54,114382.87495190893,0
7723,1022,768.7723733791619,POS,0,Tamil Nadu,31,70451.53678877573,1
7724,1016,840.8650006984761,POS,0,Karnataka,39,41351.768146017355,0
7725,1047,886.5533209649183,Online,0,Delhi,50,38793.558394062435,0
7726,1001,626.4898574680466,Online,0,Delhi,23,41870.91147028695,0
7727,1019,867.6921314186804,Online,0,Gujarat,44,27307.079843486605,0
7728,1019,64.64421052598729,POS,0,Tamil Nadu,23,66754.2308403215,0
7729,1045,151.87401168104736,Online,0,Karnataka,61,100100.98101992448,0
7730,1002,137.94726369949382,Online,0,Delhi,58,78123.93814564522,0
7731,1011,726.9744500419963,POS,0,Tamil Nadu,33,36312.5447621736,0
7732,1039,116.10269436640007,Online,0,Delhi,64,126099.437060321,0
7733,1001,521.5461538429918,POS,0,Maharashtra,19,57317.308608822656,0
7734,1035,499.07155370447464,POS,0,Delhi,54,98348.38604503711,0
7735,1013,345.1683473803289,Online,0,Delhi,46,51938.89867504823,0
7736,1015,876.8849114449948,Online,0,Tamil Nadu,40,97348.75452540998,0
7737,1018,211.9115417859962,POS,0,Delhi,38,36855.42131476737,0
7738,1033,384.83964517927785,Online,0,Delhi,30,105214.98273818128,0
7739,1043,785.4629250217827,Online,0,Maharashtra,18,94511.33236481725,0
7740,1045,78.90119867362003,POS,0,Delhi,46,87508.08355969442,0
7741,1005,689.3028802340502,Online,0,Delhi,24,48221.49626148715,0
7742,1012,825.5778400434921,POS,0,Tamil Nadu,48,88790.62747481723,0
7743,1035,935.6544468962588,POS,0,Karnataka,62,136623.58999657835,0
7744,1021,882.4818084669107,POS,0,Maharashtra,39,36284.45942335062,1
7745,1017,353.4149109920009,POS,0,Delhi,33,111484.41206706857,0
7746,1011,607.0459342568049,Online,0,Karnataka,45,34782.63546734445,0
7747,1029,123.42881849294255,Online,0,Tamil Nadu,61,63960.04359326072,0
7748,1039,294.97650337060816,Online,0,Maharashtra,56,108898.00650898402,0
7749,1006,139.511259810132,POS,0,Tamil Nadu,42,92830.03880529823,0
7750,1031,349.42792564626563,Online,0,Karnataka,31,108174.2729825758,0
7751,1047,881.4278527857925,POS,0,Maharashtra,38,145236.53856477942,0
7752,1018,379.808497690578,POS,0,Delhi,36,146049.2988482605,0
7753,1005,583.8031978513551,Online,0,Karnataka,30,138932.95783653148,0
7754,1019,461.71180570919375,Online,0,Tamil Nadu,19,84327.91516678469,1
7755,1026,485.97069808379854,POS,0,Maharashtra,53,64335.41751046589,0
7756,1042,971.0934492447303,POS,0,Karnataka,31,56347.00015407822,1
7757,1036,331.34674485066506,POS,0,Karnataka,51,94839.60324719417,0
7758,1047,645.9582460470127,POS,0,Tamil Nadu,35,78965.27822688088,0
7759,1006,449.0595361004747,Online,0,Tamil Nadu,41,149288.21001626225,0
7760,1004,108.0888719953019,Online,0,Delhi,47,89624.7793807331,0
7761,1010,514.8642900430241,Online,0,Delhi,36,62767.954515367725,0
7762,1014,822.6761625928528,POS,0,Karnataka,53,102674.54585991653,1
7763,1002,143.81532024760395,POS,0,Tamil Nadu,38,25683.27677339191,0
7764,1004,116.11225502649353,Online,0,Karnataka,36,34402.24789699482,0
7765,1022,195.94994437360333,Online,0,Gujarat,43,106276.18671494635,0
7766,1036,776.1801058198408,Online,0,Tamil Nadu,52,36034.287905035664,1
7767,1008,737.7956149375011,POS,0,Gujarat,57,118203.44189043633,0
7768,1014,586.766880460805,POS,0,Gujarat,21,28048.07309437654,0
7769,1002,494.81508388800074,POS,0,Tamil Nadu,38,97205.64659562406,0
7770,1028,893.9095239674909,Online,0,Delhi,20,108202.66789438858,1
7771,1005,778.3629326418084,Online,0,Karnataka,22,121347.28729656913,0
7772,1016,821.345138736715,Online,0,Maharashtra,60,135140.8652648703,0
7773,1025,822.5991862831215,Online,0,Maharashtra,46,60590.70953208467,0
7774,1020,660.5812970082801,Online,0,Tamil Nadu,36,113491.37920369233,0
7775,1007,485.1138931001486,Online,0,Delhi,34,30494.85231780266,0
7776,1020,871.4438649563679,POS,0,Delhi,51,127873.30961482099,0
7777,1010,929.7070467230882,Online,0,Delhi,37,135729.77323110506,0
7778,1037,72.61574109542586,Online,0,Maharashtra,45,117325.50619612797,1
7779,1007,98.97712960293873,POS,0,Gujarat,26,56572.82788596133,1
7780,1041,960.8061320630154,POS,0,Maharashtra,20,28104.660229342775,0
7781,1023,313.302583151985,POS,0,Delhi,27,74808.73473831179,0
7782,1034,879.7009676669478,POS,1,Maharashtra,38,55182.6301425525,0
7783,1013,419.35536301333246,POS,0,Maharashtra,58,88924.87349969488,0
7784,1013,163.14505472888783,POS,0,Karnataka,21,71201.97124729792,1
7785,1009,126.42104019886756,Online,0,Tamil Nadu,39,37678.63756194434,0
7786,1011,198.68250412643366,Online,0,Gujarat,24,128768.90972713793,0
7787,1037,287.39853512399645,Online,0,Karnataka,29,132406.68926732457,0
7788,1043,514.0924362342848,Online,0,Tamil Nadu,28,125708.88089379437,1
7789,1045,716.4230055374944,POS,0,Delhi,39,47346.41284642961,0
7790,1033,987.0786476610349,POS,0,Karnataka,46,75704.02363520129,1
7791,1040,469.4314061247125,Online,0,Tamil Nadu,44,42290.57953216821,1
7792,1009,542.2756952259543,POS,0,Karnataka,64,106476.5822064682,0
7793,1016,545.7249163140928,POS,0,Maharashtra,37,124647.37952195707,1
7794,1016,562.4626377135393,Online,0,Maharashtra,31,95599.67080902889,0
7795,1002,541.8536242492391,Online,0,Karnataka,24,90994.27368472987,0
7796,1030,58.33601730882194,Online,0,Karnataka,32,112947.252197662,0
7797,1000,51.63858100434867,Online,0,Gujarat,63,34762.48763551221,0
7798,1011,142.78300221981678,Online,0,Delhi,45,52195.41062456112,0
7799,1038,146.47877325771987,Online,0,Maharashtra,60,60778.23892703182,1
7800,1003,719.6520635070563,Online,0,Karnataka,27,89225.74544414134,0
7801,1041,244.67023089019978,Online,0,Tamil Nadu,20,146883.5004486214,0
7802,1012,899.9783995178323,POS,0,Delhi,29,132191.61724325188,0
7803,1033,932.1760130981685,Online,0,Tamil Nadu,30,52115.863193749814,1
7804,1041,977.0986710011038,POS,0,Delhi,56,50288.00502091252,0
7805,1020,942.1272396426691,Online,0,Tamil Nadu,61,76634.25499346684,1
7806,1021,308.2939058225984,POS,0,Maharashtra,51,146704.1870885625,1
7807,1003,534.2880024683368,Online,0,Karnataka,18,39818.99476995974,1
7808,1017,216.68222168709394,Online,0,Karnataka,55,144402.59395893532,0
7809,1004,815.8991724138115,Online,0,Gujarat,42,44754.48299315203,0
7810,1018,894.0101198868913,Online,0,Karnataka,36,135236.62511556747,0
7811,1001,858.7243973326391,Online,0,Maharashtra,42,127937.3012314214,0
7812,1011,461.69860126199313,POS,0,Delhi,23,134701.68914294924,1
7813,1016,770.740190452442,Online,0,Delhi,62,135929.28629823693,0
7814,1009,142.70021109745596,Online,0,Karnataka,21,48357.70291469902,0
7815,1033,88.23253208828817,Online,0,Tamil Nadu,43,121231.22253316091,0
7816,1005,765.5745935933228,POS,0,Karnataka,43,108669.309384255,0
7817,1007,454.0875106122495,POS,0,Delhi,43,134259.76675975724,0
7818,1010,995.7718015025907,POS,0,Gujarat,31,83740.70722181715,0
7819,1011,142.39150506275578,POS,0,Delhi,49,73748.94913230978,0
7820,1008,862.846297458472,POS,0,Tamil Nadu,45,114408.94320738851,0
7821,1001,505.98391225254215,POS,0,Tamil Nadu,19,55079.67489862606,1
7822,1007,835.7926857286832,Online,0,Gujarat,58,126607.13897836702,0
7823,1010,826.2709180616376,Online,0,Tamil Nadu,62,57177.341089979396,0
7824,1035,920.1924012939735,Online,0,Karnataka,38,25617.744847337468,0
7825,1009,332.95751072179763,POS,0,Karnataka,63,91692.21350936928,1
7826,1020,952.3093857889029,Online,0,Delhi,31,128676.56185110535,1
7827,1019,194.08361233973926,Online,0,Maharashtra,54,109761.0050564546,0
7828,1047,127.870338713816,POS,0,Karnataka,19,148607.99012263404,0
7829,1007,460.0347415037317,Online,0,Karnataka,22,38294.74017505864,0
7830,1035,836.9068202097505,Online,0,Gujarat,55,64793.62849365339,0
7831,1028,499.7500741017733,Online,0,Karnataka,19,69392.59086657633,0
7832,1041,837.8223436539884,POS,0,Delhi,18,27559.443565308924,0
7833,1011,743.20246550459,POS,0,Gujarat,39,25590.60504408325,0
7834,1013,248.95696683198688,Online,0,Karnataka,58,23827.861829363297,0
7835,1047,951.4375436544906,Online,0,Delhi,42,73154.32057203955,0
7836,1049,107.74211019793324,POS,0,Gujarat,63,129818.9158981283,0
7837,1020,903.3657221666052,POS,0,Maharashtra,47,112253.65900184204,0
7838,1021,339.2212765408553,POS,0,Delhi,26,78079.24340741783,0
7839,1020,525.1406790061793,POS,0,Karnataka,54,54322.20754274763,1
7840,1043,451.23427906569776,Online,0,Gujarat,64,22024.104909438323,0
7841,1049,213.24282907107036,POS,0,Maharashtra,27,42799.37464841148,0
7842,1029,390.23952308160847,Online,0,Delhi,32,70334.57565902639,1
7843,1038,233.28771447815552,POS,0,Maharashtra,20,68159.45308296743,0
7844,1019,243.69215168749767,Online,0,Delhi,25,53716.96402480089,0
7845,1023,227.70399422506134,POS,0,Karnataka,42,149626.80198731623,0
7846,1022,514.5665113292646,POS,0,Delhi,53,78159.43014295024,0
7847,1006,808.0347991357497,POS,0,Karnataka,60,54818.16097967697,0
7848,1008,590.521532073179,Online,0,Delhi,63,72918.47495693086,0
7849,1000,898.5462591232998,Online,0,Gujarat,38,56323.72676862701,0
7850,1025,654.7172641478879,Online,0,Delhi,51,65772.0873507568,0
7851,1037,704.8731098509742,Online,0,Delhi,44,36363.80429411338,0
7852,1037,684.226868240653,POS,0,Tamil Nadu,26,20110.11225698469,0
7853,1043,476.9862335245541,POS,0,Tamil Nadu,27,83911.16998439905,0
7854,1021,704.8718810900787,POS,0,Delhi,44,83588.4765178423,0
7855,1043,116.22235914551311,Online,0,Tamil Nadu,42,40405.025870967314,0
7856,1009,866.8588983198799,POS,0,Karnataka,30,128248.35263474713,0
7857,1005,788.9215362717215,POS,0,Tamil Nadu,21,44934.72756231732,0
7858,1016,282.9684603200949,POS,0,Delhi,33,120124.64330298445,0
7859,1049,779.6308315413783,Online,0,Maharashtra,29,44735.16847996834,0
7860,1037,62.010471330017566,Online,0,Maharashtra,42,56564.23448585918,0
7861,1023,256.3842438568364,POS,0,Delhi,33,55085.27895158246,0
7862,1009,111.88037673735114,Online,1,Delhi,56,49846.52174481198,0
7863,1007,791.2155707869999,Online,0,Maharashtra,19,143834.61870108324,1
7864,1020,768.0804436194678,POS,0,Gujarat,26,54249.9772771766,0
7865,1005,822.954222611739,POS,0,Tamil Nadu,61,83045.40964817686,1
7866,1020,54.25760865925239,Online,0,Gujarat,30,115572.61618369675,0
7867,1038,526.1710903444875,Online,0,Karnataka,31,61487.36325958981,0
7868,1023,719.5943876414697,POS,0,Maharashtra,29,21521.095800664003,0
7869,1032,197.6310723020647,POS,0,Maharashtra,52,119019.77598164883,0
7870,1017,667.3011911369935,POS,0,Gujarat,39,56924.209297841364,0
7871,1027,129.90459434420143,POS,0,Karnataka,38,133513.64863832132,0
7872,1031,222.25956329909752,POS,0,Gujarat,20,83849.95003777428,0
7873,1011,502.00697424487095,POS,0,Karnataka,39,101173.14252971456,1
7874,1047,670.8868950470469,POS,0,Delhi,26,143624.79099669863,0
7875,1041,188.57567060620127,Online,0,Delhi,64,133094.89501488704,0
7876,1026,225.962164289391,Online,0,Maharashtra,57,123043.01635093849,0
7877,1009,244.22404871237984,POS,0,Delhi,59,88995.00079404493,0
7878,1045,276.76576446402953,Online,0,Gujarat,20,42007.6731357389,0
7879,1041,265.22615609997666,Online,0,Karnataka,48,129335.9782427888,0
7880,1031,425.3916530727549,POS,0,Maharashtra,54,32213.117631856156,0
7881,1041,671.1001682948868,POS,0,Delhi,23,135369.6291484092,0
7882,1025,466.13019397774616,POS,0,Maharashtra,31,119613.33218711465,0
7883,1024,787.1752133123937,Online,0,Maharashtra,36,124449.15420874805,0
7884,1010,733.3050806511841,POS,0,Karnataka,35,69035.59960893766,0
7885,1022,170.20056834662188,POS,0,Gujarat,24,31045.043571810726,0
7886,1033,96.39954215470674,Online,0,Gujarat,53,114504.0610734794,0
7887,1039,884.0444857996258,POS,0,Tamil Nadu,46,147148.6463758102,0
7888,1022,125.83951323472975,Online,0,Gujarat,20,131592.99324380874,0
7889,1028,190.92222168372743,Online,0,Delhi,30,129380.4684109218,0
7890,1030,71.02661178021216,POS,0,Tamil Nadu,53,102199.8542567422,0
7891,1006,646.9195470337211,POS,0,Tamil Nadu,58,35114.799092990695,0
7892,1039,603.2520350004312,POS,1,Tamil Nadu,42,132225.94288842566,0
7893,1032,987.5584831134928,Online,0,Tamil Nadu,45,48864.99501464449,0
7894,1020,892.5857765013134,POS,0,Gujarat,55,54384.47795517054,0
7895,1001,440.3010186068642,Online,0,Tamil Nadu,28,118261.53548652105,1
7896,1017,403.00654886690825,POS,0,Delhi,58,113197.7860134183,1
7897,1046,332.00943256598583,POS,0,Delhi,26,29433.144687211672,0
7898,1032,194.7865740359873,POS,0,Maharashtra,39,52754.66977655179,0
7899,1036,181.1794737719086,POS,0,Delhi,38,126299.14384268422,0
7900,1033,175.66952260912515,Online,0,Maharashtra,36,143445.79577843787,0
7901,1019,158.40901932743964,POS,0,Delhi,50,54620.44302962422,1
7902,1034,278.4864402852601,POS,0,Tamil Nadu,21,118884.51793709077,0
7903,1049,341.3351987974606,POS,0,Karnataka,50,85732.61787030289,0
7904,1017,963.5000224869701,POS,0,Tamil Nadu,62,69407.95982624567,0
7905,1045,599.5495884517915,Online,0,Gujarat,33,136755.24568912463,0
7906,1023,988.2159857876169,Online,0,Maharashtra,61,91266.44940752932,0
7907,1007,403.8436004343896,POS,0,Karnataka,18,109928.8795619541,0
7908,1029,484.745300959969,Online,0,Delhi,32,97017.90162864717,0
7909,1043,358.34972620701524,POS,0,Tamil Nadu,39,103665.49735687644,1
7910,1009,223.74326835172505,Online,0,Maharashtra,49,87246.72390546002,0
7911,1022,186.00647238870022,POS,0,Maharashtra,54,89347.4791987697,1
7912,1048,947.8252379174403,Online,0,Delhi,40,130782.05606874639,1
7913,1010,987.470147708818,Online,0,Maharashtra,50,59345.58289176268,1
7914,1001,92.66402168329498,Online,0,Delhi,57,115729.15389255458,0
7915,1025,192.8285809951782,Online,0,Delhi,39,54914.79599329874,1
7916,1035,452.3478876859715,Online,0,Tamil Nadu,57,29194.871661958823,0
7917,1032,227.01680252718697,POS,0,Maharashtra,64,137420.7591032887,0
7918,1046,395.6863739455391,Online,0,Gujarat,29,73386.00347750785,0
7919,1012,172.6415323666517,POS,0,Gujarat,35,108814.14396462176,0
7920,1039,483.68616888570074,POS,0,Tamil Nadu,49,118525.28806994382,1
7921,1024,308.1098853607963,POS,0,Tamil Nadu,20,123611.32444457118,0
7922,1003,384.3098029707278,POS,0,Delhi,53,49421.96554435955,0
7923,1041,139.5970188896102,POS,0,Gujarat,64,105237.53963596711,1
7924,1018,456.7216481746346,POS,0,Maharashtra,63,118831.72491077994,0
7925,1017,984.0947304134913,POS,0,Gujarat,18,35572.25438241227,0
7926,1036,362.3913945371308,POS,0,Tamil Nadu,42,38369.58048882308,0
7927,1029,882.6078111003133,POS,0,Tamil Nadu,37,67307.0822700019,0
7928,1018,851.0391845425008,POS,0,Delhi,34,59217.08992795377,0
7929,1022,954.4554973823501,POS,0,Maharashtra,39,123640.47896943858,0
7930,1015,800.6040366537397,Online,0,Tamil Nadu,50,103550.84239301759,0
7931,1000,676.6169857058742,POS,0,Maharashtra,43,84736.56320684461,1
7932,1011,863.7552220160848,POS,0,Gujarat,44,33832.71765159452,0
7933,1023,121.86244662448216,POS,0,Delhi,51,34633.739431461,0
7934,1033,489.6891243388674,Online,0,Gujarat,40,87212.00591525096,0
7935,1007,989.7934266843059,Online,0,Tamil Nadu,33,134773.98198240405,0
7936,1017,781.1201437299957,POS,0,Tamil Nadu,31,120759.51436195812,0
7937,1047,963.971609135362,Online,0,Maharashtra,58,134603.9193912893,0
7938,1004,790.6526383268051,Online,0,Tamil Nadu,31,93469.1071184374,1
7939,1025,881.137869070037,POS,0,Maharashtra,62,48778.96818173359,1
7940,1029,721.2031506880314,POS,0,Karnataka,43,24134.955514973386,0
7941,1012,772.4769041963779,Online,0,Tamil Nadu,63,142235.64292218728,0
7942,1018,547.0191093475257,Online,0,Gujarat,44,81779.60673550644,0
7943,1028,928.0258157734263,POS,0,Gujarat,57,131672.2554832474,0
7944,1002,833.7869650921936,POS,0,Maharashtra,21,115287.54066520592,0
7945,1025,851.6907173823506,POS,0,Karnataka,26,128181.71039218403,0
7946,1039,689.3586459148997,POS,0,Tamil Nadu,44,47384.94243396442,0
7947,1011,339.35094973288653,POS,0,Delhi,60,108327.53820163044,1
7948,1001,83.84830562063236,POS,0,Delhi,56,113950.47600557866,0
7949,1010,938.8723729390673,Online,0,Gujarat,32,91840.26191915559,0
7950,1043,606.8143313652221,POS,0,Tamil Nadu,42,128579.9177673962,1
7951,1027,333.2358225907332,POS,0,Delhi,35,148466.91085792583,0
7952,1017,191.6783524551609,Online,0,Maharashtra,47,21369.920034747574,1
7953,1012,838.0470072257169,POS,0,Tamil Nadu,54,79149.37410582289,0
7954,1036,844.6941847251999,POS,0,Gujarat,33,118006.74346825745,0
7955,1021,823.7825697240049,Online,0,Karnataka,29,114335.21184442803,0
7956,1011,662.8285573684469,Online,0,Maharashtra,34,80820.0740381065,0
7957,1001,397.7146182122821,POS,0,Maharashtra,42,129480.17449300324,0
7958,1036,338.86677054124414,Online,0,Tamil Nadu,32,107755.87977101894,0
7959,1006,58.127031612261675,POS,0,Karnataka,42,91286.60583748575,0
7960,1025,841.9271807538283,POS,0,Maharashtra,38,55475.28605076743,0
7961,1025,133.06106261896034,Online,0,Karnataka,36,67754.67289914594,0
7962,1023,649.2172481387292,POS,0,Gujarat,41,148577.16506823935,0
7963,1011,528.8711994980839,POS,0,Maharashtra,24,137795.79253629642,0
7964,1015,550.3548909800336,POS,0,Delhi,29,110434.15159946217,0
7965,1022,930.3772030423846,POS,0,Gujarat,56,131657.87647287987,0
7966,1039,80.03426070768,Online,0,Gujarat,28,37677.29203810697,0
7967,1008,784.7226133973337,Online,0,Maharashtra,50,54784.919062304085,0
7968,1031,99.44977844894177,POS,0,Delhi,42,135070.28743159238,0
7969,1014,86.24592563860834,POS,0,Karnataka,56,81212.07666612972,0
7970,1036,458.32681323431285,POS,0,Delhi,51,96822.36922296039,0
7971,1012,109.92141562581838,POS,0,Gujarat,28,134876.51690663619,0
7972,1004,799.6867537282665,POS,0,Maharashtra,33,72521.17225983446,0
7973,1010,553.0849389659204,Online,0,Delhi,49,82635.32001028358,1
7974,1009,77.58684352678571,Online,0,Delhi,32,34582.926931699265,1
7975,1012,88.47565215782353,Online,0,Gujarat,57,148883.70952668472,1
7976,1040,632.0351032525055,POS,1,Karnataka,32,146538.73998962805,0
7977,1045,815.8062267754847,POS,0,Delhi,24,58549.88485493819,0
7978,1049,465.9095547110349,POS,0,Delhi,54,130821.96577003734,1
7979,1014,576.8516379588432,Online,0,Tamil Nadu,57,115818.76932543986,0
7980,1041,809.8379813474065,POS,0,Gujarat,19,39056.397824594926,0
7981,1006,629.9808653397282,Online,0,Tamil Nadu,23,23106.06941807081,0
7982,1039,263.5222257758785,POS,0,Gujarat,53,21829.63899433949,0
7983,1027,632.3994245760047,POS,0,Gujarat,56,28543.863905300943,0
7984,1031,646.8654861119529,POS,0,Tamil Nadu,55,101560.93895638466,0
7985,1034,747.4016318370703,POS,0,Karnataka,45,83982.11925869937,1
7986,1014,639.8304781789611,Online,0,Karnataka,39,149578.2225754726,0
7987,1047,970.7800239351361,POS,0,Gujarat,54,57249.891946248375,0
7988,1035,237.42389328121507,POS,0,Tamil Nadu,22,114340.96831571106,0
7989,1020,953.5361455887224,Online,0,Delhi,35,70323.24419585688,0
7990,1005,561.4225158325155,Online,0,Gujarat,28,32781.62017190067,0
7991,1000,688.3583334701665,Online,0,Gujarat,25,134028.92168792803,0
7992,1003,144.48851757958036,POS,0,Maharashtra,37,72000.2554364216,1
7993,1010,411.54714430920166,POS,0,Karnataka,28,139199.61179060233,0
7994,1043,780.910189140014,POS,0,Tamil Nadu,44,141800.56211413708,0
7995,1025,721.5654643440408,POS,0,Delhi,46,126618.793149335,0
7996,1036,88.13241875713967,Online,0,Delhi,42,23598.234589696098,1
7997,1022,569.2645503223823,Online,0,Gujarat,36,145583.42635572597,0
7998,1028,133.86428331998897,Online,0,Delhi,19,36141.37116511916,0
7999,1020,996.0636077192542,Online,0,Delhi,59,141070.21438531642,0
8000,1047,902.4317591066299,Online,0,Gujarat,56,98850.69182446046,0
8001,1044,70.02662740711011,POS,0,Karnataka,61,69069.8068474246,0
8002,1044,865.7170999574993,POS,0,Maharashtra,19,113770.90913980234,0
8003,1048,923.4581205304872,POS,0,Karnataka,24,85891.92653045851,0
8004,1026,385.87081143528235,Online,0,Karnataka,48,123282.50757725941,0
8005,1038,733.5265722953776,Online,0,Maharashtra,50,86790.65850003815,0
8006,1039,469.99855889738996,POS,0,Gujarat,28,67958.18702599609,0
8007,1012,672.4708603475269,POS,0,Karnataka,57,66909.44159059107,0
8008,1022,373.30153408328187,POS,0,Tamil Nadu,57,66034.1520909247,0
8009,1015,356.43127480160496,POS,0,Tamil Nadu,63,81476.73746496328,0
8010,1029,453.2121944147001,POS,0,Maharashtra,30,34316.142188138925,0
8011,1003,188.2893707198761,POS,0,Tamil Nadu,27,106021.8060923334,1
8012,1039,839.5820162136134,Online,0,Gujarat,55,64378.55700519304,0
8013,1015,381.2630005935548,POS,0,Delhi,37,93000.54193427881,0
8014,1030,430.1420762105529,Online,0,Gujarat,38,88447.29601197146,0
8015,1041,899.3518820670373,POS,0,Maharashtra,31,131426.64838056033,0
8016,1024,521.7926233600128,Online,0,Delhi,41,132019.83909954084,0
8017,1043,567.0412138833198,Online,0,Tamil Nadu,57,148593.61426098645,0
8018,1011,958.6732185382435,Online,0,Karnataka,24,51404.90321529734,0
8019,1025,892.3900639877397,POS,0,Tamil Nadu,22,24479.47722805801,0
8020,1036,210.99337344401752,POS,0,Gujarat,23,75237.73778327412,1
8021,1047,499.5542784221998,POS,0,Gujarat,57,136562.69261223392,0
8022,1032,972.7314160571182,POS,0,Maharashtra,52,98032.70153255567,0
8023,1027,403.74798331717255,Online,0,Karnataka,26,68558.20952476753,0
8024,1008,402.99445309039004,POS,0,Karnataka,59,120376.03201294181,1
8025,1011,235.27872019969664,POS,0,Delhi,18,112604.883464845,0
8026,1004,158.60695841316897,POS,0,Delhi,56,112763.3935824449,1
8027,1027,753.2895512181826,Online,0,Gujarat,37,86895.8137297936,0
8028,1034,781.5289452664407,Online,0,Maharashtra,23,88962.50772605844,0
8029,1004,970.5623153278499,POS,0,Gujarat,49,92256.96717252041,0
8030,1033,784.7473003600949,POS,0,Karnataka,30,91841.30880957679,0
8031,1045,281.1848693319188,POS,0,Karnataka,56,46821.05849321925,0
8032,1033,88.11074937408968,POS,0,Gujarat,57,51952.1483742692,1
8033,1012,986.1655151511773,Online,0,Karnataka,38,68623.24295433692,0
8034,1038,373.42816076642544,POS,0,Delhi,54,131210.85691917856,0
8035,1041,346.3729653107997,POS,0,Karnataka,29,80111.03952126486,0
8036,1044,910.6574492619134,Online,0,Delhi,23,140421.48706268985,1
8037,1047,605.8449036177368,POS,0,Tamil Nadu,32,123139.9999483618,0
8038,1013,254.12761515667785,POS,0,Maharashtra,38,131995.4437653809,0
8039,1010,894.6414305804276,POS,0,Maharashtra,38,37439.257487737945,0
8040,1041,993.6928123020062,Online,0,Karnataka,45,39342.25084722678,0
8041,1037,132.3446330932892,Online,0,Maharashtra,53,50761.417888078955,1
8042,1003,869.1390468873628,POS,0,Tamil Nadu,34,106140.7331757521,0
8043,1032,420.9899128001743,POS,0,Karnataka,63,81917.31099881281,0
8044,1006,547.8688241813692,Online,0,Delhi,24,42075.74057490528,1
8045,1040,919.0751769767317,Online,0,Tamil Nadu,40,116951.73422678544,0
8046,1007,974.7102359863613,Online,0,Tamil Nadu,62,87271.81723634816,0
8047,1036,299.0557148883594,POS,0,Maharashtra,39,115029.56145678212,0
8048,1009,252.2082324119181,Online,0,Delhi,27,138231.4154929772,0
8049,1042,126.49073066193627,Online,0,Gujarat,35,138917.22352605144,0
8050,1014,583.7079600290311,Online,0,Tamil Nadu,19,59145.290372287855,0
8051,1037,62.92417567813486,POS,0,Maharashtra,29,40609.53455034753,0
8052,1014,441.30338272943976,Online,0,Tamil Nadu,62,76397.42721863188,0
8053,1004,119.71481581940813,POS,0,Delhi,56,30904.50012102665,0
8054,1028,434.9644937828673,POS,0,Delhi,39,25716.042586147178,0
8055,1018,87.9355798023288,POS,0,Karnataka,60,147154.91694135725,0
8056,1009,843.4563975783304,POS,0,Gujarat,39,146337.16313751874,0
8057,1011,249.25204424163758,Online,0,Gujarat,59,65731.46224614588,0
8058,1003,361.8932748400164,POS,0,Maharashtra,39,126668.16847116587,0
8059,1030,876.5455967760723,POS,0,Gujarat,23,49045.332462305705,0
8060,1017,758.9527582655949,POS,0,Delhi,63,74248.00264642536,0
8061,1015,258.08644355995557,Online,0,Gujarat,54,114438.49970074752,0
8062,1039,118.30444772462124,Online,0,Maharashtra,37,91570.57209098461,0
8063,1035,729.8900880125725,Online,0,Tamil Nadu,23,126745.36119463724,0
8064,1024,421.16742315370385,Online,0,Gujarat,26,147405.07233087355,0
8065,1022,777.7759991623102,POS,0,Gujarat,46,21172.293782807814,0
8066,1011,473.0300337564499,POS,0,Delhi,54,140187.68021641579,0
8067,1033,378.70229232366256,POS,0,Delhi,22,73748.14304388546,1
8068,1035,478.6451378017767,Online,0,Tamil Nadu,30,73033.3913640969,0
8069,1036,761.1310363871429,Online,0,Karnataka,44,20085.730312601485,0
8070,1002,907.1092722133554,Online,0,Gujarat,40,128465.50949846448,0
8071,1008,97.27883675914676,POS,0,Delhi,54,118668.55640846903,0
8072,1017,547.9059641656074,POS,0,Karnataka,63,136221.3514103077,0
8073,1042,81.19365762968371,POS,0,Gujarat,51,41756.91600987707,0
8074,1034,494.9890677731408,Online,0,Gujarat,42,47964.636837819606,0
8075,1033,891.0186876420554,Online,0,Karnataka,54,59458.97563908874,0
8076,1040,393.51075309929416,POS,0,Delhi,40,88926.89306167951,0
8077,1013,935.8279000266111,Online,1,Tamil Nadu,45,64865.123868963085,0
8078,1003,649.0780480680789,POS,0,Gujarat,43,58964.44834465037,0
8079,1028,937.4475766033561,POS,0,Maharashtra,29,43750.21601277533,0
8080,1040,769.3082941418937,Online,0,Maharashtra,56,40696.12968748619,0
8081,1044,148.26340831632416,POS,0,Maharashtra,20,81482.16624400993,1
8082,1049,269.5937991845432,POS,0,Tamil Nadu,26,77967.00333552426,1
8083,1014,424.4619318543309,POS,0,Gujarat,64,122067.06722385729,0
8084,1027,211.6015379114722,POS,0,Delhi,32,127097.5935499557,0
8085,1041,520.1660245378275,POS,0,Delhi,25,111079.81690763569,0
8086,1015,497.7997479164161,Online,0,Tamil Nadu,45,128056.40348894808,0
8087,1011,958.4462381260122,POS,0,Gujarat,43,34150.75044244062,0
8088,1004,462.04148875117886,Online,0,Karnataka,33,79508.75829941471,1
8089,1033,796.3454640735979,POS,0,Karnataka,51,57238.90783534915,0
8090,1041,944.8150176089058,Online,0,Gujarat,37,52733.657234837985,0
8091,1000,883.1393894252863,Online,0,Gujarat,18,112650.35454627963,0
8092,1038,248.23424328601223,Online,0,Delhi,41,128059.72872483228,0
8093,1031,521.228399540867,POS,0,Tamil Nadu,46,34915.84916397203,0
8094,1025,380.3527931811294,Online,0,Tamil Nadu,21,36132.923301760005,0
8095,1016,429.86576038035474,POS,1,Delhi,21,103122.44652997292,0
8096,1047,392.7664849334637,POS,0,Maharashtra,55,38758.86665145354,0
8097,1026,835.041249666254,Online,0,Karnataka,20,119890.01225123534,0
8098,1023,479.5321023663251,Online,0,Gujarat,57,127730.36687174832,0
8099,1034,547.5096156324538,POS,0,Karnataka,19,87969.72103637698,0
8100,1045,983.324989194721,POS,0,Karnataka,46,138092.3309730643,0
8101,1041,106.98030858194062,POS,0,Tamil Nadu,45,22645.61446284924,0
8102,1038,513.5597578012114,Online,0,Delhi,29,49433.36345062466,0
8103,1025,785.3586215988103,POS,0,Maharashtra,61,120482.10639989328,0
8104,1048,193.6038602788152,POS,0,Maharashtra,32,144449.06982417393,1
8105,1037,630.9550148840352,POS,0,Delhi,58,144875.3384073725,0
8106,1022,277.4915405577434,POS,0,Karnataka,48,20051.745689929543,1
8107,1021,874.0339075633392,POS,0,Delhi,54,102142.25395619046,1
8108,1003,360.7446821300753,POS,0,Delhi,49,23552.76996145194,0
8109,1048,362.6096760558641,POS,0,Gujarat,39,111042.35591157961,0
8110,1008,618.2841845919988,POS,0,Gujarat,20,119845.42812604734,0
8111,1003,224.3847627139133,POS,0,Karnataka,34,131496.17000306945,0
8112,1006,320.644206957908,POS,0,Tamil Nadu,46,88827.64438240354,1
8113,1022,445.8002576134409,POS,0,Maharashtra,29,130514.61350888385,0
8114,1001,385.95596998310486,POS,0,Gujarat,31,140099.6439542086,0
8115,1048,548.6333571053033,Online,0,Karnataka,25,89319.75254343018,0
8116,1023,619.6581368655179,POS,0,Delhi,58,88134.97865318523,1
8117,1039,588.3340810626563,POS,0,Gujarat,19,85761.40767210117,0
8118,1030,671.4598963923356,POS,0,Delhi,51,85602.72208428639,0
8119,1046,342.36204077742923,POS,0,Delhi,41,120689.4421147548,0
8120,1030,170.10491579727665,POS,0,Gujarat,37,28752.890317379573,0
8121,1046,772.7671643595232,Online,0,Karnataka,60,78823.77905057534,1
8122,1039,858.241363499148,POS,0,Maharashtra,27,88118.26176498792,0
8123,1047,294.15592061131065,Online,0,Karnataka,57,47879.24628169445,0
8124,1042,436.73735835011877,POS,0,Tamil Nadu,24,90365.88544227844,0
8125,1033,523.6407561153775,Online,0,Tamil Nadu,18,79235.78359360492,0
8126,1023,556.6605006152896,Online,0,Maharashtra,27,115885.72071626487,0
8127,1048,676.5156625332693,POS,0,Tamil Nadu,22,65928.26547681203,0
8128,1025,89.52307168755527,Online,0,Delhi,57,143470.5098893804,1
8129,1015,735.4032285973161,Online,0,Tamil Nadu,38,73784.94534657283,0
8130,1046,108.87245663043976,POS,0,Gujarat,26,102016.01552381697,0
8131,1012,494.87413928922444,Online,0,Delhi,46,48818.348229081734,0
8132,1014,836.2875787907344,Online,0,Karnataka,48,109525.41278960824,1
8133,1026,478.6545476144764,Online,0,Maharashtra,62,86800.89137468912,0
8134,1003,191.63526132983537,POS,0,Gujarat,63,64490.724716890996,1
8135,1015,985.7821527556617,POS,0,Gujarat,44,65228.364992348455,0
8136,1029,894.8211889705501,POS,0,Maharashtra,23,68809.06984737076,0
8137,1043,782.7479515637633,POS,0,Tamil Nadu,60,76868.94142475215,0
8138,1029,440.9360227542499,Online,0,Maharashtra,48,52194.340282149176,0
8139,1035,224.6534405448329,POS,0,Maharashtra,58,56062.135847760714,0
8140,1002,944.3406223475762,Online,1,Tamil Nadu,62,144587.16701829777,0
8141,1021,555.7335701912821,POS,0,Karnataka,53,59164.02290850609,1
8142,1048,859.7376873681109,POS,0,Maharashtra,19,101498.05168037793,0
8143,1021,374.9902554714545,Online,0,Tamil Nadu,38,64894.24771902875,1
8144,1049,368.52390122549707,Online,0,Gujarat,51,125409.14114347319,0
8145,1049,986.2634566403372,POS,0,Maharashtra,39,110472.99351558623,0
8146,1048,545.7413960701074,POS,0,Maharashtra,30,62669.54657938043,1
8147,1011,183.66065266770897,POS,0,Karnataka,36,113161.10666792495,0
8148,1020,258.69094409497205,POS,0,Karnataka,50,118376.76865838125,0
8149,1003,507.84706542308476,POS,1,Gujarat,55,37977.910391832775,0
8150,1030,90.34736496399077,Online,0,Karnataka,57,95159.02935818397,1
8151,1043,489.40728610938544,POS,0,Gujarat,20,125008.70943099954,1
8152,1030,447.99379997612124,Online,0,Maharashtra,55,26545.357587569728,0
8153,1022,790.3694520535126,POS,0,Tamil Nadu,36,86022.63492638401,0
8154,1019,387.19486626477965,POS,0,Karnataka,24,129178.53508122184,0
8155,1014,983.4213234626194,Online,0,Gujarat,32,143859.1521133635,0
8156,1022,221.73142333585798,POS,0,Karnataka,55,105278.06676400825,0
8157,1027,611.4373507197281,Online,0,Karnataka,42,62614.71300786336,0
8158,1015,135.2143321578419,Online,0,Delhi,39,98629.71942710795,0
8159,1036,747.1707847942829,POS,0,Maharashtra,40,23557.2341008834,0
8160,1020,995.0160036588729,Online,0,Karnataka,27,79262.02066535139,0
8161,1014,828.1817058640506,POS,0,Tamil Nadu,53,114552.56086711444,0
8162,1016,577.9183636842862,POS,0,Delhi,54,24706.923829897158,0
8163,1049,510.5042895297074,POS,1,Gujarat,59,98420.3506639443,1
8164,1036,843.2784632035045,POS,0,Gujarat,59,96481.86647829608,0
8165,1012,939.175380475188,POS,0,Tamil Nadu,59,44657.40924059421,1
8166,1018,989.7461995081883,POS,0,Tamil Nadu,24,93998.95492575005,0
8167,1029,426.7122661862599,POS,0,Maharashtra,63,73228.53308605372,1
8168,1044,991.3716010547867,Online,0,Tamil Nadu,42,82247.77253132312,0
8169,1017,198.12993956513992,POS,0,Gujarat,57,62302.84431043425,1
8170,1013,290.87228713531374,Online,0,Maharashtra,58,125344.80158516401,0
8171,1035,134.5653184972014,POS,0,Tamil Nadu,41,67534.84882542929,1
8172,1035,308.15159066025757,POS,0,Tamil Nadu,22,122805.30527588537,0
8173,1019,779.5406740371105,Online,0,Gujarat,38,29954.49684431959,0
8174,1018,860.2781402695272,Online,0,Maharashtra,57,56215.24567725397,1
8175,1044,789.9480128474431,Online,0,Delhi,37,72347.10280110338,0
8176,1043,649.5124892593115,Online,0,Delhi,46,72595.34991759859,0
8177,1006,538.2681868965133,POS,0,Maharashtra,54,77368.30827143363,1
8178,1043,723.2690747529641,POS,0,Tamil Nadu,37,104810.64909161848,0
8179,1003,421.2918718038607,Online,0,Tamil Nadu,35,94627.11041380621,1
8180,1033,849.2429339247168,POS,0,Maharashtra,21,87736.19560031907,0
8181,1001,693.3305892779462,Online,0,Delhi,28,128897.41002789789,0
8182,1004,712.9144635696881,Online,0,Karnataka,39,45501.69686118147,0
8183,1009,559.1391934726178,Online,0,Gujarat,60,131831.0461458536,0
8184,1031,890.9675350006139,Online,0,Maharashtra,31,125485.91146617621,0
8185,1041,289.41399699509986,Online,0,Karnataka,62,45440.28928591174,0
8186,1040,412.09027069299816,POS,0,Gujarat,45,101128.23245999242,0
8187,1012,788.7604411938046,Online,0,Karnataka,21,49026.0887038651,0
8188,1038,518.1114513228708,Online,0,Karnataka,33,142566.683542534,0
8189,1004,894.7533127529813,POS,0,Gujarat,55,84083.45086211503,1
8190,1009,379.0793537747097,Online,0,Karnataka,40,46483.91086483012,0
8191,1009,400.86366037866253,Online,0,Delhi,30,102694.2708388943,0
8192,1037,894.298999917294,POS,0,Maharashtra,37,111937.16746472188,1
8193,1026,491.151804172939,POS,0,Delhi,22,98646.0544649053,0
8194,1020,540.3183549923624,POS,0,Delhi,36,51419.30502956123,0
8195,1007,366.12552956889544,POS,0,Gujarat,38,115577.8778235372,0
8196,1000,312.8364450701278,POS,0,Gujarat,59,140843.15857481066,0
8197,1027,673.1512752964724,Online,0,Gujarat,22,143777.5269756376,1
8198,1048,163.8486284641437,Online,0,Karnataka,31,108332.3586317776,0
8199,1038,885.3090091237638,Online,0,Karnataka,53,129231.88448341515,0
8200,1013,790.2429799268525,POS,0,Maharashtra,23,147222.1353606888,0
8201,1020,231.21085052051265,POS,0,Karnataka,22,25639.50441952276,0
8202,1029,709.3189485333371,POS,0,Maharashtra,41,82008.77444864792,0
8203,1020,622.5012752213531,POS,0,Delhi,46,57883.04819465692,0
8204,1048,225.3082981998119,POS,0,Maharashtra,46,81722.33251299249,0
8205,1008,309.54333074772086,POS,0,Maharashtra,19,139199.3137653963,1
8206,1016,438.5371785471427,Online,0,Gujarat,23,147840.20043022724,1
8207,1004,714.2805984832002,POS,0,Karnataka,51,137640.17075636503,0
8208,1030,656.7872383761556,Online,0,Tamil Nadu,29,45625.26746263186,0
8209,1039,555.6231052928631,Online,0,Tamil Nadu,39,124372.35808266434,0
8210,1037,779.9900159583325,Online,0,Gujarat,21,126295.36093384167,0
8211,1042,770.0408526258576,POS,0,Delhi,62,95319.2960452193,0
8212,1018,636.966196359143,POS,0,Delhi,23,112935.96728024668,1
8213,1035,797.640579215584,POS,0,Delhi,20,137696.4578546654,1
8214,1049,367.5502060402487,POS,0,Maharashtra,30,149241.35400661707,1
8215,1032,887.1870519064753,POS,0,Karnataka,40,25209.053694114176,0
8216,1012,634.1645815118437,Online,0,Delhi,52,53431.181480051644,0
8217,1013,831.245338121809,Online,0,Tamil Nadu,43,141494.8901060155,0
8218,1032,568.9651495507698,POS,0,Maharashtra,26,62789.41094912176,1
8219,1028,257.5163327392463,Online,0,Delhi,40,33843.58806518295,0
8220,1042,565.2896222443932,Online,0,Delhi,21,60724.58708818918,0
8221,1048,402.5560805877587,POS,0,Karnataka,51,87404.45162885178,0
8222,1035,712.6240842352398,Online,0,Karnataka,54,70191.86290504035,0
8223,1043,502.004102147999,Online,0,Maharashtra,25,122479.40399172637,1
8224,1009,844.3071646813033,POS,0,Tamil Nadu,51,99434.6350689697,0
8225,1030,694.1688867058208,Online,0,Gujarat,54,76537.59232523075,0
8226,1005,700.3172113797577,POS,0,Tamil Nadu,23,149643.95895921634,0
8227,1000,256.29756681651173,POS,0,Karnataka,24,135172.04946227928,0
8228,1006,985.0372781667259,POS,0,Karnataka,62,132093.35429817278,0
8229,1026,849.5914488079143,Online,0,Gujarat,58,93742.92477470865,0
8230,1020,799.5546403326599,Online,0,Tamil Nadu,56,121390.29513831747,0
8231,1027,363.7044639020261,Online,0,Tamil Nadu,53,63665.10881599269,0
8232,1015,558.8500702048702,POS,0,Gujarat,22,62880.57144660905,1
8233,1045,180.2480286706122,Online,0,Karnataka,20,135966.90297848918,0
8234,1022,561.5521778295706,Online,0,Maharashtra,34,97588.33506832224,0
8235,1019,188.5947841591229,POS,0,Tamil Nadu,36,64666.28273481848,0
8236,1037,575.3859517901211,POS,0,Delhi,62,129891.97838317955,0
8237,1024,666.2857861471604,POS,0,Tamil Nadu,18,77532.02303759039,0
8238,1027,420.68616888740723,Online,0,Tamil Nadu,54,71996.86478938964,0
8239,1004,523.6176344147286,POS,0,Tamil Nadu,26,23402.231126654544,0
8240,1020,881.8707182908566,Online,0,Karnataka,21,108270.32783180238,0
8241,1017,153.1349874676689,POS,0,Delhi,59,89243.51887903202,0
8242,1046,802.1462483496703,POS,0,Tamil Nadu,63,60537.785625609846,0
8243,1005,212.2168234463866,POS,0,Maharashtra,27,38109.18605826864,0
8244,1028,84.87258366439697,POS,0,Delhi,49,43714.0311475591,0
8245,1018,226.2958726077954,Online,0,Gujarat,18,49232.06192143406,1
8246,1032,776.7910304719652,Online,0,Maharashtra,40,132476.46242529212,0
8247,1000,434.86976967001704,Online,0,Gujarat,34,82482.68868077683,0
8248,1044,878.8944910038729,POS,0,Tamil Nadu,47,110414.62443919032,0
8249,1002,548.4721641231525,Online,0,Karnataka,44,79971.3947660356,0
8250,1041,71.13783433001441,POS,0,Tamil Nadu,32,81584.98958998642,0
8251,1020,730.8779291218304,POS,0,Tamil Nadu,55,126879.22373455316,0
8252,1034,154.72126328517106,Online,0,Gujarat,24,120250.37493124527,0
8253,1040,799.9106517888282,POS,0,Tamil Nadu,50,50177.96289985572,0
8254,1039,209.69742231492103,POS,0,Maharashtra,22,101343.57522055098,0
8255,1002,378.17406651523777,Online,0,Karnataka,56,108424.46797055204,0
8256,1024,773.2078581440923,Online,0,Gujarat,51,72624.44790419875,0
8257,1044,956.5197896026006,POS,0,Delhi,20,28883.128455791324,0
8258,1037,402.86225311439574,Online,0,Tamil Nadu,49,68282.6290360876,1
8259,1044,837.930209188989,POS,0,Gujarat,19,66579.67564621306,1
8260,1019,231.2526522020468,Online,0,Tamil Nadu,33,109781.84553718174,0
8261,1043,816.8207816923665,POS,0,Tamil Nadu,34,125237.315938666,1
8262,1044,674.6193562934385,POS,0,Gujarat,29,71482.04840137891,0
8263,1033,233.10633185175,POS,0,Maharashtra,22,103943.11294533144,1
8264,1020,337.378762333841,Online,0,Delhi,21,103568.49518242311,0
8265,1047,175.18234416718423,Online,0,Tamil Nadu,33,104260.16969279149,0
8266,1022,413.8186605110976,POS,0,Maharashtra,35,92060.17054262302,0
8267,1005,243.46620906711354,Online,0,Tamil Nadu,62,101798.1029241733,0
8268,1012,661.7980559489498,Online,0,Tamil Nadu,37,132799.36835805152,0
8269,1048,994.7798490095307,Online,0,Maharashtra,26,139837.76306312956,0
8270,1022,61.40870493005093,POS,0,Tamil Nadu,33,31933.92619874491,0
8271,1008,563.8738226229337,Online,0,Delhi,52,21527.83456235371,0
8272,1016,594.9832676715592,Online,0,Gujarat,46,87459.05584278786,1
8273,1001,918.4983501967713,Online,0,Maharashtra,47,73665.60680059015,0
8274,1018,530.7050680285906,POS,0,Karnataka,37,78652.02720329093,1
8275,1018,566.5163486626716,POS,0,Tamil Nadu,59,79605.67604606069,0
8276,1006,498.0701612619692,POS,0,Gujarat,39,136374.51689894943,0
8277,1041,305.4590893334073,Online,1,Delhi,40,102761.51867586702,0
8278,1041,103.227676586468,POS,0,Delhi,53,77504.20979228182,0
8279,1019,438.2247980993443,Online,0,Karnataka,39,79121.75227827195,0
8280,1008,99.9618976786446,Online,0,Delhi,18,129785.34162680285,1
8281,1016,572.9678459926218,POS,0,Gujarat,38,48217.3098122482,0
8282,1026,341.92896108017845,Online,0,Karnataka,60,21917.044029453376,0
8283,1046,556.9222814491563,POS,0,Maharashtra,36,82161.75982230293,1
8284,1001,177.58211617542736,Online,0,Karnataka,25,144861.224659195,0
8285,1035,935.9984674523917,Online,0,Maharashtra,22,125868.36522810183,0
8286,1018,899.7951813724382,Online,0,Delhi,57,73091.37912618057,0
8287,1016,230.4966837421703,Online,0,Gujarat,46,42762.881819739,0
8288,1004,376.2720691293094,Online,0,Tamil Nadu,35,94117.57986630907,0
8289,1038,632.8181332593806,POS,0,Karnataka,46,134361.5932493977,0
8290,1017,140.90189694061095,POS,0,Delhi,32,113245.56355343376,0
8291,1006,386.83943006034326,POS,0,Gujarat,62,90226.02898720866,0
8292,1016,288.5566724780558,POS,0,Tamil Nadu,48,115533.94758089517,0
8293,1038,919.7408922808618,Online,0,Karnataka,32,145405.1086217968,0
8294,1035,859.8851044747449,Online,0,Gujarat,62,91850.1561768651,0
8295,1039,600.8411042035206,POS,0,Delhi,20,92195.23286772968,1
8296,1044,544.3290200279955,POS,0,Karnataka,61,82218.43144875023,0
8297,1003,934.1895048181273,Online,0,Karnataka,61,93659.6870589976,0
8298,1037,935.8063938298745,POS,0,Maharashtra,59,102571.08970365937,0
8299,1024,970.8636190840774,Online,1,Maharashtra,50,46556.29299707759,0
8300,1004,169.10993990277825,Online,0,Karnataka,41,93843.79517815808,0
8301,1029,202.5299202250117,POS,0,Gujarat,55,21749.45455804295,0
8302,1011,692.8998637458923,Online,0,Delhi,41,141930.815095732,0
8303,1003,564.3627527793526,Online,0,Tamil Nadu,30,24919.10844217296,0
8304,1023,67.54260964857417,POS,0,Maharashtra,44,144559.90171239205,0
8305,1028,108.8762841900434,POS,0,Delhi,50,145969.0597522333,0
8306,1008,893.6763631458649,Online,0,Karnataka,36,88482.72989697702,0
8307,1003,875.427255762417,POS,0,Delhi,42,63214.36338134815,0
8308,1023,389.4073758962429,Online,0,Delhi,23,44043.593164058286,0
8309,1013,896.4980860840079,POS,0,Delhi,50,41082.71039817372,0
8310,1004,613.9913206780067,Online,0,Karnataka,42,50931.41213109331,1
8311,1017,815.6103646679568,Online,0,Maharashtra,40,81906.84717476345,0
8312,1041,456.0595176022036,Online,0,Tamil Nadu,34,116576.75800774737,0
8313,1018,157.72841097766332,Online,0,Gujarat,38,71834.84644469903,1
8314,1011,462.0407095137154,Online,0,Maharashtra,60,121531.5706504773,0
8315,1017,484.434808097053,Online,0,Tamil Nadu,37,93396.1991125756,0
8316,1016,573.3969841485729,Online,0,Karnataka,29,22506.006839227997,0
8317,1029,150.3035772592066,Online,0,Tamil Nadu,30,37132.89297986441,0
8318,1023,991.8317698971308,Online,0,Karnataka,35,94392.45705687926,0
8319,1010,281.929979766561,POS,0,Tamil Nadu,39,40951.52467694496,0
8320,1034,238.62478336023827,Online,0,Maharashtra,41,99080.52148408041,0
8321,1022,550.4627729131397,POS,0,Karnataka,50,77886.48628493128,0
8322,1016,560.3477704251442,POS,0,Delhi,20,109710.69127442144,0
8323,1000,467.8297009415821,POS,0,Karnataka,34,57886.81761824825,0
8324,1014,783.2975390089917,Online,0,Karnataka,56,126811.27600672166,0
8325,1031,540.8216806921725,Online,1,Tamil Nadu,49,70554.9574834553,0
8326,1008,629.2106823877349,POS,0,Karnataka,34,123564.23660510752,0
8327,1014,737.5590661373963,Online,0,Tamil Nadu,61,22518.203536209563,0
8328,1027,73.77384648567329,Online,0,Maharashtra,42,71100.93286337022,1
8329,1023,592.1119734177926,Online,0,Karnataka,25,48624.49613549,0
8330,1034,889.9847476669507,Online,0,Delhi,60,77678.44142780936,1
8331,1021,66.51930577916221,Online,0,Delhi,52,143085.293516612,0
8332,1026,434.92299861091306,Online,0,Maharashtra,46,40664.44400573812,0
8333,1018,929.9160776955384,POS,0,Delhi,29,31439.516001260145,0
8334,1044,385.4966821684109,POS,0,Tamil Nadu,53,27604.500569666026,0
8335,1011,485.7923829902288,POS,0,Karnataka,26,36036.7967271034,0
8336,1019,982.4643233920971,POS,0,Gujarat,43,28054.49751530005,0
8337,1000,239.35766600304513,POS,0,Karnataka,39,109015.9453709558,0
8338,1020,111.99242966875565,Online,0,Karnataka,48,35262.2281627836,0
8339,1048,866.4514613182391,Online,0,Gujarat,61,45667.18861289197,1
8340,1044,875.0420741517501,Online,0,Delhi,47,103919.02339584954,0
8341,1000,498.4739429460125,POS,0,Delhi,32,78000.52483681288,0
8342,1009,538.496815753422,POS,0,Karnataka,64,27106.4200455428,0
8343,1046,844.0160511369443,Online,0,Delhi,50,146187.63484940038,0
8344,1031,751.6315232100054,POS,0,Tamil Nadu,20,97991.03458984241,0
8345,1038,301.89155210616013,Online,0,Tamil Nadu,51,99792.90058210822,0
8346,1021,66.04868731794254,Online,0,Gujarat,34,130835.7864008046,1
8347,1017,505.71515440686846,Online,0,Karnataka,61,138182.1453531206,1
8348,1047,865.9667097908593,POS,0,Tamil Nadu,22,27421.746554530288,1
8349,1045,901.042942855654,POS,0,Maharashtra,47,28885.019271914593,0
8350,1031,958.4148872223461,Online,0,Delhi,60,120951.61981322983,0
8351,1026,885.5850757321422,Online,0,Karnataka,32,110458.50846792165,0
8352,1027,601.0413775331934,POS,0,Tamil Nadu,56,48185.613262270985,0
8353,1017,472.37531927429586,POS,0,Gujarat,25,61759.514727228925,0
8354,1038,786.1073542073941,POS,0,Tamil Nadu,59,99435.32343468067,0
8355,1048,752.8305526473166,POS,0,Maharashtra,55,122568.77005467283,0
8356,1028,561.2362585773817,Online,0,Tamil Nadu,45,98410.3340166696,0
8357,1017,132.96100393054564,Online,0,Karnataka,38,122955.91877090263,1
8358,1043,929.7772794475728,POS,0,Gujarat,64,49720.34553181534,0
8359,1007,482.822410626579,POS,0,Gujarat,27,63044.86893886311,0
8360,1030,395.1670928204511,POS,0,Maharashtra,45,33211.006406100154,0
8361,1033,648.0890254103331,POS,0,Karnataka,38,148025.87615922088,0
8362,1006,690.146063108628,Online,0,Maharashtra,45,125168.73330420471,0
8363,1035,250.15352117878635,POS,0,Maharashtra,39,113052.44662622496,1
8364,1017,845.0919025694584,POS,0,Maharashtra,55,45325.6204434014,0
8365,1037,325.44023897925894,Online,0,Tamil Nadu,36,110828.90338867361,0
8366,1008,227.34972961860086,POS,0,Delhi,55,132113.66166668374,0
8367,1008,436.07986021177254,Online,0,Tamil Nadu,63,125345.35743463591,0
8368,1045,744.032076852592,Online,0,Karnataka,41,118109.09803350992,0
8369,1007,967.1852695178133,Online,0,Maharashtra,45,70330.40659098205,0
8370,1034,818.8172011528616,POS,0,Maharashtra,62,119705.3494064853,0
8371,1017,943.3309587866821,Online,0,Delhi,30,82994.44091710646,1
8372,1004,183.57551387270044,POS,0,Gujarat,26,72588.32242932892,1
8373,1013,117.61795892049294,POS,0,Maharashtra,26,145421.7015728958,0
8374,1027,579.8195238113376,Online,0,Tamil Nadu,38,39067.08573842482,0
8375,1029,325.78260889183264,Online,0,Maharashtra,41,132413.46386856947,0
8376,1003,836.6522243208093,Online,0,Karnataka,48,61873.03697520676,0
8377,1038,688.3884778322098,POS,0,Delhi,46,87133.65711090139,0
8378,1019,972.1917557865047,POS,0,Gujarat,57,67181.67823972984,0
8379,1024,292.05273794473896,Online,0,Karnataka,27,85415.67640427657,0
8380,1027,511.49490863747076,POS,0,Tamil Nadu,21,126392.3332545269,0
8381,1011,526.1784535540855,Online,0,Karnataka,20,43791.717186864706,0
8382,1001,277.2179551145074,POS,0,Maharashtra,30,118123.0975012112,0
8383,1042,610.5887295136074,POS,0,Delhi,38,77965.56634702628,0
8384,1013,471.12168677527757,POS,0,Maharashtra,25,141543.5327928345,0
8385,1021,474.38547819037996,POS,0,Delhi,26,91108.35523519876,0
8386,1030,394.5998155738594,Online,0,Tamil Nadu,63,25378.80212790657,0
8387,1022,66.0828848042583,Online,0,Karnataka,18,138326.79220342546,0
8388,1047,545.9904750690496,Online,0,Delhi,31,140184.09276054535,0
8389,1019,368.4854439153146,POS,0,Karnataka,29,43389.77632808364,1
8390,1037,51.25387553511319,POS,0,Delhi,53,146446.1135824941,0
8391,1003,342.5465222788354,Online,0,Maharashtra,39,77953.93264977017,0
8392,1014,314.69691643526915,Online,0,Delhi,53,138874.56239450315,0
8393,1023,423.775745562454,Online,0,Delhi,62,67330.14357050086,1
8394,1024,175.2593901612271,POS,0,Gujarat,33,22948.881052862856,0
8395,1000,532.2996334033303,Online,0,Tamil Nadu,28,123352.66332806401,1
8396,1006,707.8183348922234,Online,0,Maharashtra,20,135155.45919906246,0
8397,1030,648.6762906018438,Online,0,Maharashtra,51,41165.125047112364,0
8398,1011,813.5672001907311,Online,0,Karnataka,42,92017.5219071374,0
8399,1041,479.40787358772707,Online,0,Delhi,43,128102.57305326141,0
8400,1004,543.1371438227418,Online,0,Delhi,20,80000.9492203271,0
8401,1043,819.8818438160341,Online,0,Delhi,37,122487.56328032743,1
8402,1049,456.3161122782766,Online,0,Maharashtra,48,102952.1277769792,0
8403,1041,716.5193824046171,Online,0,Gujarat,18,113694.95570544216,1
8404,1037,462.87225028209224,POS,0,Karnataka,43,139446.06194669427,0
8405,1011,446.8493847859845,Online,0,Delhi,42,74187.0361498998,1
8406,1038,772.1953433027023,Online,0,Gujarat,28,120226.73624698649,0
8407,1017,216.0950696929006,Online,0,Tamil Nadu,33,112648.86027522259,0
8408,1001,371.6566733444949,POS,0,Maharashtra,37,77068.56998639481,0
8409,1009,262.96366290955666,POS,0,Tamil Nadu,59,69552.6113250019,1
8410,1014,391.15444581921724,Online,0,Maharashtra,55,134576.10673367797,0
8411,1029,268.85608124772284,POS,0,Karnataka,19,46616.13491404199,1
8412,1043,600.4353495323219,POS,0,Tamil Nadu,46,61405.92372212892,0
8413,1016,808.262262486953,Online,0,Karnataka,24,146682.66085438943,0
8414,1003,797.2824081570068,POS,0,Karnataka,57,56057.55271376051,0
8415,1006,396.27591632135284,POS,0,Karnataka,62,133421.93612797244,0
8416,1040,989.3223855995486,Online,0,Tamil Nadu,42,68285.61191365018,0
8417,1030,614.1616464705107,Online,0,Tamil Nadu,21,91656.47197741126,0
8418,1038,429.43028668938,POS,0,Tamil Nadu,60,71784.49309731138,0
8419,1033,843.7623152793542,Online,0,Delhi,51,48769.229070344605,0
8420,1005,743.3803120105088,Online,0,Karnataka,42,109843.76205347318,0
8421,1049,761.8115699828992,Online,0,Delhi,25,145659.3261330334,1
8422,1037,236.332382247178,POS,0,Maharashtra,49,136065.4187944599,0
8423,1044,494.9080920001274,Online,0,Tamil Nadu,35,148085.9693192158,0
8424,1033,868.7367242833726,POS,0,Gujarat,57,109846.50931267688,0
8425,1043,528.8361072473194,POS,0,Maharashtra,28,24482.170980801653,1
8426,1014,699.2801062499979,Online,0,Karnataka,54,92029.07801691483,0
8427,1013,608.5370463825514,POS,0,Karnataka,56,100926.9881304931,0
8428,1005,850.238948332463,Online,0,Delhi,53,35618.69250816926,0
8429,1049,320.3327977735225,Online,0,Tamil Nadu,27,127695.50202063279,0
8430,1036,596.7015139920467,Online,0,Tamil Nadu,23,114910.48792028402,0
8431,1049,167.0729346093138,Online,0,Maharashtra,62,78295.77985911185,0
8432,1031,705.7002378644944,Online,0,Maharashtra,33,57959.317391397366,1
8433,1002,745.3694464350765,POS,1,Maharashtra,42,48834.75723502254,1
8434,1002,90.69545512954849,POS,0,Gujarat,51,145378.08957100933,0
8435,1021,692.0014154465858,Online,0,Gujarat,48,124269.82323447216,0
8436,1021,443.95564645749704,POS,0,Karnataka,64,110139.95147801048,0
8437,1009,167.8920323041982,POS,0,Karnataka,25,143289.42387678492,1
8438,1002,448.9121703135442,POS,0,Karnataka,34,46455.6295551406,1
8439,1011,234.5212832108026,POS,0,Tamil Nadu,31,131489.06673976756,0
8440,1028,444.7815555171507,Online,0,Karnataka,47,95847.99066847425,0
8441,1047,415.12207656060133,Online,0,Delhi,35,141296.42159554688,0
8442,1016,751.4720550892546,Online,0,Maharashtra,63,105879.29723248653,0
8443,1006,785.5047802580408,POS,0,Tamil Nadu,53,116399.33012559815,0
8444,1012,626.6772216653194,POS,0,Gujarat,38,48893.42573197847,0
8445,1001,71.55250007332516,Online,0,Maharashtra,48,64849.48185381239,0
8446,1003,934.4711651174443,Online,0,Karnataka,50,59299.73373441909,0
8447,1009,701.9216160916253,POS,0,Gujarat,40,110238.97344849611,0
8448,1038,82.4856774251294,Online,0,Gujarat,55,73452.54663608826,1
8449,1023,827.891254253412,POS,0,Gujarat,22,131797.13339328213,0
8450,1016,240.25284698209634,Online,1,Maharashtra,32,47635.597417600824,1
8451,1005,600.2601300925514,Online,0,Tamil Nadu,47,123436.78074930888,0
8452,1018,493.30265145267776,POS,1,Maharashtra,33,125721.55900762377,0
8453,1004,448.84684323732284,Online,0,Delhi,57,101624.22545276715,0
8454,1031,895.2280341181777,Online,0,Karnataka,46,39280.3186850445,1
8455,1009,465.49322698448395,Online,0,Tamil Nadu,45,62473.47222628921,0
8456,1008,121.5769116944932,Online,0,Tamil Nadu,23,71706.40254193501,0
8457,1026,949.3067908542049,Online,0,Karnataka,22,80508.36791413609,0
8458,1012,924.5084696776462,Online,0,Delhi,55,115779.57668927172,0
8459,1018,700.2110551025188,POS,0,Gujarat,42,63988.43730935201,0
8460,1020,494.49790172542373,POS,0,Karnataka,45,22368.308919825868,0
8461,1023,138.2164992963452,POS,0,Gujarat,18,132590.230736373,0
8462,1037,801.2107126486023,POS,0,Karnataka,31,76202.48051819863,1
8463,1003,121.70401870282751,POS,0,Maharashtra,36,56775.224308931705,1
8464,1023,115.17093565038837,Online,0,Delhi,48,126494.15944669051,0
8465,1034,560.5146503173996,Online,0,Delhi,32,134249.89973777873,0
8466,1002,202.1218281754082,POS,0,Karnataka,36,115035.04953037076,0
8467,1003,57.34375397333154,Online,0,Delhi,55,66061.07476733762,0
8468,1036,451.95775944599694,Online,0,Gujarat,49,50040.884659743126,0
8469,1039,180.35637002956264,Online,0,Delhi,48,112663.96083670219,0
8470,1047,202.48964451665668,Online,0,Delhi,54,27469.719655848996,0
8471,1034,123.06510679856792,Online,0,Delhi,43,70836.91699437369,0
8472,1030,244.83906603742943,POS,0,Tamil Nadu,58,118644.69876637256,0
8473,1043,729.70997078567,POS,0,Karnataka,42,96059.37970398496,0
8474,1024,818.4809418569018,Online,0,Maharashtra,64,115400.87006909988,0
8475,1039,479.9069618278356,POS,0,Maharashtra,57,94479.12017634422,1
8476,1012,531.2261250873469,POS,0,Tamil Nadu,25,51159.371001088686,0
8477,1003,81.02228286449247,POS,0,Tamil Nadu,21,82817.9400524922,0
8478,1045,115.85044830275102,POS,0,Maharashtra,48,120498.06843918287,0
8479,1013,294.68933936704104,Online,0,Gujarat,49,49950.822384119434,0
8480,1012,566.7034996774902,POS,0,Maharashtra,51,145192.6861603423,0
8481,1026,752.5735912982433,Online,0,Maharashtra,20,46372.222314264596,1
8482,1005,624.7529082711314,POS,0,Karnataka,58,21846.910946242784,0
8483,1016,422.5214622374489,POS,0,Maharashtra,43,121149.19798260585,0
8484,1035,162.40786935298127,Online,0,Maharashtra,21,140692.37460568437,0
8485,1039,791.73457314283,Online,0,Delhi,19,52063.54761815249,0
8486,1048,395.5967490191042,POS,0,Tamil Nadu,36,40157.34186529239,0
8487,1034,749.2513137586501,POS,0,Maharashtra,40,49110.734682741255,0
8488,1016,537.3298998186248,Online,0,Maharashtra,42,101622.39331229488,0
8489,1040,751.728950883734,POS,0,Gujarat,64,95272.67020061272,1
8490,1001,911.9250833799433,Online,0,Maharashtra,24,100775.07573202769,0
8491,1012,924.9780402511119,Online,0,Karnataka,25,21005.437121558152,0
8492,1001,558.3514410005732,Online,0,Gujarat,20,40408.3207855675,0
8493,1027,535.9329465273568,POS,0,Maharashtra,40,51620.94322679464,0
8494,1042,302.3945422276954,Online,0,Karnataka,64,110621.11317208988,1
8495,1025,939.0098399528268,Online,0,Tamil Nadu,50,99137.13124251916,0
8496,1021,485.02320883963984,POS,0,Maharashtra,45,101107.15358810608,0
8497,1046,171.2116773230083,Online,0,Tamil Nadu,39,94192.86523922576,0
8498,1042,461.06966889522243,POS,0,Maharashtra,52,116786.83520223707,0
8499,1002,170.70058772610378,POS,0,Gujarat,51,142420.2831456861,0
8500,1034,527.4051000442213,Online,0,Gujarat,47,107563.62902276345,1
8501,1011,583.2117391134016,POS,0,Karnataka,64,116845.10177618012,0
8502,1023,370.86797341890605,POS,0,Delhi,53,99064.17471992491,0
8503,1004,118.06808351991043,POS,0,Karnataka,31,123692.83435884514,0
8504,1019,946.3283588515771,Online,0,Maharashtra,26,142588.07849564642,0
8505,1038,784.6854578092581,Online,0,Tamil Nadu,39,98663.45869983357,0
8506,1038,846.9370264798649,Online,0,Tamil Nadu,45,43530.87640274341,0
8507,1012,398.52497457191794,POS,0,Maharashtra,58,120134.63978604224,0
8508,1040,772.789478518478,Online,0,Delhi,31,104608.3081733662,0
8509,1044,511.10425041073455,Online,0,Delhi,32,141368.60530580263,1
8510,1011,241.02931398574364,POS,0,Delhi,54,55377.41732713836,1
8511,1012,168.20220806185262,Online,0,Maharashtra,41,146104.76548359173,0
8512,1009,377.79832585595403,POS,0,Gujarat,51,91737.39158548339,0
8513,1032,180.6745059013827,Online,0,Gujarat,60,145319.70927757124,0
8514,1039,998.3555273938651,POS,0,Maharashtra,62,121925.10250764273,1
8515,1015,96.72954072042096,POS,0,Gujarat,61,132574.75959647627,0
8516,1044,469.08641940062273,POS,0,Delhi,20,62099.418223751745,0
8517,1034,479.48884627086494,POS,0,Gujarat,40,48526.46119636741,0
8518,1002,335.60033215259176,Online,0,Maharashtra,37,101130.87450239659,0
8519,1004,592.7839874215981,POS,0,Gujarat,62,68663.04341477412,1
8520,1025,192.47817294396745,POS,0,Gujarat,32,148166.34181688697,1
8521,1010,794.716761557872,POS,0,Gujarat,60,84414.61882838083,1
8522,1006,365.8253323352564,POS,0,Gujarat,33,34361.683986811986,0
8523,1009,611.7754603087096,POS,0,Maharashtra,24,84844.34865331266,0
8524,1041,729.8572742636113,POS,0,Karnataka,50,89560.78887473811,0
8525,1033,894.5900118056531,Online,0,Gujarat,36,20614.734001683006,0
8526,1002,843.9980646295901,POS,0,Karnataka,35,51913.62163020728,0
8527,1007,627.8935766983816,Online,0,Maharashtra,58,20174.139847350812,0
8528,1030,418.9735213646926,POS,0,Tamil Nadu,35,92930.16738560675,0
8529,1010,528.0444365712158,POS,0,Karnataka,20,57977.395860482124,0
8530,1044,780.2980537098624,Online,0,Maharashtra,20,42516.98316594688,0
8531,1006,883.6682654314994,POS,0,Tamil Nadu,53,129015.86221779419,0
8532,1044,148.59283176783828,POS,0,Gujarat,33,23902.294625505405,0
8533,1001,415.61344936840084,Online,0,Maharashtra,60,109922.17847527826,1
8534,1005,787.3107684928256,Online,0,Delhi,40,94489.88995649297,0
8535,1040,460.0691744642629,Online,0,Tamil Nadu,40,120301.78896849342,0
8536,1031,365.6163758629697,Online,0,Delhi,32,37194.23030035293,0
8537,1019,440.7565619821061,POS,0,Gujarat,26,133305.4052520754,0
8538,1033,622.7025094470332,Online,0,Gujarat,57,61812.01613303357,0
8539,1049,999.8148869271114,Online,0,Karnataka,55,21111.135456977605,0
8540,1015,518.3428076493052,Online,0,Gujarat,35,105367.997667581,0
8541,1024,248.06975120654752,POS,0,Karnataka,55,131715.73485280207,0
8542,1011,204.70424651514,Online,1,Tamil Nadu,23,65979.88734401461,0
8543,1006,90.23226010259359,POS,0,Delhi,61,88584.63330722302,0
8544,1038,580.8763731724054,POS,0,Tamil Nadu,54,73603.30343667633,0
8545,1016,567.3434869143925,POS,0,Delhi,63,25520.495346293283,0
8546,1044,244.9722304412937,POS,0,Maharashtra,23,117906.81218899331,0
8547,1010,710.5629361299386,Online,0,Tamil Nadu,38,142391.31284724057,1
8548,1005,754.0516895481967,Online,0,Maharashtra,47,74610.12176741651,0
8549,1022,296.1432951130057,POS,0,Delhi,45,38776.65217559978,0
8550,1026,376.8947758282497,Online,0,Karnataka,37,85659.66585549581,0
8551,1045,990.9480887298938,Online,0,Tamil Nadu,36,137618.1086820115,0
8552,1005,405.55124445819746,Online,0,Tamil Nadu,31,98756.51429631932,0
8553,1037,772.7615881682967,Online,0,Karnataka,18,47606.486395769796,0
8554,1001,480.08915529844296,POS,0,Karnataka,44,91917.06866037018,0
8555,1021,803.6775864679271,Online,0,Gujarat,49,62492.499652475024,0
8556,1019,780.5720768435154,Online,0,Gujarat,46,23062.806361554933,0
8557,1024,684.3682239386088,POS,0,Delhi,48,138773.5076258961,0
8558,1014,862.0394289808003,Online,0,Tamil Nadu,42,123279.20317114024,0
8559,1048,942.2575701338009,Online,0,Karnataka,24,140129.94795209292,0
8560,1028,600.9841544294796,Online,0,Karnataka,56,108763.68358872167,0
8561,1007,275.59546186160844,POS,0,Maharashtra,63,78466.01991598893,1
8562,1036,428.6975135618713,Online,0,Gujarat,33,84114.49523030034,0
8563,1048,770.3904278376285,Online,0,Maharashtra,61,46600.65035481105,0
8564,1032,668.3393108676761,POS,0,Karnataka,28,70218.88300607624,0
8565,1021,218.9084216369863,Online,0,Tamil Nadu,35,41300.620167891626,0
8566,1049,98.67756408910347,POS,0,Tamil Nadu,61,81550.03857244007,1
8567,1046,698.8135138649616,POS,0,Maharashtra,59,103969.47757948018,0
8568,1004,288.52507282787803,POS,0,Gujarat,22,53357.511695831265,0
8569,1038,524.6867315426008,Online,0,Delhi,19,142689.76130258472,0
8570,1017,759.4094338869645,Online,0,Tamil Nadu,27,104089.99277467115,0
8571,1037,584.5334416235165,Online,0,Delhi,43,48589.30002404032,0
8572,1036,129.13745395620657,Online,0,Gujarat,41,41710.08093610346,0
8573,1029,226.30122494437762,Online,0,Maharashtra,43,42096.19939837309,0
8574,1030,258.3617748293732,POS,0,Gujarat,33,146601.23698938932,0
8575,1009,294.9710409626026,POS,0,Karnataka,42,50760.98213729792,0
8576,1014,587.133222352979,POS,0,Gujarat,55,41888.59281084579,0
8577,1041,528.7674908341238,POS,0,Maharashtra,23,41318.6654972282,0
8578,1047,243.00203644599847,Online,0,Maharashtra,29,64758.32038137706,0
8579,1043,114.17710128290273,POS,0,Gujarat,26,99991.0424616147,0
8580,1017,212.86059425098216,POS,0,Maharashtra,59,30280.09168981698,0
8581,1022,985.1622469876731,Online,0,Karnataka,25,40726.49517054214,1
8582,1032,495.1196023018987,POS,0,Delhi,48,146938.84968470482,0
8583,1015,873.9782294670068,Online,0,Gujarat,58,100312.94721262327,0
8584,1037,856.3148433354012,Online,0,Maharashtra,49,38158.83501078381,0
8585,1034,535.94357958973,Online,0,Delhi,24,91512.66761552141,0
8586,1033,721.3533230375164,POS,0,Karnataka,49,51321.880036383474,0
8587,1027,233.11440989207668,POS,0,Gujarat,59,146570.12907458458,1
8588,1001,703.9768696805629,POS,0,Maharashtra,42,70545.553869306,0
8589,1029,308.765350300125,POS,0,Delhi,50,38508.765358362856,0
8590,1012,840.4589919164432,POS,0,Karnataka,45,99685.50022419934,0
8591,1040,129.53792645346442,POS,0,Tamil Nadu,28,37849.90089703747,0
8592,1015,784.4817392410137,Online,0,Maharashtra,48,87349.09109022078,1
8593,1004,144.94006124018856,Online,0,Karnataka,27,130790.28444958461,1
8594,1027,887.1297750495935,POS,0,Delhi,19,64944.99667088663,0
8595,1038,338.9942922282535,POS,0,Gujarat,63,82072.59444736576,0
8596,1044,671.673696589046,Online,0,Delhi,61,34082.39181731223,0
8597,1019,513.1271646892658,Online,0,Gujarat,21,104024.38712029209,0
8598,1023,397.987987999222,Online,0,Karnataka,39,34575.582513422894,1
8599,1026,663.1697415243217,POS,0,Karnataka,62,62505.41530037924,1
8600,1029,950.146831523676,POS,0,Delhi,45,129353.77153809302,0
8601,1044,89.20626000589075,POS,0,Delhi,27,39489.41951904376,0
8602,1026,922.910213088949,Online,0,Gujarat,19,129222.10806851368,0
8603,1025,628.6275722699628,POS,1,Maharashtra,48,101974.34286462382,1
8604,1006,816.9485857305997,POS,0,Delhi,59,38335.63690329793,0
8605,1041,414.6812057625637,POS,0,Maharashtra,40,41903.98915447983,1
8606,1046,498.25082609573303,POS,0,Maharashtra,33,106217.74069592144,0
8607,1037,875.4082142111058,POS,0,Maharashtra,26,114792.25379975137,0
8608,1004,444.10557131933194,POS,0,Karnataka,60,105245.3546046825,0
8609,1022,557.9265884116307,Online,0,Karnataka,23,112826.75404722305,0
8610,1027,69.18517693011626,POS,0,Maharashtra,42,67005.85130182572,0
8611,1033,200.66810554614017,Online,0,Maharashtra,21,20186.59072232965,0
8612,1014,659.6021825760598,Online,0,Karnataka,29,88757.05120935313,0
8613,1031,731.1280560106833,Online,0,Gujarat,41,97287.3069166113,1
8614,1025,603.4708899452745,POS,0,Tamil Nadu,44,109395.08985520674,0
8615,1047,186.14453446183015,POS,0,Delhi,20,50070.69839591953,0
8616,1030,473.1351571489431,POS,0,Maharashtra,29,42130.13043588879,0
8617,1018,387.34002804503035,POS,0,Karnataka,64,127939.70482813333,0
8618,1008,520.878276833334,Online,0,Maharashtra,47,129368.61734196974,0
8619,1028,876.8125828263895,POS,0,Maharashtra,29,148389.37428945006,1
8620,1038,787.0683667257193,Online,1,Maharashtra,58,64168.888398387535,0
8621,1003,129.79002631970098,POS,0,Maharashtra,59,27672.348938362415,0
8622,1002,895.7937378858361,POS,0,Gujarat,57,81864.89435508096,1
8623,1028,498.1787935923324,Online,0,Delhi,62,82366.97507926697,0
8624,1010,756.6690376416985,Online,0,Delhi,39,24748.925575740068,0
8625,1032,183.03726970113453,Online,0,Karnataka,32,94757.98615815054,1
8626,1037,687.1835494216957,POS,0,Gujarat,45,53906.47517539924,0
8627,1010,274.50971672898504,Online,0,Gujarat,34,35486.30447128432,0
8628,1026,466.461852283885,Online,0,Delhi,61,98635.86348488306,0
8629,1032,66.0197265779992,Online,0,Karnataka,42,56704.96848538998,0
8630,1020,194.03010603395222,POS,0,Gujarat,60,93004.57462783867,0
8631,1038,137.4764684674388,Online,0,Karnataka,62,21977.30513960708,0
8632,1030,277.7569642913455,Online,0,Delhi,20,67608.4993078813,0
8633,1037,145.01718552310615,POS,0,Maharashtra,53,132505.00470721704,0
8634,1045,707.3145252885838,Online,0,Gujarat,48,104515.22776906886,0
8635,1001,77.5879070987584,Online,0,Karnataka,32,132776.3216453126,0
8636,1026,636.853475593748,Online,0,Maharashtra,63,116261.68472896292,0
8637,1035,183.67243928429554,POS,0,Delhi,45,113563.00780758419,0
8638,1010,947.903384319002,Online,0,Tamil Nadu,60,133103.01086677026,0
8639,1046,936.4393694543616,Online,0,Gujarat,48,22540.60469403632,0
8640,1017,264.2279473949145,Online,0,Gujarat,62,74599.78011245106,0
8641,1000,633.700233311878,Online,0,Karnataka,37,144853.82756235264,0
8642,1034,76.60505349883552,Online,0,Delhi,62,43031.02581736292,1
8643,1034,935.1991158986153,Online,0,Delhi,38,104984.55623910326,0
8644,1030,546.8379427821242,Online,0,Gujarat,44,122725.11565221689,0
8645,1027,91.06199384689005,POS,0,Gujarat,36,141368.58762579775,0
8646,1038,375.3749933577305,POS,0,Karnataka,53,133333.67390687147,0
8647,1000,123.00698876817249,POS,0,Karnataka,29,107955.5606593494,0
8648,1024,423.2972174046919,Online,0,Tamil Nadu,52,112450.84672287462,0
8649,1042,686.4300250532569,POS,0,Maharashtra,50,64594.71696840413,1
8650,1037,496.39541263936763,Online,0,Karnataka,53,49111.62581647403,0
8651,1019,414.53606598348176,Online,0,Maharashtra,58,144620.9661489145,0
8652,1002,163.19919326344154,Online,0,Gujarat,40,146823.5774701366,0
8653,1001,282.6920934089735,POS,0,Tamil Nadu,30,75198.3471763401,0
8654,1017,145.13612335143358,POS,0,Tamil Nadu,47,73407.18952302187,0
8655,1043,817.1237950738278,Online,0,Tamil Nadu,27,78723.31754792822,0
8656,1009,178.47783658548644,Online,0,Delhi,58,79983.80537948808,0
8657,1004,615.6046982214489,POS,0,Gujarat,37,129481.646971196,0
8658,1008,375.60339290940357,POS,0,Delhi,23,75990.28304372149,0
8659,1001,264.6794654224243,POS,0,Delhi,48,134705.67428461876,0
8660,1033,657.4950175174986,POS,0,Tamil Nadu,36,110374.01492770536,0
8661,1037,484.15219390809364,POS,0,Delhi,20,145500.87459266122,1
8662,1030,430.13819392033116,POS,0,Gujarat,27,107692.84783423133,0
8663,1009,613.2094046476105,POS,0,Gujarat,27,73582.92654286456,0
8664,1049,516.7042470655007,Online,0,Delhi,38,139337.3389607544,0
8665,1011,338.3099981239827,Online,0,Gujarat,19,49873.27425815566,1
8666,1035,581.108223376989,POS,0,Maharashtra,62,145444.21925575624,0
8667,1020,686.0236477231598,POS,0,Delhi,56,25645.769324469584,0
8668,1048,75.35850065751157,Online,0,Tamil Nadu,62,103322.2776210687,0
8669,1046,492.5781424622916,POS,0,Tamil Nadu,47,22372.45463248081,0
8670,1005,104.79912035436658,Online,0,Gujarat,63,46516.59034045735,0
8671,1047,227.08514336470552,Online,0,Gujarat,45,80316.78291597709,0
8672,1048,582.4832973740745,POS,0,Tamil Nadu,35,40575.49429495689,0
8673,1002,872.8794695023017,Online,0,Maharashtra,31,148547.09916144854,0
8674,1009,888.6653952290606,POS,0,Tamil Nadu,62,120491.62438964621,0
8675,1004,116.44680963169971,POS,0,Delhi,36,130611.09209059957,0
8676,1045,448.14983197237126,Online,0,Tamil Nadu,57,147279.15959525498,0
8677,1025,603.8561588543237,Online,0,Karnataka,53,107719.93163872873,0
8678,1020,189.71640932282625,Online,0,Maharashtra,58,54657.76384898761,1
8679,1044,777.1606059075331,POS,0,Maharashtra,29,118403.97274070117,0
8680,1025,757.0234955153769,POS,0,Tamil Nadu,37,95960.44781012397,0
8681,1037,908.1739630214549,POS,0,Karnataka,51,54774.87746857195,1
8682,1043,58.06171147927087,POS,0,Delhi,53,67746.97933970389,1
8683,1025,255.85003178955253,POS,0,Tamil Nadu,38,99022.83004886654,0
8684,1007,835.8273785330557,POS,0,Delhi,36,71409.07853888838,0
8685,1004,687.0510482855886,POS,0,Karnataka,58,50567.15711067972,0
8686,1014,899.6703610135662,Online,0,Tamil Nadu,58,75890.01507855716,0
8687,1015,104.32067180375319,POS,0,Tamil Nadu,60,50368.11370488921,0
8688,1000,617.1157674306207,Online,0,Delhi,59,133764.37618059135,0
8689,1015,590.5942461489905,Online,0,Tamil Nadu,52,110229.5763541608,0
8690,1036,83.89069554250575,POS,0,Karnataka,25,68949.87561471027,0
8691,1002,537.8459730668594,Online,0,Tamil Nadu,39,142907.32739168924,0
8692,1046,629.044295744428,Online,0,Gujarat,60,70563.2997290676,0
8693,1030,231.72851549200186,Online,0,Karnataka,55,94680.99403732688,0
8694,1012,309.66310396842977,POS,0,Maharashtra,35,86543.37550755913,0
8695,1015,658.3299789828502,Online,0,Delhi,25,35849.14895867606,0
8696,1042,494.88590021996043,POS,0,Karnataka,19,75092.95815861633,0
8697,1020,865.1129746899105,POS,0,Maharashtra,37,30080.929655972024,0
8698,1001,375.2626777087289,POS,0,Maharashtra,22,42171.6705210825,0
8699,1026,303.3266754687911,Online,0,Karnataka,59,122378.67446401021,0
8700,1037,985.6226433276006,Online,0,Maharashtra,47,59346.050183330255,0
8701,1025,915.5789816235792,POS,0,Maharashtra,35,31564.265444882447,0
8702,1037,77.54310774903087,POS,0,Gujarat,61,113464.62704631823,0
8703,1045,782.1921845412376,POS,0,Tamil Nadu,40,124311.54945291967,0
8704,1024,154.81803513394283,Online,0,Gujarat,19,95150.06358306264,1
8705,1010,76.1109350879024,Online,0,Tamil Nadu,59,139029.51225236594,0
8706,1007,310.0107401680314,Online,0,Maharashtra,61,130427.5456766128,0
8707,1007,305.8785851080491,Online,0,Tamil Nadu,54,91852.6757894458,0
8708,1032,828.3528242296164,Online,0,Gujarat,59,115811.35132524733,1
8709,1006,725.1338836456933,Online,0,Delhi,49,62801.43862624475,0
8710,1037,982.5289559654136,Online,0,Delhi,18,102717.04313525301,0
8711,1020,725.9372552962276,POS,0,Tamil Nadu,56,147000.6635380271,0
8712,1007,447.3427755932455,Online,0,Delhi,18,123983.41218215546,0
8713,1020,713.981277897956,POS,0,Karnataka,61,68689.76999921087,0
8714,1019,999.486113827082,Online,0,Delhi,48,141207.57003382104,0
8715,1007,724.6347884344017,POS,0,Tamil Nadu,56,127267.75385411749,1
8716,1045,773.5972881813024,Online,0,Maharashtra,25,24838.76960795458,0
8717,1030,941.4467644307464,Online,0,Gujarat,20,116980.64883791971,0
8718,1049,157.96869824609917,Online,0,Delhi,64,146931.90565882367,0
8719,1028,719.5450787753405,POS,0,Tamil Nadu,29,61301.853199799865,0
8720,1047,858.2656600690765,Online,0,Gujarat,51,55793.73034126662,1
8721,1008,956.6596702098484,Online,0,Karnataka,42,103208.71191880542,0
8722,1014,250.4208252261144,POS,0,Maharashtra,53,34315.85946714826,0
8723,1029,528.7325573380319,Online,0,Gujarat,24,107746.8693128656,0
8724,1025,696.5271052622577,Online,0,Gujarat,32,49455.341073281204,0
8725,1009,285.09434302627056,POS,0,Tamil Nadu,38,78699.04142505732,0
8726,1028,620.4492200877603,Online,0,Karnataka,42,135956.12714992423,0
8727,1015,294.6998433730994,POS,0,Delhi,55,123582.34112151037,0
8728,1035,366.78416950506494,POS,0,Karnataka,54,34038.96241753374,0
8729,1019,469.4427616853218,POS,0,Maharashtra,33,118979.97334169083,1
8730,1044,552.7305938092386,Online,0,Delhi,18,73522.4078887914,0
8731,1036,476.8975780438931,Online,0,Karnataka,64,149277.41998223017,0
8732,1021,518.5357437985327,POS,0,Maharashtra,54,58965.69771531375,0
8733,1006,333.659318473878,POS,0,Gujarat,62,81177.88993459957,1
8734,1022,201.01683932149908,Online,0,Gujarat,31,64353.113940340816,0
8735,1040,94.98247846049746,Online,0,Gujarat,51,96205.04830305093,0
8736,1039,236.17978636708432,Online,0,Gujarat,19,54563.84445339929,0
8737,1028,602.8464594304938,POS,0,Delhi,48,138644.0870604577,1
8738,1015,796.8096754129757,Online,0,Gujarat,36,100208.58619586288,0
8739,1037,210.7852175707498,POS,0,Delhi,36,142552.27706818917,0
8740,1027,153.12758988401606,POS,0,Delhi,61,108467.31256292773,0
8741,1047,761.8258425217878,Online,0,Karnataka,40,44158.49230088941,0
8742,1037,339.9004140104252,Online,0,Gujarat,47,22004.55040945436,0
8743,1030,953.9244672659848,POS,0,Tamil Nadu,34,72985.04980758743,0
8744,1013,728.6020720798545,POS,0,Gujarat,19,149156.36531863624,0
8745,1032,360.41824488087934,Online,0,Tamil Nadu,28,134000.61459998446,0
8746,1008,325.06561040401965,POS,0,Gujarat,31,130084.1861448133,1
8747,1026,547.5134669577436,Online,0,Delhi,58,93928.94783538849,0
8748,1023,125.18743486429896,Online,0,Gujarat,46,32329.120074428,0
8749,1012,161.79268701303403,POS,0,Gujarat,36,21972.761783858936,0
8750,1025,217.0649872503829,POS,0,Gujarat,45,129020.95971665299,0
8751,1028,785.9874136393322,Online,0,Gujarat,18,43061.04014875401,1
8752,1048,538.1644913056664,POS,0,Karnataka,22,29970.61729171595,0
8753,1042,60.03876663572079,POS,0,Karnataka,51,112268.27200281656,1
8754,1027,689.8407010985036,Online,0,Delhi,31,20152.66043568051,0
8755,1027,452.5056697274722,POS,0,Delhi,36,116306.28934241911,0
8756,1007,535.3097467156081,Online,0,Tamil Nadu,41,45003.12384560642,0
8757,1022,253.41043124228878,POS,0,Delhi,57,61781.276516083926,0
8758,1028,574.1931169743984,Online,0,Karnataka,34,42320.706281663515,1
8759,1004,980.1955777639141,POS,0,Delhi,19,121029.25250486445,0
8760,1041,119.77245645547337,POS,0,Tamil Nadu,48,83020.45167605812,0
8761,1006,319.7215296812091,POS,0,Tamil Nadu,34,41557.878865813305,1
8762,1041,280.8477132177883,POS,0,Karnataka,25,25009.066279779614,0
8763,1035,286.12184521362065,POS,0,Delhi,63,148272.2417564804,1
8764,1040,409.77103968710844,POS,0,Tamil Nadu,34,112867.75957121083,0
8765,1026,827.2042955069592,POS,0,Delhi,55,108393.82000014624,0
8766,1045,917.2157554661679,POS,0,Delhi,43,85365.1572928408,1
8767,1001,242.10433308602467,Online,0,Karnataka,60,76548.19853951363,0
8768,1024,565.8024410507071,POS,0,Karnataka,57,123475.39273159562,0
8769,1008,655.0540235572063,POS,0,Delhi,62,127458.98963180147,1
8770,1026,545.7361006456526,POS,0,Gujarat,57,27943.157402330067,0
8771,1000,462.37257448707356,POS,0,Gujarat,24,131724.65106100944,0
8772,1022,232.37673056627594,POS,0,Maharashtra,41,119001.54278011485,0
8773,1009,513.8083912392766,Online,0,Maharashtra,47,83207.65872138279,1
8774,1041,431.1540863257624,Online,0,Maharashtra,43,81922.17352109135,1
8775,1024,805.7851943771561,POS,0,Karnataka,47,128523.5917166642,0
8776,1002,775.4241412048455,POS,0,Delhi,52,123163.05343690595,0
8777,1005,177.29874714538718,POS,0,Tamil Nadu,19,38043.59026531238,0
8778,1005,134.09309993491422,POS,0,Delhi,61,91395.40659059059,0
8779,1001,912.7462460661278,Online,0,Delhi,21,146016.46570373533,0
8780,1017,558.7329695162728,POS,0,Maharashtra,22,115610.03626285408,0
8781,1022,864.9108904184611,Online,0,Delhi,19,146487.17732246724,0
8782,1001,105.24356453808109,POS,0,Maharashtra,48,120879.67154845249,0
8783,1011,550.1898356955487,Online,0,Delhi,44,88205.987323317,0
8784,1021,562.4551888474246,Online,0,Tamil Nadu,41,98637.34622243934,0
8785,1036,867.6669309150425,Online,0,Gujarat,62,112223.73972923563,0
8786,1019,142.7294983182221,POS,0,Gujarat,21,114747.47150220325,0
8787,1038,278.42328549211385,POS,0,Karnataka,45,117182.64418700436,1
8788,1023,436.21139819266244,POS,0,Tamil Nadu,22,140933.71462776233,0
8789,1047,872.549401648945,POS,0,Delhi,44,60191.440024052776,0
8790,1019,941.9391493170386,POS,0,Tamil Nadu,61,127831.43066307718,0
8791,1000,993.0883886139464,Online,0,Delhi,64,94058.62133114233,0
8792,1000,961.2338121355955,Online,0,Tamil Nadu,22,135092.858157405,0
8793,1016,55.644668052136694,Online,0,Tamil Nadu,22,102042.18702781397,0
8794,1000,95.32292438117844,POS,0,Gujarat,26,141569.3345224238,0
8795,1044,190.22647819970922,Online,0,Tamil Nadu,64,75124.35971618861,0
8796,1029,381.4189919317595,POS,0,Karnataka,44,32908.06319143364,0
8797,1040,838.4221294376108,Online,0,Delhi,21,103832.23298746179,0
8798,1046,898.0233855687064,POS,0,Maharashtra,41,120696.62300473813,1
8799,1002,227.4926859798539,Online,0,Tamil Nadu,44,109886.44677102177,0
8800,1045,638.6809440387233,POS,0,Maharashtra,18,114247.58869179242,0
8801,1010,921.4938858120128,Online,0,Gujarat,49,23754.478067645257,0
8802,1023,490.54514913475475,Online,0,Maharashtra,33,145440.08458038722,0
8803,1021,148.36639335514477,Online,0,Karnataka,40,54343.31910732519,0
8804,1043,484.9229675803937,POS,0,Karnataka,45,73802.07053817515,0
8805,1044,407.00515717365437,Online,0,Gujarat,37,74394.95570646814,1
8806,1025,598.7750962627066,Online,0,Karnataka,34,137878.22400570766,0
8807,1012,466.7257501867485,Online,0,Delhi,53,116693.95295532323,0
8808,1000,66.47863051103204,POS,0,Karnataka,62,100626.83803739528,0
8809,1023,994.2978467429876,Online,0,Tamil Nadu,25,35596.40679738574,0
8810,1009,566.3632258440424,POS,0,Karnataka,35,62045.8934081125,0
8811,1034,499.94921771037906,Online,0,Delhi,30,83930.30112550937,1
8812,1023,956.8865029288513,Online,0,Gujarat,26,34937.14944814959,0
8813,1027,198.06734920772325,POS,0,Karnataka,54,94270.00096097232,0
8814,1035,229.77572241798583,POS,0,Delhi,47,47864.31778450556,0
8815,1015,817.6140116096443,Online,0,Tamil Nadu,60,127183.60657046146,0
8816,1039,297.7895260237583,POS,0,Maharashtra,45,127762.03479737433,0
8817,1015,809.2657509769506,POS,0,Maharashtra,63,97862.95778743392,0
8818,1016,307.9568087630774,POS,0,Gujarat,35,66735.21335612051,0
8819,1014,81.52824871375141,Online,0,Gujarat,37,25792.17074708797,0
8820,1015,541.1639876923803,Online,0,Maharashtra,53,101768.5086266058,0
8821,1014,236.8521124205183,Online,0,Maharashtra,36,121996.19022961243,0
8822,1033,769.9539782858475,POS,0,Gujarat,22,122751.88069687539,1
8823,1010,659.1396515705408,POS,0,Maharashtra,51,82981.03192436945,0
8824,1000,927.4225345790219,POS,0,Karnataka,34,38255.128227102796,1
8825,1014,793.8389394024491,POS,0,Delhi,45,28425.815628107855,0
8826,1025,221.7371570986905,Online,0,Gujarat,53,27244.91304147034,0
8827,1003,810.1503248315565,POS,0,Delhi,55,52432.08984570237,0
8828,1042,659.6501925733221,Online,0,Tamil Nadu,47,38392.998422388795,1
8829,1004,685.5040596725937,POS,0,Tamil Nadu,35,41952.7203483818,1
8830,1034,840.6497416716413,Online,0,Karnataka,23,110869.06541679053,0
8831,1012,595.1328657294932,Online,0,Tamil Nadu,43,43335.94098768317,0
8832,1009,492.7033386353623,POS,0,Gujarat,32,110003.56022251304,0
8833,1010,654.8089835907915,POS,0,Karnataka,18,65709.23698971825,1
8834,1017,333.05955751044115,POS,0,Karnataka,34,120721.21066540747,0
8835,1033,223.46727453274434,Online,0,Gujarat,48,40677.05672683383,1
8836,1038,635.758446167684,POS,0,Maharashtra,19,23037.54603958983,1
8837,1040,272.15595063120384,Online,0,Delhi,53,31598.548910485377,0
8838,1041,125.91935387927639,POS,0,Gujarat,52,145599.22212153906,0
8839,1049,50.52647535599122,Online,0,Maharashtra,44,89933.51331536245,0
8840,1022,627.9034313300638,POS,0,Maharashtra,20,98914.00106817456,0
8841,1006,394.04134430622497,Online,0,Tamil Nadu,63,145710.75235085166,0
8842,1038,764.6954221397832,Online,0,Karnataka,37,120880.77431756757,0
8843,1002,406.41757839744736,Online,0,Karnataka,25,34644.80653132706,0
8844,1011,511.7032758263154,POS,1,Tamil Nadu,46,74830.43887261336,0
8845,1006,436.73072417461566,Online,0,Tamil Nadu,25,126781.08930236052,0
8846,1048,668.0460515538788,POS,0,Karnataka,58,106449.16457498191,0
8847,1025,388.3322039142198,Online,0,Gujarat,44,48046.721322259844,1
8848,1032,965.5792674451934,POS,0,Gujarat,43,124741.97996702674,0
8849,1036,939.3396372686036,POS,0,Gujarat,56,92648.52655879364,1
8850,1047,855.6265075244173,Online,0,Gujarat,27,122481.27492776993,0
8851,1014,924.2852570441107,Online,0,Tamil Nadu,47,101440.45648413905,0
8852,1001,476.68270403642146,POS,0,Delhi,50,80173.6004000188,0
8853,1040,559.6088769500175,Online,0,Delhi,53,114706.45142917684,0
8854,1006,754.9879629303322,POS,0,Karnataka,37,132534.09073817698,0
8855,1031,711.3386286916141,POS,0,Delhi,21,80523.48724550767,0
8856,1003,896.1446658251973,POS,0,Gujarat,40,23872.40486365548,0
8857,1019,730.5144758938605,POS,0,Tamil Nadu,46,97119.233752921,1
8858,1049,997.9904728170375,POS,0,Gujarat,63,31743.748681626173,1
8859,1035,381.0805098400115,POS,0,Maharashtra,49,62188.120878201225,0
8860,1031,841.347855127447,POS,0,Tamil Nadu,54,91471.64865013032,0
8861,1027,712.753081691031,POS,0,Maharashtra,54,64885.44172860808,0
8862,1012,706.8171229542677,POS,0,Maharashtra,43,56521.0767726798,0
8863,1000,359.54381510274897,Online,0,Karnataka,22,22614.4746555536,0
8864,1034,796.3217028018714,POS,1,Maharashtra,41,55005.12146959065,0
8865,1047,905.3572212302192,POS,0,Delhi,60,70023.78843386048,1
8866,1029,257.6210384445348,POS,0,Delhi,19,57732.98232148236,1
8867,1035,644.2219952608689,Online,0,Maharashtra,32,101694.4311481835,1
8868,1024,422.5280876476364,Online,0,Karnataka,63,106555.39672512983,0
8869,1015,990.0707133301332,Online,0,Maharashtra,63,121387.44189708274,0
8870,1018,504.8911750400975,Online,0,Tamil Nadu,57,44167.65344850358,1
8871,1000,266.90416510709554,Online,0,Tamil Nadu,25,100460.51576841486,0
8872,1004,412.76474396074093,Online,0,Tamil Nadu,54,75907.74628918082,0
8873,1021,671.1464703257949,POS,0,Tamil Nadu,54,61974.805046277856,0
8874,1023,122.28490278209746,Online,0,Maharashtra,31,82760.70743722792,0
8875,1042,623.4218242101757,Online,0,Gujarat,22,82568.28500210431,0
8876,1044,934.6635212199532,Online,1,Gujarat,26,103118.15855073469,1
8877,1036,857.8446482749579,Online,0,Tamil Nadu,39,92698.38874893443,1
8878,1035,114.2898598250842,Online,0,Karnataka,60,102065.67650417128,0
8879,1035,993.7203848021147,POS,0,Karnataka,61,147464.26317107354,0
8880,1003,713.7905775186852,POS,0,Maharashtra,61,125360.46576511944,0
8881,1035,204.1667830983225,Online,0,Gujarat,47,57967.566548140334,0
8882,1017,61.795284710952316,POS,0,Maharashtra,50,89353.2529997762,0
8883,1049,212.71850447754377,Online,0,Delhi,55,49816.930828198776,0
8884,1015,846.2671246514516,POS,0,Tamil Nadu,54,87455.43316191966,0
8885,1040,70.55735869790556,POS,0,Delhi,62,112570.70707312255,0
8886,1017,271.4899384371822,Online,0,Delhi,55,28550.207711379706,0
8887,1021,769.4403155681316,Online,0,Karnataka,24,37865.1655853797,1
8888,1001,606.8050091032284,Online,0,Gujarat,20,20950.381786482027,0
8889,1020,793.5989248421822,POS,0,Tamil Nadu,60,69226.79524179955,1
8890,1035,758.8429786354485,POS,0,Maharashtra,57,119750.9861488883,0
8891,1043,98.0713177657145,Online,0,Tamil Nadu,49,78437.06069867386,1
8892,1038,897.885848139444,Online,0,Maharashtra,53,94201.7837438915,0
8893,1046,265.6802425681552,POS,0,Maharashtra,59,96683.18618264826,0
8894,1038,575.7228182182755,Online,0,Gujarat,58,31640.27079638478,0
8895,1028,662.0737487013898,POS,0,Delhi,62,42679.43112721936,0
8896,1025,210.1968003408406,POS,1,Maharashtra,36,138977.84936413425,0
8897,1020,977.4196938659258,Online,0,Gujarat,48,79632.43239049216,0
8898,1016,513.7481582829436,POS,0,Delhi,47,74419.63827789413,0
8899,1015,104.76056081752375,POS,0,Delhi,64,117628.24414516009,0
8900,1030,940.3989425389483,POS,0,Tamil Nadu,54,25875.11530930091,0
8901,1008,606.9544510336046,POS,0,Tamil Nadu,42,129301.5753502969,0
8902,1030,714.2335380823075,Online,0,Tamil Nadu,30,107156.59140639193,0
8903,1013,548.9170004375129,POS,0,Karnataka,29,38840.115559402446,0
8904,1048,843.0010570381191,Online,0,Delhi,26,28440.156023873496,0
8905,1036,81.47678908355036,POS,0,Karnataka,57,20375.50633089107,0
8906,1001,304.9594470132904,Online,0,Tamil Nadu,26,58239.863496805076,1
8907,1047,496.1659385825576,POS,0,Gujarat,62,62224.00752098034,1
8908,1045,122.77343549802454,POS,0,Tamil Nadu,44,42984.92882228496,0
8909,1013,720.6113358603253,Online,0,Maharashtra,58,57321.72640293114,0
8910,1032,423.98024335285874,POS,0,Gujarat,48,93064.91349990612,0
8911,1034,309.0345907547368,Online,0,Gujarat,23,34671.709695817815,0
8912,1038,53.209904467991656,POS,0,Delhi,46,46148.07848971625,0
8913,1046,733.838796162456,Online,0,Karnataka,47,93058.75275657831,0
8914,1019,842.1188434292187,Online,0,Maharashtra,55,111581.486101978,0
8915,1001,425.2885088974235,POS,0,Gujarat,28,141065.19777590525,0
8916,1040,586.0070781816972,POS,0,Karnataka,59,86372.02751139995,0
8917,1018,266.30229463311855,POS,0,Karnataka,63,34719.14969817558,0
8918,1036,641.0877639661264,POS,0,Maharashtra,23,96898.66883189621,0
8919,1017,61.5305853994405,POS,0,Maharashtra,56,149397.23491043766,0
8920,1015,514.2117022438206,POS,0,Tamil Nadu,58,134798.38773171388,0
8921,1003,661.9952077486577,POS,0,Tamil Nadu,48,121421.14356919864,1
8922,1011,922.2821845682473,POS,0,Gujarat,52,115497.48871710186,0
8923,1028,412.26902626617004,POS,0,Gujarat,29,118222.22320469092,1
8924,1006,776.9306928319783,Online,1,Gujarat,62,31792.12117268899,0
8925,1013,617.8026784463257,Online,0,Tamil Nadu,23,87623.2798164589,0
8926,1011,930.6615072788265,Online,0,Gujarat,62,109645.38622290478,0
8927,1034,428.4587918764591,POS,0,Gujarat,43,29453.892289638396,0
8928,1004,353.1405728793386,Online,0,Tamil Nadu,54,138918.50314822717,0
8929,1016,892.7848987594366,POS,0,Tamil Nadu,49,36599.39484009068,1
8930,1041,96.78218133787466,POS,0,Gujarat,21,31465.45205580887,0
8931,1031,179.56612328699296,POS,0,Gujarat,57,36047.613639608826,0
8932,1009,128.28421285484222,POS,0,Karnataka,20,75020.64333935536,0
8933,1042,850.9544587475825,Online,0,Delhi,19,90612.84929503854,0
8934,1016,60.077052201803426,Online,0,Tamil Nadu,37,32316.06633612106,0
8935,1004,868.5742977221958,Online,0,Delhi,36,122177.99562178024,1
8936,1044,478.7044056027035,POS,0,Tamil Nadu,56,46020.920586817694,0
8937,1041,53.82401491127221,POS,0,Karnataka,29,92860.37410972673,0
8938,1008,431.56291835143975,Online,0,Delhi,53,83845.9898843937,0
8939,1048,227.4607989927838,POS,0,Karnataka,59,137732.62528196716,1
8940,1032,643.1804630985549,Online,0,Maharashtra,45,136129.45367628097,0
8941,1035,695.3908504255643,Online,0,Delhi,26,50993.57370248492,0
8942,1035,513.1511918847498,Online,0,Delhi,61,89995.26196163415,0
8943,1017,88.49354916768647,POS,0,Delhi,28,148102.01774031768,0
8944,1008,673.3223641488418,Online,0,Maharashtra,47,63140.142411970955,0
8945,1028,849.9368444252451,POS,0,Maharashtra,19,29577.00532452476,0
8946,1049,734.3080634600814,Online,0,Karnataka,55,113344.21787720994,0
8947,1013,838.4600230075526,POS,0,Maharashtra,55,85415.19596146668,0
8948,1024,240.4840473733431,POS,0,Tamil Nadu,50,142152.27654011454,1
8949,1014,894.4435426736585,Online,0,Gujarat,24,94775.97463246029,0
8950,1005,356.08377811556466,POS,0,Delhi,61,86494.53613821753,0
8951,1041,62.73457353939148,POS,0,Karnataka,38,138930.0937995644,0
8952,1028,851.2220640126171,POS,1,Karnataka,29,69449.8551541575,0
8953,1014,944.7302055164904,Online,0,Karnataka,38,97668.02483036759,0
8954,1028,672.7802875464813,POS,0,Karnataka,40,129941.74565614645,0
8955,1003,269.8647989402534,Online,0,Delhi,23,97686.28117500302,0
8956,1017,289.1572410684039,Online,0,Karnataka,31,58713.45960547791,0
8957,1049,493.2632297638385,POS,0,Delhi,49,92581.8820203367,1
8958,1048,902.9395256213485,Online,0,Karnataka,62,76163.34323193363,0
8959,1043,192.11777334018046,Online,0,Karnataka,30,148012.78064048197,0
8960,1038,834.6749861043126,Online,0,Gujarat,44,26622.536528458266,0
8961,1015,326.7376682698928,Online,0,Tamil Nadu,28,119835.89379562737,0
8962,1010,818.156860957643,Online,0,Maharashtra,49,23121.989303248403,0
8963,1013,924.2576377214617,POS,0,Maharashtra,20,98508.89859318589,0
8964,1002,456.1191783946042,POS,0,Maharashtra,19,76021.75648374626,0
8965,1049,396.7981214002543,Online,0,Tamil Nadu,47,138357.69453337073,1
8966,1041,812.1102530227367,Online,0,Delhi,19,90114.25603884061,0
8967,1037,553.0087382604243,POS,0,Maharashtra,56,127553.35476023854,0
8968,1044,700.2265960400373,POS,0,Maharashtra,46,107378.39989849212,0
8969,1041,641.6877751131206,POS,0,Maharashtra,39,78117.67287254812,0
8970,1017,195.2444033625565,Online,0,Delhi,42,63902.47225545383,0
8971,1019,852.5508422750836,Online,0,Tamil Nadu,59,35214.78300896082,0
8972,1047,235.98635584247938,POS,0,Tamil Nadu,63,21757.476915493568,0
8973,1024,935.6680368672418,Online,0,Delhi,36,20181.507118075948,0
8974,1037,288.04272685104047,POS,0,Gujarat,33,49367.642134971305,0
8975,1012,747.1869246100548,POS,0,Karnataka,34,92919.80772427307,0
8976,1003,320.4226238189124,Online,0,Delhi,44,146814.29071496753,0
8977,1013,351.8961381575207,POS,0,Karnataka,60,111679.7700879612,0
8978,1032,344.50176014319004,POS,0,Tamil Nadu,36,29188.766839341886,0
8979,1027,760.4976413247791,POS,0,Karnataka,60,103876.92790191827,0
8980,1036,578.9743620709235,POS,0,Maharashtra,59,83114.43349705024,1
8981,1007,888.8048330551223,POS,0,Karnataka,47,102703.84642204439,0
8982,1043,342.0040832438426,Online,0,Karnataka,31,101014.9463383682,1
8983,1033,707.3928959539071,POS,0,Tamil Nadu,63,38712.845903083995,0
8984,1043,765.3011696799551,Online,0,Gujarat,59,139529.75609878387,0
8985,1004,193.90800737846027,Online,0,Karnataka,49,92090.40059924804,0
8986,1004,430.5598894538206,POS,0,Tamil Nadu,40,111098.9691696535,1
8987,1030,508.67661963289055,POS,0,Maharashtra,53,70320.23920846748,0
8988,1044,387.9030203996556,POS,0,Karnataka,27,35897.89208845509,0
8989,1008,356.0069661706812,Online,0,Karnataka,55,109820.86157171633,0
8990,1041,702.0988992977598,Online,0,Maharashtra,46,142523.53694306113,0
8991,1031,255.07307777651414,Online,0,Delhi,28,95547.2247586045,0
8992,1032,723.9212079885723,POS,0,Gujarat,55,45824.09924174842,0
8993,1002,938.291986571194,POS,0,Maharashtra,32,101022.80288161655,0
8994,1029,586.9376451188635,POS,0,Maharashtra,49,75761.13025907073,0
8995,1049,630.8625249025004,POS,0,Maharashtra,44,71874.97076431348,0
8996,1011,115.48606701788464,POS,0,Delhi,55,138755.61983728217,0
8997,1028,871.2530584369368,Online,0,Maharashtra,18,115820.6372847631,0
8998,1002,321.17539783987223,Online,0,Delhi,58,86140.56031298192,0
8999,1025,634.2986072521367,Online,0,Gujarat,31,74275.18307949859,0
9000,1029,980.1565612575622,POS,0,Delhi,20,51580.60232725529,0
9001,1008,615.7274705441674,POS,0,Gujarat,47,64650.291294653514,0
9002,1025,738.4740130911587,Online,0,Gujarat,48,90280.1570797546,1
9003,1001,473.05363731256426,POS,0,Gujarat,18,26284.47720417439,0
9004,1002,107.34755133930449,Online,0,Tamil Nadu,63,66477.3320924644,0
9005,1045,807.7193820152991,POS,0,Gujarat,31,84231.32071529553,0
9006,1003,83.24889920078638,POS,0,Delhi,53,99078.33536513263,0
9007,1024,715.6249374434614,POS,0,Tamil Nadu,63,116603.09337701397,0
9008,1012,71.77549449215509,POS,0,Maharashtra,53,21798.114861467457,0
9009,1038,869.189974747837,Online,0,Maharashtra,60,58324.484763898734,0
9010,1043,199.75423404133156,POS,0,Karnataka,58,53924.41272043336,0
9011,1034,538.5579206704235,Online,0,Gujarat,60,87766.34181698856,0
9012,1022,617.29316925899,Online,0,Karnataka,32,80581.69087516936,0
9013,1008,484.6681370047415,Online,0,Gujarat,55,30387.095234364566,0
9014,1001,373.72531488144284,Online,1,Gujarat,42,118975.69116358978,1
9015,1040,494.4235813719231,Online,0,Delhi,61,109345.24022991897,0
9016,1043,345.8449661871008,POS,0,Delhi,62,126748.74819929189,0
9017,1030,466.21622972682,Online,0,Maharashtra,31,34434.51855398173,0
9018,1043,390.9673414481291,Online,0,Tamil Nadu,41,85810.20563488989,0
9019,1046,587.894582331788,Online,0,Maharashtra,60,98483.87013597724,0
9020,1001,276.0279541327343,Online,0,Gujarat,19,26362.151629333475,0
9021,1031,989.2237271683118,Online,0,Tamil Nadu,51,144724.04317244596,0
9022,1017,525.8264557130573,POS,1,Karnataka,40,123276.4288526193,0
9023,1012,234.45397354378414,Online,0,Gujarat,25,51674.724720495244,0
9024,1045,503.21341208890885,POS,0,Delhi,22,101737.69377386503,0
9025,1004,873.0943730485831,Online,0,Maharashtra,46,38638.953914898666,0
9026,1041,70.71645346817581,POS,0,Maharashtra,60,133517.34569735994,0
9027,1043,695.5764131519244,POS,0,Karnataka,50,32784.37440613977,0
9028,1009,570.5694069542317,POS,0,Maharashtra,37,137532.28170766126,0
9029,1042,211.08009465162874,POS,0,Maharashtra,33,127621.6057857247,0
9030,1024,826.6026173396746,POS,0,Tamil Nadu,54,82169.40733237087,0
9031,1033,400.44039125530537,POS,0,Gujarat,54,104837.92082758981,0
9032,1036,329.11192737473203,POS,0,Tamil Nadu,59,51955.44474044268,1
9033,1029,836.718932264056,Online,0,Tamil Nadu,58,69965.53653289152,0
9034,1006,656.5987938820814,POS,0,Maharashtra,41,48267.81115672881,0
9035,1005,903.3461294910832,Online,0,Gujarat,46,88590.28695366034,0
9036,1002,648.3895184876394,Online,0,Maharashtra,52,61428.314764100156,1
9037,1012,753.7767750355096,Online,0,Maharashtra,26,65701.15365998339,0
9038,1002,844.6236014466322,POS,0,Tamil Nadu,39,77559.47329526264,0
9039,1025,102.00265411444008,Online,0,Delhi,37,133436.97515075453,0
9040,1023,787.2465109259113,POS,0,Delhi,57,91320.53428252379,0
9041,1005,633.021157757098,POS,0,Tamil Nadu,21,124857.4858583168,0
9042,1042,116.03240668943357,POS,0,Tamil Nadu,60,130311.76695156553,0
9043,1048,533.1490257752794,Online,0,Maharashtra,53,51905.6894299598,0
9044,1041,128.3351740847562,Online,0,Gujarat,29,121099.6393625311,0
9045,1011,749.1498416370613,POS,0,Maharashtra,40,104326.08942764843,0
9046,1048,569.1766282029889,POS,0,Maharashtra,56,85962.6983160778,0
9047,1035,955.8948605416824,POS,0,Karnataka,25,31526.702985978183,0
9048,1001,223.97860299318134,POS,0,Maharashtra,27,94403.9878658514,0
9049,1010,625.7317798943595,Online,0,Gujarat,40,40199.524543193285,0
9050,1038,251.0030278419668,Online,0,Maharashtra,46,126113.190798489,0
9051,1033,633.3617354910284,Online,0,Tamil Nadu,62,141500.8353816367,0
9052,1025,736.5172172428137,Online,0,Gujarat,49,82153.99503374548,0
9053,1017,736.1891128630616,Online,0,Tamil Nadu,31,77268.53308144398,0
9054,1020,824.3202911484794,POS,0,Karnataka,33,83541.69790076531,1
9055,1035,860.8727165604008,POS,0,Karnataka,56,28733.6720663031,0
9056,1039,123.40813995381819,Online,0,Gujarat,34,50807.602406625825,1
9057,1045,376.1037992187839,POS,0,Delhi,37,142279.4111657341,0
9058,1043,702.7663943418154,Online,0,Delhi,29,64859.671998942904,0
9059,1021,523.6569730216515,POS,0,Gujarat,26,96876.50485242033,0
9060,1029,231.1421494170519,POS,0,Gujarat,25,104388.42648353391,1
9061,1049,575.074091658363,POS,0,Tamil Nadu,58,134030.28161629703,0
9062,1042,437.0638701278366,Online,0,Karnataka,54,50963.18474929809,0
9063,1029,420.53636377158983,Online,0,Gujarat,38,135716.9122897653,0
9064,1007,819.2660315638807,Online,0,Maharashtra,59,70915.28266538051,0
9065,1033,437.21841714057217,POS,0,Tamil Nadu,49,139831.01744355873,0
9066,1046,75.13178020640295,POS,0,Karnataka,54,73471.33186878261,0
9067,1008,105.1601719465367,POS,0,Tamil Nadu,63,33514.79769983955,1
9068,1019,863.4318396070393,POS,0,Karnataka,35,26775.978306152807,0
9069,1039,962.5707695118953,POS,0,Maharashtra,46,145747.43833415446,0
9070,1024,703.9888696329222,Online,0,Karnataka,24,35773.701936042315,0
9071,1018,396.1498793950762,Online,0,Tamil Nadu,57,90354.91142997671,1
9072,1004,941.6703000049911,POS,0,Karnataka,54,88507.3344350893,0
9073,1010,679.662932056949,Online,0,Tamil Nadu,23,72176.44075837423,0
9074,1014,852.1168717393708,POS,0,Gujarat,37,74344.01845350629,0
9075,1007,777.5596888351589,POS,0,Maharashtra,26,81843.0966348408,1
9076,1018,410.1823499839628,Online,0,Tamil Nadu,26,32939.454104304416,0
9077,1022,504.7670908082462,POS,0,Delhi,25,122817.89239720238,0
9078,1026,226.8255466496945,Online,0,Delhi,34,69018.2925678827,0
9079,1039,327.41339541869735,Online,0,Karnataka,41,51790.146205573095,0
9080,1031,789.2193782221956,Online,0,Gujarat,57,61374.75044992891,0
9081,1025,899.2794722889528,POS,0,Gujarat,40,99543.07387009606,0
9082,1026,738.2374020888412,Online,0,Delhi,50,120763.66047544722,0
9083,1018,491.9150118238064,POS,0,Karnataka,39,39944.560631156986,0
9084,1049,132.18380549276014,POS,0,Gujarat,64,97033.94254261689,0
9085,1041,104.1005512635258,POS,0,Gujarat,39,74913.59862274141,0
9086,1028,405.6092863822111,POS,0,Karnataka,44,132056.3700823465,0
9087,1038,490.63063282927993,POS,0,Tamil Nadu,19,143408.880505202,0
9088,1040,628.664591102632,POS,0,Delhi,48,108210.50969184504,0
9089,1032,56.16504531764735,POS,0,Gujarat,30,96674.66847975893,0
9090,1018,990.236745942991,POS,0,Tamil Nadu,19,121446.21083333796,0
9091,1036,395.74193923384075,Online,0,Tamil Nadu,63,84454.78596839591,0
9092,1018,855.6899306110654,Online,0,Tamil Nadu,24,27198.40573718785,0
9093,1032,558.2183703821341,POS,0,Tamil Nadu,28,111142.46048722442,0
9094,1046,173.91748180667918,POS,0,Maharashtra,64,95449.99564378937,0
9095,1015,807.6872749077958,Online,0,Maharashtra,43,39686.91010111298,0
9096,1022,724.3357211738822,Online,0,Karnataka,38,47685.70945400761,0
9097,1006,551.0642806827666,Online,0,Delhi,32,49987.952200482556,0
9098,1025,538.8254367670911,Online,0,Karnataka,33,115213.2564057136,0
9099,1031,133.10562546338167,Online,0,Maharashtra,26,87388.35662462651,0
9100,1011,673.0565011451804,Online,0,Karnataka,38,26226.265699572414,0
9101,1007,915.6828979665847,POS,0,Karnataka,58,128935.45595752409,0
9102,1004,138.58267326029045,Online,0,Tamil Nadu,23,103845.63580680205,0
9103,1041,300.33587811645964,Online,0,Gujarat,18,115309.52258506366,0
9104,1027,907.1925747699938,Online,0,Maharashtra,48,141866.78437482746,0
9105,1004,320.12671432880364,Online,0,Maharashtra,22,53821.79196539246,0
9106,1048,671.24648857093,POS,0,Karnataka,54,96649.09027540903,0
9107,1025,558.077256695987,POS,0,Gujarat,43,118819.29735637292,0
9108,1004,616.511224753669,POS,0,Karnataka,18,86662.92769951336,0
9109,1021,444.9994564983905,POS,0,Delhi,18,83189.07622410319,0
9110,1014,334.9918970260256,POS,0,Maharashtra,46,140734.14382845315,0
9111,1012,96.10677819318552,POS,0,Tamil Nadu,39,51668.40090997137,1
9112,1027,757.066892329456,POS,0,Tamil Nadu,55,104875.00433481179,0
9113,1032,758.7887890845154,POS,0,Tamil Nadu,58,146137.4725525917,0
9114,1042,687.189453074787,Online,0,Maharashtra,36,48598.33216721999,0
9115,1022,661.4520987136395,Online,0,Maharashtra,45,80113.53232982832,0
9116,1032,281.5312755591499,POS,0,Tamil Nadu,22,146806.84796856123,0
9117,1042,71.22768707797664,POS,0,Maharashtra,38,24661.038176142185,1
9118,1017,818.2796270411677,POS,0,Tamil Nadu,39,101881.09557910754,0
9119,1049,516.5816089110356,Online,0,Delhi,37,72590.38250939222,0
9120,1029,341.4962241674874,POS,1,Delhi,29,120241.96959402901,1
9121,1025,146.83531144154156,POS,0,Delhi,23,62021.285812687915,0
9122,1015,109.58551135631899,POS,0,Karnataka,46,68474.83698191051,0
9123,1012,381.4233857054184,POS,0,Karnataka,62,87032.78769669308,1
9124,1038,814.5002115285935,Online,0,Gujarat,57,64964.67515711645,0
9125,1032,922.787561867139,POS,0,Gujarat,52,53744.65873957837,0
9126,1025,901.9137963824114,Online,0,Gujarat,28,66193.39003288487,0
9127,1047,924.0007930121722,Online,0,Delhi,50,138033.62909645325,1
9128,1000,912.3390759728755,POS,0,Delhi,42,64547.79534153761,0
9129,1048,550.863514020376,Online,0,Delhi,31,136926.20779140515,0
9130,1037,258.4448566290586,POS,0,Maharashtra,46,46652.557071421266,0
9131,1001,808.1442536949794,Online,0,Maharashtra,30,107383.50252849447,0
9132,1048,253.02732610995005,POS,0,Delhi,32,116845.11156819065,1
9133,1005,303.8469129187406,Online,0,Tamil Nadu,25,34477.55781939171,0
9134,1045,271.59160573142105,Online,0,Gujarat,64,90718.1938454969,1
9135,1049,539.2332835110155,POS,0,Karnataka,62,21701.25816842764,0
9136,1037,355.7361327606259,Online,0,Gujarat,50,140669.39180449385,0
9137,1041,196.4482471440744,POS,0,Tamil Nadu,28,88154.07371733777,0
9138,1023,480.51474129918824,POS,0,Maharashtra,32,24779.579014621377,0
9139,1017,880.2118768459086,Online,0,Delhi,38,108818.9788715583,0
9140,1026,592.0252122024737,POS,0,Maharashtra,53,135141.9841943096,1
9141,1040,884.4188255932078,POS,0,Maharashtra,23,115877.75199262651,0
9142,1007,236.07857582518054,POS,0,Tamil Nadu,42,37386.41630273265,0
9143,1027,208.6251799889263,POS,0,Maharashtra,61,90185.41344547976,0
9144,1009,596.7982694134993,Online,0,Maharashtra,18,115302.81024814647,0
9145,1016,490.16245646895936,Online,0,Gujarat,59,124074.10802627826,0
9146,1028,677.164009564609,Online,0,Gujarat,50,22080.261732555133,0
9147,1005,804.8954514754425,POS,0,Tamil Nadu,56,56886.12976978059,0
9148,1013,763.7419308695677,Online,0,Delhi,49,135003.6879912386,1
9149,1021,945.148114975633,Online,0,Gujarat,19,53596.1419664356,0
9150,1005,428.343588699161,Online,0,Maharashtra,42,81429.17675032691,1
9151,1025,246.06740513577174,POS,0,Karnataka,57,110566.47724395523,0
9152,1038,573.3670079504915,Online,0,Gujarat,50,148127.8358323851,0
9153,1011,155.2059641816263,POS,0,Karnataka,55,75361.84872332442,0
9154,1034,324.4085671650499,Online,0,Delhi,28,85477.70095372012,0
9155,1013,247.49365249998723,Online,0,Maharashtra,36,92621.84421181724,0
9156,1021,426.73553095722684,POS,0,Gujarat,42,50441.500606608824,0
9157,1022,155.65574625210462,Online,0,Delhi,45,67928.18591953645,1
9158,1047,80.24965732069296,POS,0,Tamil Nadu,27,76480.6175110215,0
9159,1006,673.9543043985302,POS,0,Delhi,48,22512.042678893362,0
9160,1039,629.7365293753146,Online,0,Tamil Nadu,33,20989.886099622763,0
9161,1049,722.9409892367281,POS,0,Tamil Nadu,59,49160.12142346178,0
9162,1024,677.3671182577767,POS,0,Gujarat,35,86589.0452007461,0
9163,1012,158.57994708526434,POS,0,Karnataka,39,144239.9082440086,0
9164,1020,326.524937306864,POS,0,Tamil Nadu,52,146438.57104049955,0
9165,1040,173.05027940533475,Online,0,Maharashtra,29,104133.99108249757,0
9166,1009,850.823781946135,POS,0,Gujarat,59,127511.21217723441,0
9167,1008,759.5584725877471,POS,0,Tamil Nadu,45,137090.91991280814,0
9168,1014,241.45065277233033,Online,0,Gujarat,26,129087.94379494504,0
9169,1001,374.24377846539875,Online,0,Maharashtra,47,90681.9466242674,1
9170,1024,968.2842426510035,Online,0,Gujarat,35,111542.5665150593,0
9171,1012,614.4513899856689,POS,0,Gujarat,62,20473.361275853775,0
9172,1033,811.0978174360994,POS,0,Tamil Nadu,41,104249.24730492618,0
9173,1033,301.3614830302927,POS,0,Delhi,63,75362.28689589443,0
9174,1034,249.55027417033995,POS,0,Gujarat,36,103812.58796618585,0
9175,1037,794.721082404221,Online,0,Tamil Nadu,31,110273.01208500471,0
9176,1002,701.5788324698681,Online,0,Maharashtra,19,32726.462267318468,0
9177,1041,696.9290327511756,POS,0,Maharashtra,28,133690.38940372842,0
9178,1005,575.0028527377342,POS,0,Delhi,43,42845.13366773614,0
9179,1047,585.3994256377214,POS,0,Maharashtra,25,21359.843060966363,1
9180,1048,748.912630040941,POS,0,Tamil Nadu,20,75861.91943153401,1
9181,1018,306.5023570651355,Online,0,Delhi,32,31656.560440357207,0
9182,1002,385.13004256410795,Online,0,Tamil Nadu,62,144277.04830213758,0
9183,1017,878.0549319940523,Online,1,Delhi,57,56895.580207138046,0
9184,1038,343.42194096154986,Online,0,Delhi,30,49067.94739398407,1
9185,1008,568.9940928103341,POS,0,Tamil Nadu,33,54058.663160450466,1
9186,1011,717.5074908063499,Online,0,Delhi,39,56836.295692654836,0
9187,1004,999.9285854915177,POS,0,Tamil Nadu,50,28134.54191286326,1
9188,1002,463.52676492056537,Online,0,Maharashtra,19,90200.85610106286,0
9189,1010,456.6882327936966,Online,0,Maharashtra,62,22340.676980984575,0
9190,1029,850.4589604619841,POS,0,Gujarat,46,117080.13942553125,0
9191,1003,815.2279556968701,Online,0,Karnataka,63,119804.93785152707,0
9192,1004,744.5220876478211,Online,0,Karnataka,51,71960.72578534122,0
9193,1000,490.06815553857746,Online,0,Maharashtra,33,146206.46875208092,0
9194,1026,357.74216415268,Online,0,Gujarat,31,121633.15897010129,0
9195,1027,628.2939584556062,POS,0,Karnataka,56,35998.517801856906,0
9196,1028,882.4121284750589,Online,0,Tamil Nadu,63,147380.27318131135,0
9197,1017,889.5885852981572,Online,0,Tamil Nadu,22,129865.87823082384,0
9198,1011,153.0734278169165,Online,0,Delhi,60,111518.77758312349,0
9199,1012,456.93276962249314,POS,0,Karnataka,35,104948.41126919644,0
9200,1040,491.485858388812,POS,0,Tamil Nadu,43,98617.50642981578,0
9201,1001,978.7345991475655,Online,0,Karnataka,27,148729.37704408492,0
9202,1036,694.0981144804553,Online,0,Delhi,23,82204.01097305011,1
9203,1044,436.884096398967,Online,0,Maharashtra,31,41557.64168689387,1
9204,1015,74.75499168631335,POS,0,Gujarat,19,58279.62510690052,0
9205,1047,587.1159020942362,Online,0,Delhi,44,68778.14878366885,0
9206,1023,141.2721768564383,Online,0,Delhi,26,61135.9655883775,0
9207,1034,842.7274594803749,POS,0,Delhi,30,23945.787053941942,0
9208,1021,764.892727541844,POS,0,Gujarat,38,29584.526875129166,1
9209,1035,487.48370191276985,POS,1,Tamil Nadu,61,20640.676047267923,0
9210,1010,457.7502405646147,Online,0,Karnataka,19,108284.54735622104,0
9211,1045,902.4720172903302,Online,0,Maharashtra,20,106385.54427780444,1
9212,1028,324.035432897222,Online,0,Maharashtra,30,28856.781000846022,0
9213,1034,286.5689640014323,POS,0,Gujarat,38,60973.97632028609,0
9214,1047,942.237561184474,Online,0,Maharashtra,50,56791.59009507141,0
9215,1014,818.7835449158084,Online,0,Gujarat,37,78968.60654690041,0
9216,1030,829.5943134138349,POS,0,Gujarat,53,66630.5760254935,0
9217,1041,235.43412356212926,POS,0,Karnataka,35,126666.56916704556,0
9218,1040,186.13119185938768,Online,0,Karnataka,42,134748.45373289532,0
9219,1042,74.72807232627815,POS,0,Gujarat,62,46785.32865897821,0
9220,1015,275.18943347274603,Online,0,Karnataka,55,35729.73697399265,0
9221,1009,785.4809671286085,Online,0,Tamil Nadu,42,129109.72912452942,0
9222,1048,278.0364978259423,Online,0,Delhi,55,85194.45611302205,0
9223,1031,742.6481194151324,POS,0,Maharashtra,32,62168.54937805289,0
9224,1001,289.3128520990504,Online,0,Maharashtra,34,26681.023310211138,0
9225,1023,425.5278730531381,POS,0,Maharashtra,63,98796.2128585352,1
9226,1022,984.004175415838,POS,0,Maharashtra,53,47004.36534802286,0
9227,1001,282.57114471992884,POS,0,Tamil Nadu,46,24899.27599150198,1
9228,1037,407.5520959333543,POS,0,Tamil Nadu,50,77825.15143301972,0
9229,1030,336.032821441953,Online,0,Delhi,49,97627.87505598838,1
9230,1039,154.14373701350218,POS,0,Gujarat,25,42279.00056569225,0
9231,1025,515.3994350242838,Online,0,Karnataka,60,104688.91122008965,0
9232,1028,409.75613016635214,Online,0,Delhi,30,44555.42444494262,0
9233,1002,710.1427315169161,Online,0,Maharashtra,34,22696.184141931364,0
9234,1013,826.7148196039689,Online,0,Karnataka,38,39361.21357661427,0
9235,1024,567.0372287708566,POS,0,Delhi,31,96309.34599371214,0
9236,1047,80.58660098297003,POS,0,Maharashtra,42,102590.2383841049,0
9237,1000,637.9762384229855,Online,0,Delhi,41,132422.9285770887,0
9238,1002,102.62119351989224,Online,0,Maharashtra,50,28111.019467362643,0
9239,1025,635.5385074190737,Online,0,Maharashtra,25,143884.503259709,0
9240,1017,700.7784518057291,POS,0,Tamil Nadu,45,87850.11194369064,0
9241,1008,237.8792462366425,POS,0,Maharashtra,36,51926.458263929104,0
9242,1037,828.3788412856825,Online,0,Delhi,28,67503.96753418213,0
9243,1022,915.5308749953462,Online,0,Karnataka,27,27238.053769052996,0
9244,1020,822.4326159081287,Online,0,Tamil Nadu,18,34311.907007194706,0
9245,1000,339.85373070147807,POS,1,Karnataka,22,134712.18776860303,0
9246,1020,607.3108618233528,Online,0,Gujarat,33,33768.04499229787,0
9247,1026,919.0743917316663,POS,0,Karnataka,37,27259.14665970891,0
9248,1041,354.63148991170743,POS,0,Gujarat,37,97774.82460055874,0
9249,1005,829.0264311521538,POS,0,Gujarat,45,69755.5098205174,1
9250,1043,59.0013746986117,Online,0,Tamil Nadu,22,72770.81162572396,1
9251,1035,53.46436764544246,POS,0,Karnataka,20,35635.5123576731,0
9252,1027,771.726077322019,POS,0,Maharashtra,47,25741.99005579437,0
9253,1044,773.3752030207651,Online,0,Tamil Nadu,40,132544.80879228475,0
9254,1016,799.5283284596791,Online,0,Tamil Nadu,51,70639.95705118972,1
9255,1039,933.5254959937542,Online,0,Maharashtra,45,34313.93579505177,0
9256,1002,162.01099622927,POS,0,Karnataka,18,46033.1097414094,1
9257,1011,270.38573573450395,POS,0,Tamil Nadu,44,33378.2141868902,0
9258,1038,908.5386743551172,Online,0,Gujarat,51,82151.87771826805,0
9259,1011,218.37438788373578,POS,0,Maharashtra,48,124455.61108315265,0
9260,1001,698.1178041977548,Online,0,Delhi,49,71153.2585104784,0
9261,1045,553.9398500387746,Online,0,Tamil Nadu,24,100586.45917126675,0
9262,1021,129.03399300893187,POS,0,Gujarat,60,107807.96646366511,1
9263,1022,321.0004788444562,POS,0,Karnataka,55,112569.70261774192,0
9264,1029,544.3536056189195,POS,0,Karnataka,51,98719.01095471233,0
9265,1004,859.7326108496424,POS,0,Maharashtra,63,92031.4399378264,0
9266,1008,722.16156513394,Online,0,Gujarat,21,82190.04056025212,0
9267,1020,640.7890033821864,Online,0,Maharashtra,36,81568.62977677683,0
9268,1010,521.231245444344,POS,0,Tamil Nadu,39,63281.1747825086,1
9269,1004,333.74978462342756,POS,0,Maharashtra,46,85590.44343517194,0
9270,1034,163.28266575329812,POS,0,Delhi,51,82277.4479508624,0
9271,1026,438.62223283779076,Online,0,Maharashtra,51,61525.43946819356,1
9272,1048,77.09256921572795,Online,0,Maharashtra,62,59149.25170878585,1
9273,1001,250.50309480350808,POS,0,Tamil Nadu,62,77988.91153166197,1
9274,1023,460.8592070790268,Online,0,Gujarat,20,124396.37329435736,0
9275,1030,447.6749263883193,Online,0,Delhi,38,52201.63324227702,0
9276,1032,92.08065944714278,Online,0,Maharashtra,55,129901.35360078399,0
9277,1038,609.6071458490267,Online,0,Tamil Nadu,38,114114.87548861193,0
9278,1029,572.2000430605744,POS,0,Tamil Nadu,34,54045.96159911565,0
9279,1045,124.1990888198672,POS,1,Tamil Nadu,46,21797.380142436596,0
9280,1036,946.0048998374174,POS,0,Gujarat,50,29986.59797700515,1
9281,1027,144.4136400033171,POS,0,Maharashtra,56,134773.1913428856,0
9282,1030,862.0924436754693,Online,0,Karnataka,43,124900.52908038754,0
9283,1010,50.294245319255644,POS,0,Delhi,24,69344.98394461143,0
9284,1022,888.1670402931139,POS,0,Karnataka,62,28021.56835022431,0
9285,1001,68.73374559409693,POS,0,Gujarat,26,125447.17387767011,0
9286,1039,769.9214302975101,POS,0,Maharashtra,35,53181.462072163275,0
9287,1040,393.6062707352403,POS,0,Karnataka,18,143905.31755742745,1
9288,1026,751.3059601295039,Online,0,Karnataka,28,87976.71556714748,0
9289,1034,431.65794515372954,POS,0,Karnataka,39,112973.17706987043,0
9290,1001,117.36252621524964,Online,0,Delhi,49,80036.40908148274,1
9291,1038,779.1313606255959,Online,0,Maharashtra,60,23599.207039001358,0
9292,1036,117.69005105529672,Online,0,Tamil Nadu,27,28212.277997265086,1
9293,1020,926.0144141631571,Online,0,Maharashtra,44,146877.6995513414,1
9294,1004,98.4253340020783,Online,0,Karnataka,29,73591.73452880069,1
9295,1044,505.3590138829397,Online,0,Maharashtra,47,43812.64568792004,0
9296,1020,736.8827093082559,POS,0,Tamil Nadu,27,113638.40775420178,0
9297,1028,423.5841415524358,Online,0,Delhi,29,134684.97044133197,0
9298,1019,256.37180086281296,POS,0,Maharashtra,55,54707.833971293105,0
9299,1037,771.1364133262257,Online,0,Maharashtra,38,94246.13740513685,0
9300,1019,795.0799695492901,Online,0,Delhi,44,51900.311729054214,0
9301,1049,926.5602347566488,Online,0,Delhi,23,126931.76780746656,0
9302,1024,407.3568549095238,POS,0,Karnataka,55,31283.926725422232,0
9303,1001,530.9391477724605,Online,0,Karnataka,25,68428.3061717434,0
9304,1031,394.97202070376846,Online,0,Delhi,54,69386.47346321587,0
9305,1025,294.2277307587998,POS,0,Tamil Nadu,23,102800.17736178987,0
9306,1005,763.4813134607282,Online,0,Karnataka,51,43167.27379630523,0
9307,1040,372.66925276610766,Online,0,Tamil Nadu,57,81750.88942544162,0
9308,1002,456.74196989273446,Online,0,Delhi,39,91765.95428774992,0
9309,1032,433.48997474282646,POS,0,Maharashtra,46,135814.48735109653,0
9310,1000,727.0281643644086,Online,0,Delhi,26,88464.80232329066,0
9311,1004,921.9058448051458,Online,0,Delhi,38,37150.01095259332,0
9312,1012,683.4182582420084,POS,0,Gujarat,49,33173.50154124062,0
9313,1018,498.00346628952093,POS,0,Delhi,25,140137.89797771204,0
9314,1011,790.2448590019393,Online,0,Karnataka,60,147356.91897703958,0
9315,1047,658.9227579160306,Online,0,Maharashtra,27,41714.136626978536,0
9316,1024,107.57983926192281,Online,0,Tamil Nadu,40,117676.03725478204,1
9317,1034,140.88040709789956,Online,0,Gujarat,37,52592.95994801332,0
9318,1011,86.02109686995166,POS,0,Karnataka,30,128279.06291853338,1
9319,1029,483.97550989600387,POS,0,Maharashtra,39,32558.970486840226,0
9320,1004,834.5607626220166,POS,0,Tamil Nadu,58,76825.71188190316,0
9321,1033,347.42901088378443,Online,0,Maharashtra,32,97489.15000475917,0
9322,1021,414.9521739378576,POS,0,Karnataka,48,130825.22993616824,0
9323,1038,914.0032529494961,POS,0,Maharashtra,62,131374.46216056976,0
9324,1012,845.0582730508221,Online,0,Delhi,49,43958.28878508737,0
9325,1046,681.795706763432,Online,0,Maharashtra,62,145725.41914173702,0
9326,1002,303.4635929876388,Online,1,Delhi,30,103011.82844617838,0
9327,1019,161.18940855402133,Online,0,Karnataka,42,105640.48482180451,1
9328,1030,65.25588154610803,Online,0,Gujarat,38,135569.0960092662,1
9329,1004,151.66013897419984,Online,0,Delhi,21,61638.517699600474,0
9330,1023,327.96662144274563,POS,0,Maharashtra,59,73978.3494180454,0
9331,1039,574.2005604005209,Online,0,Maharashtra,32,148048.53129181295,0
9332,1032,110.80007861476754,Online,0,Maharashtra,38,22149.95312289198,0
9333,1007,179.41638940252656,POS,0,Karnataka,59,132730.66559945163,1
9334,1023,222.02666719254398,POS,0,Tamil Nadu,25,129525.79824147529,0
9335,1049,650.3829883341409,POS,0,Maharashtra,48,54113.682162332014,0
9336,1019,635.0003090311181,POS,0,Maharashtra,27,126820.32845262208,0
9337,1015,573.2274400535453,POS,0,Delhi,38,62931.606044599,0
9338,1049,287.9763534611426,Online,0,Gujarat,34,101767.03213317975,0
9339,1011,402.5637066577954,Online,0,Maharashtra,22,78094.17976022286,0
9340,1012,141.85523052085588,POS,0,Karnataka,30,33172.809072583026,0
9341,1044,265.13757357015214,POS,0,Tamil Nadu,38,136396.6593737838,0
9342,1041,902.8199651489514,POS,0,Tamil Nadu,61,90883.78975976854,0
9343,1038,980.707159114037,POS,0,Tamil Nadu,29,82635.43988041577,1
9344,1024,665.27660635828,Online,0,Karnataka,42,134334.6967749489,0
9345,1045,920.9821274222492,POS,0,Tamil Nadu,45,62642.68015354912,0
9346,1031,660.6048053813538,POS,0,Tamil Nadu,19,94144.49551966005,0
9347,1023,81.53666180019638,Online,0,Delhi,38,134695.78017586883,0
9348,1047,996.9244557370886,Online,0,Tamil Nadu,58,64574.52550966295,0
9349,1046,144.00468660220815,Online,0,Delhi,39,123159.62879974915,0
9350,1043,698.5097113728077,POS,0,Delhi,19,86868.18265451078,0
9351,1008,290.1943929210505,POS,0,Delhi,47,40509.65850006485,0
9352,1039,422.38205726161215,Online,0,Karnataka,18,25276.903804155703,0
9353,1049,663.6374755608913,POS,0,Maharashtra,63,114474.30219787399,1
9354,1022,464.6629818423217,POS,0,Gujarat,30,54043.759645121194,0
9355,1049,288.01875598457184,Online,0,Tamil Nadu,20,126044.74653907119,1
9356,1012,367.7238775344085,Online,1,Gujarat,37,44560.707996633704,0
9357,1031,374.4707110770175,Online,0,Maharashtra,22,93821.33052689918,1
9358,1049,961.3577092828031,POS,0,Delhi,19,32151.006167435502,0
9359,1014,808.6823651272784,Online,0,Delhi,43,115649.81362322191,0
9360,1035,485.6213329054301,POS,0,Delhi,46,119541.38126148237,0
9361,1048,239.8298743242959,POS,0,Delhi,35,139150.98690678563,0
9362,1004,820.4653047495232,POS,0,Tamil Nadu,26,92976.77296630098,0
9363,1021,199.32334802795484,Online,0,Maharashtra,39,33837.41783297372,0
9364,1015,249.93910628490323,Online,0,Maharashtra,45,127609.47667132085,0
9365,1040,397.71272224814356,Online,0,Maharashtra,29,60806.23576081987,0
9366,1009,886.3307860593906,POS,0,Gujarat,54,136947.14534747048,0
9367,1023,175.19733520240476,Online,0,Delhi,35,147118.4946619272,0
9368,1017,166.12248321179976,Online,0,Karnataka,51,37223.51251923959,0
9369,1048,519.2762388900027,POS,0,Maharashtra,59,30784.755154146027,0
9370,1017,312.59001403899094,POS,0,Gujarat,59,136688.43841806578,1
9371,1006,590.2915445657519,Online,0,Tamil Nadu,20,136853.90497393394,0
9372,1003,479.0548504490623,Online,0,Delhi,63,96075.7048041345,0
9373,1025,463.211151033656,POS,0,Gujarat,22,135455.76230669493,0
9374,1004,156.37432196264362,POS,0,Karnataka,40,140967.80069488974,0
9375,1015,183.99720573734814,POS,0,Karnataka,30,92200.64352499884,0
9376,1034,830.0246485745076,Online,0,Tamil Nadu,41,109248.66398378757,1
9377,1025,891.5886006931572,Online,0,Maharashtra,45,99764.45729589029,0
9378,1017,272.94935624098775,POS,0,Maharashtra,34,42697.889251691005,0
9379,1028,157.78747644853058,Online,0,Gujarat,23,76710.65578912059,0
9380,1022,100.74583833778507,Online,0,Gujarat,44,108579.96290925225,0
9381,1013,627.882733054802,Online,0,Maharashtra,62,99334.95664057133,0
9382,1014,729.5855518751953,POS,0,Maharashtra,46,47962.716905891124,0
9383,1048,404.16948974304523,Online,1,Gujarat,29,138268.6903386539,1
9384,1032,695.6920741161076,POS,0,Delhi,52,121928.88416361557,0
9385,1024,727.3108747815498,Online,0,Karnataka,22,28899.484085913184,0
9386,1020,938.5751673270601,POS,0,Karnataka,19,64730.18567336038,1
9387,1016,111.62995594335189,POS,0,Tamil Nadu,28,149419.95706244936,0
9388,1022,232.6771370695258,Online,0,Karnataka,21,70675.30437854773,0
9389,1042,115.09968821713873,Online,0,Gujarat,39,106245.89858713326,0
9390,1016,874.594236669305,POS,0,Delhi,18,33088.08289752083,1
9391,1013,802.9578020318901,POS,0,Gujarat,62,60420.12012767996,0
9392,1028,595.909967090747,Online,0,Maharashtra,33,134667.00099270837,0
9393,1019,129.480239548624,POS,0,Maharashtra,19,86370.13006311763,0
9394,1029,309.6467407210336,POS,0,Karnataka,58,127264.5917875354,0
9395,1018,332.8338556555911,Online,0,Delhi,44,20995.731304906007,0
9396,1038,582.7060362146462,Online,0,Tamil Nadu,29,106598.30458329225,0
9397,1012,295.1416993348797,Online,0,Gujarat,22,58990.67629222906,0
9398,1017,119.3118707173071,Online,0,Tamil Nadu,22,131900.9576692603,0
9399,1022,744.2241867606344,POS,0,Tamil Nadu,39,142726.0578921181,0
9400,1045,334.12620107264075,Online,0,Tamil Nadu,30,109390.46381341576,0
9401,1032,479.7554681721356,Online,0,Tamil Nadu,33,38990.24395546972,0
9402,1038,171.28330323319008,Online,0,Gujarat,43,80853.94779345929,0
9403,1039,812.4208882248506,Online,0,Maharashtra,26,80384.39922650543,0
9404,1017,587.2552830778548,POS,0,Gujarat,49,127938.79054724649,0
9405,1008,906.5063448993697,POS,0,Maharashtra,36,79880.03337600504,0
9406,1032,520.6979849120667,Online,0,Maharashtra,53,63242.53239418289,0
9407,1031,944.3543882269857,Online,0,Gujarat,45,99475.70380452528,0
9408,1016,897.2747941622597,Online,0,Gujarat,32,104120.68979418906,0
9409,1018,597.6368636362722,Online,0,Gujarat,26,125293.23195068777,0
9410,1026,937.1987662423702,POS,0,Maharashtra,33,137057.37980337953,0
9411,1005,356.9343099298247,POS,0,Gujarat,23,135694.3921196211,0
9412,1034,397.3600545690008,POS,0,Delhi,25,101474.13196282418,0
9413,1036,93.20405374073509,POS,0,Karnataka,50,88156.3400819823,0
9414,1033,609.7408614256605,Online,0,Karnataka,49,124158.75233012528,0
9415,1019,735.8277714324867,POS,0,Delhi,63,59882.65311873852,1
9416,1024,784.843230729998,POS,0,Karnataka,53,118531.03415453363,1
9417,1003,192.32547174379815,Online,0,Maharashtra,59,85793.38082643226,0
9418,1009,471.95111869687526,POS,0,Gujarat,53,36074.61322612746,0
9419,1009,218.02005148921987,POS,0,Gujarat,51,117872.68313172483,0
9420,1023,679.0209814115364,POS,0,Gujarat,19,104301.09166839211,1
9421,1020,200.04905380067973,Online,0,Delhi,30,30715.108005700575,0
9422,1010,908.9554997582712,Online,0,Delhi,60,78547.92790843318,0
9423,1026,269.1029133783427,Online,0,Maharashtra,27,83244.31297344105,0
9424,1015,326.8321529738326,Online,0,Delhi,55,104956.57286150608,0
9425,1025,858.3610060434497,POS,0,Gujarat,24,108203.45723585025,0
9426,1029,485.5442296384376,POS,0,Maharashtra,64,44768.4079957002,0
9427,1048,72.79614851006937,Online,0,Maharashtra,20,24380.865842128875,0
9428,1015,519.8569386425135,Online,0,Gujarat,44,123229.48329442591,0
9429,1006,130.3161686111169,Online,0,Tamil Nadu,31,147607.30869074055,0
9430,1015,986.0774827529451,POS,0,Gujarat,47,142289.35552330862,0
9431,1034,608.7059919328223,POS,0,Maharashtra,51,85103.95684875711,0
9432,1015,293.7059867304296,Online,0,Tamil Nadu,40,88761.27201712382,0
9433,1039,585.5317955702369,Online,0,Gujarat,34,140974.86738867906,0
9434,1011,123.0237482126671,Online,0,Gujarat,32,90739.02319497861,0
9435,1034,809.8967390553762,Online,0,Tamil Nadu,62,56096.439247983646,0
9436,1048,929.0616511709555,Online,0,Tamil Nadu,61,108086.80831317946,0
9437,1020,880.7221687958515,Online,0,Karnataka,24,82035.77584938912,0
9438,1049,374.66972218363463,Online,0,Tamil Nadu,20,122050.05185234777,1
9439,1042,359.4797136612001,Online,0,Delhi,26,121829.88059677724,0
9440,1035,83.333230655485,POS,0,Tamil Nadu,20,141674.63451726234,1
9441,1047,668.8303407658709,Online,0,Maharashtra,52,37916.64266404195,0
9442,1016,558.1595449803051,POS,0,Tamil Nadu,57,87772.89027201547,1
9443,1031,486.3790527609743,Online,0,Gujarat,25,122161.92034325727,0
9444,1040,912.2494056679717,POS,0,Delhi,43,76529.38527440345,0
9445,1005,209.484956028704,Online,0,Tamil Nadu,32,101494.90869589652,0
9446,1023,59.18295335567322,Online,0,Delhi,22,126214.12422652646,0
9447,1026,119.65062951472716,POS,0,Karnataka,30,81537.64510754404,1
9448,1019,262.2028659360004,Online,0,Delhi,32,73076.61488200456,0
9449,1024,81.6212718002841,POS,0,Gujarat,56,43472.40442345491,0
9450,1001,527.7015251109788,POS,0,Karnataka,29,127191.4851900312,0
9451,1008,348.38593247189914,POS,0,Tamil Nadu,52,123451.26369997558,0
9452,1027,221.45885766472603,Online,0,Delhi,25,116609.55817148104,0
9453,1037,762.579871201229,POS,0,Karnataka,27,71131.0739070175,0
9454,1002,244.22875992090354,Online,0,Tamil Nadu,51,95814.78495539175,0
9455,1019,703.2248459441035,POS,0,Tamil Nadu,25,36118.28174975419,0
9456,1005,381.80166055525694,Online,0,Delhi,39,61537.448761104475,0
9457,1038,536.2363726294268,POS,0,Delhi,29,76618.50483305959,0
9458,1032,937.1736878587539,POS,0,Karnataka,39,25660.101560384643,1
9459,1000,85.48405307502219,Online,0,Delhi,44,33466.390863934605,0
9460,1036,525.2512821035888,Online,0,Tamil Nadu,35,127864.18480896349,1
9461,1005,861.7018123112373,Online,0,Gujarat,36,146256.50818899955,0
9462,1044,608.5755359518311,Online,0,Karnataka,22,61858.72133920259,0
9463,1033,313.0269911168988,Online,0,Gujarat,33,33876.28367575129,0
9464,1046,427.7970783877826,Online,0,Gujarat,58,141601.00470446458,1
9465,1014,696.2523472921458,Online,0,Tamil Nadu,27,138860.50110936497,0
9466,1044,896.2712995981129,Online,0,Gujarat,36,105105.6156756537,0
9467,1025,89.01305505928102,Online,0,Maharashtra,61,64016.78747255318,0
9468,1013,117.9618807958576,POS,0,Karnataka,18,34634.13386934469,0
9469,1006,358.7989474291082,POS,0,Tamil Nadu,39,142134.13357145994,0
9470,1045,271.140700215605,POS,0,Delhi,34,139649.46986476466,0
9471,1030,301.68434191128574,POS,0,Tamil Nadu,52,116616.27660182887,0
9472,1023,260.2064986945869,Online,0,Delhi,56,141405.21898563183,0
9473,1030,236.03379641239985,POS,0,Tamil Nadu,26,38168.85621008453,0
9474,1028,174.09276852582718,POS,0,Maharashtra,22,34202.48129789416,1
9475,1041,937.2564252054761,POS,0,Karnataka,26,44965.25127084346,0
9476,1031,186.9799907108454,Online,0,Gujarat,28,48014.00555149415,0
9477,1016,244.18358602725937,Online,0,Tamil Nadu,31,127531.98591727967,0
9478,1013,283.9524377817464,POS,0,Karnataka,63,139825.53875570852,0
9479,1039,936.3641294738995,POS,0,Karnataka,57,48026.74497446914,0
9480,1035,767.9284269210306,POS,0,Karnataka,41,80150.31704350052,1
9481,1047,800.214458799739,Online,0,Karnataka,37,79083.03147333357,0
9482,1023,149.52034656157315,POS,0,Karnataka,50,43123.09855306467,0
9483,1044,844.494381264888,POS,0,Gujarat,21,130935.14099054791,0
9484,1026,437.7834277265471,Online,0,Gujarat,33,87924.06821042586,0
9485,1024,299.68187490176933,POS,0,Tamil Nadu,42,93611.029780335,0
9486,1031,596.962579344295,POS,0,Delhi,18,53595.63557367732,0
9487,1017,831.0737605258972,POS,0,Tamil Nadu,41,92690.60927293361,0
9488,1045,789.7195435211639,POS,1,Karnataka,20,123030.18632181134,0
9489,1017,895.4976084520755,POS,0,Delhi,49,59641.09721012858,1
9490,1036,931.7255767146717,POS,0,Tamil Nadu,51,34728.37213120624,0
9491,1025,276.2159678563621,POS,0,Delhi,42,95925.22213482275,0
9492,1008,452.6649994608081,POS,0,Gujarat,60,102657.97653523242,0
9493,1034,63.89711224481651,Online,0,Karnataka,20,46268.32646065073,0
9494,1007,885.355576301807,POS,0,Delhi,24,52279.60485985101,0
9495,1019,196.84354390102916,POS,1,Maharashtra,59,39898.953234599074,0
9496,1041,868.4010717255596,POS,0,Karnataka,52,139779.5925098881,0
9497,1021,362.91795588726654,Online,0,Gujarat,46,47691.56051866512,1
9498,1018,399.7269104820813,POS,0,Gujarat,57,21382.95468231208,1
9499,1029,87.1756417596664,Online,0,Tamil Nadu,42,129219.86614850206,0
9500,1027,360.53485027705364,POS,0,Maharashtra,45,124419.57068487149,0
9501,1034,893.9454986612009,Online,0,Delhi,41,79349.54644536316,0
9502,1042,74.27003106552394,Online,0,Tamil Nadu,22,123631.1058840402,0
9503,1010,436.0110993943891,Online,0,Gujarat,44,78450.17135463483,0
9504,1030,79.82964832210408,POS,0,Delhi,27,49186.882512211356,1
9505,1048,402.3772538536117,POS,0,Gujarat,29,75387.09242808439,0
9506,1047,214.00860874127662,Online,0,Gujarat,35,83293.65828512405,0
9507,1038,289.60747360495344,POS,0,Maharashtra,55,21170.44376644145,0
9508,1035,883.7184545033481,Online,0,Karnataka,25,34732.836708907394,1
9509,1029,464.24675959079644,POS,0,Delhi,55,133719.46284675252,1
9510,1022,310.1080918318166,POS,0,Maharashtra,47,71015.3054586085,0
9511,1018,609.8714590530204,Online,0,Gujarat,26,63090.73236183625,0
9512,1011,185.00161184095325,Online,0,Gujarat,60,135486.3502231823,0
9513,1014,296.4220270498131,POS,0,Maharashtra,42,40094.05661757582,0
9514,1030,568.9355692227441,Online,0,Delhi,47,48208.35001176011,0
9515,1042,275.64688975566537,Online,0,Gujarat,19,127633.56825980083,0
9516,1036,695.1713505308296,POS,0,Delhi,34,56355.108222654286,0
9517,1036,516.9167371465464,Online,0,Maharashtra,62,102320.19388699769,1
9518,1014,783.3896167419564,POS,0,Gujarat,24,116144.31554664673,1
9519,1028,950.8323089363452,POS,0,Tamil Nadu,39,48953.638571074785,0
9520,1049,160.01464488003734,Online,0,Tamil Nadu,27,52943.01650300293,0
9521,1042,367.9317594853176,Online,0,Gujarat,43,87118.36249834296,0
9522,1025,353.57160973448623,Online,0,Karnataka,30,122987.7816528656,0
9523,1043,193.62377337039155,POS,0,Gujarat,59,92069.07971212306,0
9524,1001,819.7879804667973,Online,0,Gujarat,45,28753.732382294187,0
9525,1019,771.8847688368505,POS,0,Gujarat,53,65608.83332639352,0
9526,1014,510.20419729267905,Online,0,Maharashtra,28,62982.92346566401,0
9527,1003,560.8822389048792,Online,0,Gujarat,26,124988.24783657977,0
9528,1021,106.56693110237143,POS,0,Gujarat,33,57656.27424335904,0
9529,1049,577.7319847106934,Online,0,Maharashtra,34,137158.26887107402,0
9530,1037,801.7744478186546,Online,0,Gujarat,22,63547.94674703384,0
9531,1022,595.1361949046643,POS,0,Tamil Nadu,22,45234.065537525545,1
9532,1025,302.04105161439793,Online,0,Tamil Nadu,55,90192.18818759815,0
9533,1010,684.1708587176204,Online,0,Gujarat,48,70230.34721244343,0
9534,1027,393.41400846698525,POS,0,Maharashtra,19,104186.74351731203,0
9535,1001,567.6296200714485,Online,0,Gujarat,44,139042.68286424538,0
9536,1007,513.1870951149785,Online,0,Gujarat,63,142300.8018327562,0
9537,1028,412.1162509169211,POS,0,Delhi,60,49557.39764159822,0
9538,1010,732.9340813744284,Online,0,Karnataka,36,41095.26652777885,0
9539,1036,889.6823063865877,Online,0,Maharashtra,60,142194.41897385725,0
9540,1017,54.95189255307869,Online,0,Karnataka,42,125615.61497640738,1
9541,1049,936.9356932688489,POS,0,Delhi,55,54017.87905494472,0
9542,1013,535.9393792790637,Online,0,Karnataka,30,124644.06986706247,0
9543,1009,715.6952863451019,POS,0,Gujarat,46,116337.09925414292,0
9544,1034,862.8433378670833,Online,0,Tamil Nadu,36,52963.059840013775,0
9545,1008,493.74850769855647,Online,0,Maharashtra,52,137751.9663303145,0
9546,1034,843.2253696966458,Online,0,Maharashtra,42,61834.603830516186,0
9547,1010,218.7388284824421,Online,0,Gujarat,26,82423.28033074559,0
9548,1043,201.20915775582375,Online,0,Karnataka,52,99203.99934221593,1
9549,1011,674.5978004133459,Online,0,Maharashtra,32,44864.22303810069,0
9550,1002,876.6358552741503,Online,0,Delhi,39,99467.44125944757,0
9551,1038,897.8048686592374,Online,0,Delhi,30,111815.35675111815,0
9552,1013,661.5534354583842,Online,0,Karnataka,47,33201.121224222035,0
9553,1027,549.2147686988517,POS,0,Delhi,38,69315.28623977985,0
9554,1010,364.8234333116904,Online,0,Tamil Nadu,42,99567.7478144066,0
9555,1038,981.0003948193648,POS,0,Gujarat,42,140408.195591975,0
9556,1024,353.71090233293796,POS,0,Maharashtra,57,135827.85190015187,0
9557,1020,756.9768018700136,Online,0,Gujarat,39,42056.750985264545,1
9558,1009,555.3827099097507,POS,0,Karnataka,63,99366.02638546769,0
9559,1042,628.0867253990793,POS,0,Gujarat,58,32742.31823021955,0
9560,1014,423.8065230591949,POS,0,Maharashtra,20,58204.25589299852,0
9561,1018,966.5819691986354,POS,0,Maharashtra,26,97645.13407612048,0
9562,1047,593.0982097943075,Online,0,Karnataka,41,30577.417694821073,1
9563,1021,940.8982489358505,POS,0,Maharashtra,61,135552.06786000464,0
9564,1020,57.211845365218416,Online,0,Delhi,64,127768.5245695287,0
9565,1043,594.0370540315649,POS,0,Gujarat,49,81540.69642513909,0
9566,1031,731.3275452390079,POS,0,Tamil Nadu,34,83928.0531533607,0
9567,1049,757.8261626041071,POS,0,Tamil Nadu,58,134577.17424083687,0
9568,1022,909.7280376925972,Online,0,Tamil Nadu,41,26556.855737354967,0
9569,1012,54.18152855359696,Online,0,Karnataka,25,38704.519559432534,0
9570,1004,50.31365129650261,Online,0,Tamil Nadu,23,60040.571426282244,0
9571,1003,498.65028775545454,Online,0,Gujarat,26,67369.9551761316,0
9572,1027,77.82901975510212,POS,0,Maharashtra,32,148368.08108735672,0
9573,1013,975.8059259792558,Online,0,Delhi,41,39170.04507503453,0
9574,1007,260.96191581432237,POS,0,Tamil Nadu,28,59403.50449101844,0
9575,1008,499.03149289660246,Online,0,Tamil Nadu,48,127633.49068644995,0
9576,1034,108.08074851161243,POS,0,Tamil Nadu,63,121966.10865923404,0
9577,1036,545.9459953626956,POS,0,Delhi,62,105126.17232958332,0
9578,1020,410.9583188900381,Online,0,Gujarat,62,62711.726582788346,1
9579,1017,92.42702743336257,POS,0,Tamil Nadu,30,35310.99939283391,0
9580,1032,368.3680533614135,POS,0,Maharashtra,47,147861.0508236393,0
9581,1007,421.86421921171285,POS,0,Karnataka,42,52685.43364686736,1
9582,1048,990.425416711193,POS,0,Delhi,29,129802.74333584035,0
9583,1016,247.49157832340669,POS,0,Gujarat,38,136351.06832566418,0
9584,1042,567.5406346015947,Online,0,Maharashtra,41,77316.95650725855,0
9585,1030,987.9497717386972,Online,0,Delhi,43,130607.9847755472,0
9586,1033,802.4182475431284,POS,0,Delhi,29,56274.808695463806,0
9587,1005,993.6991258379845,POS,0,Karnataka,54,135688.4465549002,0
9588,1021,969.8833989271608,Online,0,Karnataka,38,102675.62106462117,1
9589,1013,515.0625649894466,Online,0,Gujarat,40,45268.386173578736,0
9590,1002,711.5570573770375,Online,0,Tamil Nadu,18,122251.11872083411,0
9591,1011,154.92097059409355,POS,0,Karnataka,62,138780.00308200048,1
9592,1035,469.09138379446176,POS,0,Gujarat,27,94155.8701462501,0
9593,1011,818.5676151533626,Online,0,Delhi,52,118848.48215802535,0
9594,1044,530.0685549282862,Online,0,Tamil Nadu,55,123323.66094331807,0
9595,1001,717.5640811763703,Online,0,Maharashtra,45,122362.56986993685,0
9596,1001,758.463763485063,POS,0,Delhi,18,79074.78388636575,1
9597,1014,290.79568418074916,POS,0,Gujarat,25,116192.53977247236,0
9598,1022,881.9144042954372,POS,0,Maharashtra,58,91308.97048907819,0
9599,1028,486.83130936372004,Online,0,Delhi,40,73905.75926759222,0
9600,1016,249.67584844046655,POS,0,Karnataka,37,41555.64079682219,0
9601,1031,872.1450876990216,Online,0,Gujarat,49,138174.95852177712,0
9602,1006,446.927865800941,Online,0,Maharashtra,40,73938.4745572161,0
9603,1029,762.7968164607338,Online,0,Karnataka,24,51143.51612507094,0
9604,1027,570.6314186105133,POS,0,Maharashtra,28,51498.44828299354,0
9605,1013,412.7781646227754,POS,0,Tamil Nadu,25,51471.47417258774,0
9606,1043,819.3825942866408,POS,0,Tamil Nadu,60,20321.560659827945,1
9607,1029,605.2464350623824,POS,0,Gujarat,31,76968.48943313569,0
9608,1016,421.03399730568015,POS,0,Maharashtra,31,135789.38631991012,0
9609,1031,154.11797681837066,POS,0,Tamil Nadu,53,23269.034388453532,0
9610,1045,900.6730480783725,Online,0,Delhi,58,144357.6720009974,0
9611,1005,83.69610607458323,Online,0,Delhi,57,43285.99336155494,0
9612,1023,870.0279809496534,POS,0,Tamil Nadu,64,113453.66165751706,1
9613,1005,391.9634486389977,POS,0,Tamil Nadu,44,122092.6907683972,0
9614,1026,657.3718253263355,POS,0,Gujarat,37,115565.01396551343,1
9615,1017,926.089737643901,Online,0,Gujarat,55,64092.82880696527,0
9616,1023,194.1212847287035,POS,0,Delhi,42,111495.6011417733,0
9617,1036,588.6029518568697,Online,0,Karnataka,46,81486.64863304148,0
9618,1023,776.2112192516825,POS,0,Maharashtra,31,39785.62853330442,0
9619,1037,769.7046410831045,Online,0,Karnataka,45,46120.87068467766,0
9620,1033,549.3503188695288,Online,0,Gujarat,47,23383.837902255065,0
9621,1039,643.5024869111352,POS,0,Karnataka,32,63156.14780724455,0
9622,1046,769.6506444262023,Online,0,Gujarat,38,114638.63436455114,0
9623,1014,848.9762558695412,Online,0,Karnataka,29,145976.27700719313,0
9624,1010,773.7224420320706,Online,1,Delhi,28,37362.5654112558,0
9625,1021,386.3046960221805,Online,0,Gujarat,56,65926.51321943846,0
9626,1023,996.8900810048465,POS,0,Delhi,23,43594.80769513871,0
9627,1000,462.7775590333392,Online,0,Karnataka,20,118915.33229061266,0
9628,1017,73.24146762098675,Online,0,Tamil Nadu,58,139545.89364048248,0
9629,1043,394.48610400618895,Online,0,Tamil Nadu,32,34820.18184693925,0
9630,1011,171.3938068451511,POS,0,Maharashtra,51,137466.2509239347,0
9631,1042,165.37048494195625,POS,0,Tamil Nadu,21,55294.08288801204,0
9632,1027,317.4582881015496,Online,0,Maharashtra,51,48998.24994228117,0
9633,1039,100.70671946839781,POS,0,Karnataka,55,27362.471734943985,0
9634,1006,704.086578989085,POS,1,Maharashtra,61,30460.876131936602,0
9635,1022,120.28943999180983,POS,0,Maharashtra,56,28999.21913615842,1
9636,1020,243.12507766415837,POS,0,Maharashtra,58,78033.58721513336,0
9637,1033,138.25472876941342,POS,0,Delhi,23,105623.70546724963,0
9638,1010,110.00934435787951,POS,0,Maharashtra,39,43974.696151059536,0
9639,1021,304.3640822625646,POS,0,Gujarat,54,48293.0507547917,0
9640,1041,593.3040192773515,Online,0,Karnataka,49,42476.59167850892,0
9641,1034,966.4512786244997,Online,0,Delhi,45,124852.5875546784,0
9642,1028,881.778821632126,Online,0,Gujarat,43,37833.38578560871,0
9643,1041,882.1372291730586,POS,0,Karnataka,21,29542.664888131185,0
9644,1027,217.26368423577472,Online,0,Delhi,27,24773.178662964485,0
9645,1017,301.6618338229291,POS,0,Karnataka,44,25219.545610389163,0
9646,1013,122.57365095554042,POS,0,Tamil Nadu,37,91067.46681994646,0
9647,1017,789.5449229194257,Online,0,Karnataka,53,32218.08030511284,0
9648,1027,116.32548641128385,Online,0,Tamil Nadu,22,48915.45877100073,0
9649,1023,578.8608872798106,Online,0,Tamil Nadu,34,128247.99204722089,1
9650,1007,285.48179370775324,Online,0,Karnataka,49,145854.0259631454,0
9651,1041,281.2733523273075,POS,0,Tamil Nadu,52,131911.52845893515,0
9652,1044,991.1888024852249,Online,0,Delhi,40,144748.3385689209,0
9653,1007,768.9408166296106,Online,0,Tamil Nadu,30,107158.67534438899,0
9654,1003,845.0923903764976,POS,0,Maharashtra,18,148338.13475243206,0
9655,1026,593.383551076812,POS,0,Delhi,48,84524.69760974697,0
9656,1035,877.4635730240617,POS,0,Delhi,36,123309.4757884457,0
9657,1004,663.2160122080353,POS,0,Delhi,40,146316.16218183763,0
9658,1032,948.8650195565281,POS,0,Maharashtra,51,112207.85935770236,0
9659,1048,317.2716567433549,Online,0,Maharashtra,21,144373.59799937194,1
9660,1033,615.5535684937503,Online,0,Maharashtra,61,52973.79763267495,0
9661,1029,705.6247805400475,POS,0,Maharashtra,51,59035.812638551484,0
9662,1007,423.29043977641635,Online,0,Maharashtra,47,71641.21729831753,0
9663,1038,885.7225832838506,POS,0,Gujarat,27,80396.2784192398,0
9664,1046,980.8130049489466,Online,0,Gujarat,23,136662.61315402592,0
9665,1025,519.0810168040284,Online,0,Maharashtra,29,135422.11914377566,1
9666,1036,421.10862206412213,Online,0,Delhi,29,105534.82122781448,1
9667,1033,498.34103212863573,Online,0,Tamil Nadu,35,50199.23154524546,0
9668,1006,860.099908445335,Online,0,Tamil Nadu,53,51249.04663963731,0
9669,1039,663.1950042422593,POS,0,Gujarat,52,102126.624766829,0
9670,1027,92.53375389219032,Online,0,Maharashtra,42,85440.43736381143,0
9671,1038,565.0614149234291,Online,0,Karnataka,58,53609.26521085855,0
9672,1038,66.43511660392133,Online,0,Tamil Nadu,39,41870.838444152716,0
9673,1027,789.6086024532351,Online,0,Tamil Nadu,47,113941.30924540224,0
9674,1013,361.89665986534055,POS,0,Delhi,61,125720.12163273024,0
9675,1049,498.40710801146287,POS,1,Tamil Nadu,46,53969.63475140817,0
9676,1037,808.7442006122504,POS,0,Gujarat,24,75239.92753793744,0
9677,1003,94.12637642147348,Online,0,Maharashtra,57,112754.24242057034,0
9678,1041,200.6144588120299,POS,0,Maharashtra,20,80998.82473721815,1
9679,1017,428.0623576228591,POS,0,Tamil Nadu,38,144963.4191334659,1
9680,1043,268.4289053682826,POS,0,Karnataka,62,36847.89744960099,0
9681,1047,371.00635448630993,POS,0,Gujarat,37,131065.20547469033,0
9682,1024,998.2660009978417,Online,0,Tamil Nadu,26,59789.545278192214,0
9683,1006,834.1437156951201,Online,0,Gujarat,58,109316.09665789444,0
9684,1037,889.7067242121032,Online,0,Karnataka,53,52980.3540790191,0
9685,1027,940.2019018874865,Online,0,Gujarat,31,145641.05255658104,0
9686,1004,373.88908629848584,POS,0,Gujarat,35,26517.454360841337,0
9687,1002,332.2231099066491,Online,0,Gujarat,50,86764.27509574598,0
9688,1043,272.35936794347117,Online,0,Maharashtra,19,138366.72597478537,0
9689,1030,838.6110657427165,Online,0,Karnataka,54,81079.25946128753,0
9690,1046,695.5742691709257,POS,0,Maharashtra,48,129245.01363115395,1
9691,1041,274.3633833587335,POS,1,Delhi,39,143477.7227741744,0
9692,1019,408.14413774993216,POS,0,Tamil Nadu,63,28818.566725459725,0
9693,1018,531.3761757361583,Online,0,Maharashtra,26,83544.95024897104,0
9694,1047,551.733054410066,Online,0,Gujarat,37,109234.93160587575,0
9695,1010,894.291342124129,Online,0,Delhi,37,128183.07371152309,0
9696,1039,411.5378262998555,Online,0,Karnataka,64,41210.23402165382,1
9697,1002,913.0978289754867,POS,0,Karnataka,18,93682.05878120125,0
9698,1022,469.29918230380014,Online,0,Maharashtra,47,41179.8314811173,0
9699,1006,759.0540410527361,POS,0,Gujarat,36,118201.58438794043,0
9700,1022,933.7416039858032,POS,0,Gujarat,53,57002.82133880603,0
9701,1006,912.1969187651031,Online,0,Karnataka,31,54946.34278602912,0
9702,1045,104.1052239308971,POS,1,Gujarat,18,120074.23822739047,1
9703,1033,245.41908022774135,Online,0,Tamil Nadu,22,129460.97731290499,1
9704,1041,503.06015425566136,Online,0,Maharashtra,27,64633.722400762555,1
9705,1018,459.97657545545195,Online,0,Maharashtra,26,85143.3260300281,0
9706,1008,658.8470815953467,Online,0,Gujarat,31,110149.87183211507,0
9707,1047,947.4735982841416,POS,0,Karnataka,56,116872.12146891489,0
9708,1017,156.78447571405138,POS,0,Tamil Nadu,35,120115.34090093945,0
9709,1040,479.2657318775284,Online,0,Tamil Nadu,59,70750.40820866812,1
9710,1047,232.79048599278235,POS,0,Tamil Nadu,42,89724.44195389506,1
9711,1044,899.4022184780501,POS,0,Delhi,53,34241.12503544422,0
9712,1041,966.3511765115702,POS,0,Gujarat,48,143311.71592604753,1
9713,1024,504.76659779583264,Online,0,Tamil Nadu,63,111184.06484947352,0
9714,1013,148.8097828417337,Online,0,Gujarat,52,68821.83868034591,0
9715,1043,796.0299333865396,Online,0,Karnataka,44,70649.60547824849,0
9716,1024,712.2842829677791,POS,1,Karnataka,39,31762.930616693513,0
9717,1018,386.93728527979493,Online,0,Karnataka,28,79400.0117190366,0
9718,1038,893.0371002705153,Online,0,Delhi,27,107493.11310229763,0
9719,1014,977.0402952935718,Online,0,Karnataka,25,143832.0902579244,0
9720,1015,579.9611566736857,Online,0,Gujarat,58,104186.22998911183,0
9721,1026,587.4415157770777,Online,0,Maharashtra,45,104592.49096662801,0
9722,1039,332.63782985808893,Online,0,Maharashtra,40,122233.80893563568,0
9723,1009,605.2807341841485,POS,0,Gujarat,23,86274.65724257474,0
9724,1003,467.66020449860423,Online,0,Maharashtra,31,24178.054931459734,1
9725,1018,337.0814755816493,POS,0,Tamil Nadu,41,135681.47172935077,0
9726,1027,113.82593669770625,Online,0,Maharashtra,26,72321.27803296736,0
9727,1020,290.07246672366864,POS,0,Delhi,63,148006.4171919126,0
9728,1046,237.9619171937812,POS,0,Karnataka,57,72829.12311759384,1
9729,1013,564.9398853262514,POS,0,Maharashtra,55,106883.48503755477,0
9730,1032,621.5865206754141,Online,0,Maharashtra,42,79783.55789602833,0
9731,1047,628.1431380907156,Online,0,Delhi,55,50214.530666551655,0
9732,1009,418.77195099339514,POS,0,Delhi,47,141000.29733536066,0
9733,1018,450.1682470012212,POS,0,Maharashtra,39,101534.73644066758,0
9734,1029,842.526508158608,Online,0,Tamil Nadu,19,78567.8217756876,0
9735,1021,502.42117284130427,Online,0,Maharashtra,42,38741.77254130285,0
9736,1002,988.3846655302663,Online,0,Tamil Nadu,41,149883.91931600767,0
9737,1036,467.63636850842164,POS,0,Karnataka,54,136368.92873037892,0
9738,1040,667.101897386947,POS,0,Gujarat,20,74962.06037962079,0
9739,1017,97.84484904372601,POS,0,Karnataka,60,42289.4501639597,0
9740,1010,670.6729281978703,POS,1,Maharashtra,43,23859.258637050178,0
9741,1047,858.8550746942558,POS,0,Maharashtra,47,39738.570897095495,1
9742,1001,945.3349466066314,Online,0,Tamil Nadu,46,89475.78830825248,0
9743,1011,997.454581057782,POS,0,Delhi,24,126053.00494608934,0
9744,1005,318.06971336677145,POS,0,Tamil Nadu,26,67257.82172548558,0
9745,1042,596.601561584431,Online,0,Delhi,62,76417.56442152493,0
9746,1039,478.18208625554,Online,0,Delhi,47,81525.35063351168,0
9747,1043,585.6266065464124,Online,0,Delhi,33,22284.933037541407,0
9748,1028,199.5803093303543,POS,0,Delhi,61,43015.32888062448,0
9749,1029,863.3420939661444,Online,0,Maharashtra,57,85118.14266092145,1
9750,1001,914.0904961773582,POS,0,Gujarat,31,56321.14700310953,0
9751,1008,477.17857995727644,Online,0,Gujarat,43,88031.98292891633,0
9752,1046,316.408368494898,POS,0,Karnataka,63,34053.01102849142,0
9753,1001,183.7917562703617,POS,0,Karnataka,54,124365.98685145509,0
9754,1028,699.5765835389142,Online,0,Karnataka,27,121886.77818344584,0
9755,1032,346.62024763969845,POS,0,Tamil Nadu,47,107081.67573978043,0
9756,1009,914.0616414177192,Online,0,Karnataka,39,89087.18186274686,0
9757,1033,687.4618511026265,POS,0,Karnataka,47,70684.86870943822,0
9758,1043,663.4010589155287,POS,0,Karnataka,49,108744.93657328546,0
9759,1007,581.4320101033288,POS,0,Maharashtra,31,121636.48135725589,0
9760,1036,93.48752245728933,Online,0,Karnataka,40,125117.01361251764,0
9761,1032,935.3263139013076,POS,0,Gujarat,34,65185.49500411048,0
9762,1046,646.540618634487,Online,0,Maharashtra,53,45213.34249224859,0
9763,1005,994.3588842139549,POS,0,Delhi,46,64438.0248335029,0
9764,1043,560.4885845342427,POS,0,Tamil Nadu,41,21004.27275268582,0
9765,1039,724.6053473109025,Online,0,Maharashtra,64,75019.55313698258,0
9766,1044,103.39907997291107,Online,0,Maharashtra,28,55552.67069622603,0
9767,1018,650.1493679822403,POS,0,Gujarat,58,122705.19023386118,0
9768,1031,776.4171310108394,POS,0,Karnataka,32,107725.60418621497,0
9769,1026,789.5885801099295,POS,0,Delhi,39,23377.98990509936,0
9770,1000,781.6060696187711,POS,0,Gujarat,44,38757.295486168376,0
9771,1042,264.9684959289843,POS,1,Gujarat,51,90484.87407691937,0
9772,1032,976.6285537249646,POS,0,Maharashtra,50,100352.64733335252,0
9773,1039,995.4230145936917,Online,0,Delhi,38,119954.33937351879,0
9774,1031,121.81608140352121,POS,0,Gujarat,41,145877.14373244648,1
9775,1004,939.6241016711695,Online,0,Tamil Nadu,37,111249.56398206648,0
9776,1016,324.97673458915085,POS,0,Tamil Nadu,21,90836.58815128842,0
9777,1007,704.8198776634165,POS,0,Gujarat,54,73875.28930114936,0
9778,1041,371.20537469932555,Online,0,Maharashtra,54,115965.0853466323,0
9779,1033,969.3666072044655,POS,0,Tamil Nadu,63,141517.68158028892,0
9780,1008,146.4286653883587,POS,0,Maharashtra,50,74978.20151534992,0
9781,1022,522.8594761085571,Online,0,Karnataka,48,96002.2590230485,0
9782,1034,456.64540234497093,POS,0,Karnataka,51,46914.47254831977,1
9783,1049,359.72227966408565,Online,0,Maharashtra,39,131470.6975183364,0
9784,1006,663.2572913361412,POS,0,Gujarat,59,112758.47548055359,1
9785,1014,174.5029562505841,POS,0,Karnataka,47,66111.94114828779,0
9786,1019,730.829297227012,Online,0,Karnataka,22,133626.19938105514,0
9787,1049,981.5625176145479,Online,0,Tamil Nadu,58,146210.113051211,0
9788,1024,814.3307787451986,POS,0,Gujarat,62,57507.60119763463,0
9789,1002,867.0159152640681,Online,0,Maharashtra,40,44261.836472010575,1
9790,1045,391.6549060200524,Online,0,Karnataka,30,128145.98204597367,0
9791,1023,358.64227615715777,Online,0,Gujarat,26,95715.94654107012,0
9792,1033,541.1959369556266,POS,0,Karnataka,31,134967.87380465167,0
9793,1045,93.44028402415906,Online,0,Tamil Nadu,34,65177.3259457596,0
9794,1021,948.090227733706,Online,0,Gujarat,52,95563.03280818253,0
9795,1010,186.59591436538258,Online,0,Delhi,35,95037.55068697955,0
9796,1047,907.8623872096878,Online,0,Tamil Nadu,29,44470.1389105735,0
9797,1007,129.4031109003379,Online,0,Maharashtra,58,148951.1205584045,1
9798,1038,831.4936812946321,POS,0,Gujarat,33,106327.70810138469,0
9799,1042,194.36439958430438,POS,0,Karnataka,47,106338.89595249853,0
9800,1034,86.22503338689907,POS,0,Gujarat,30,58593.053148182604,0
9801,1048,733.5149777464383,POS,0,Maharashtra,35,104549.6924466457,0
9802,1045,316.2520351657069,POS,0,Gujarat,29,128286.88742468829,0
9803,1037,728.771345145132,Online,0,Karnataka,51,125755.32645308186,0
9804,1007,577.3309879491787,Online,0,Tamil Nadu,50,139564.2534184008,0
9805,1036,153.3670207185623,POS,0,Tamil Nadu,23,39328.15493774736,0
9806,1026,935.5235696361055,Online,0,Karnataka,35,43767.56601349505,0
9807,1027,479.6984660253037,Online,0,Delhi,20,112321.93318254448,0
9808,1039,747.7249139087536,Online,0,Delhi,23,125006.0246420328,0
9809,1033,525.9695434148439,POS,0,Tamil Nadu,53,107660.30884536509,0
9810,1031,624.1434012131444,Online,0,Maharashtra,39,38571.56253512334,0
9811,1014,337.6349127388578,Online,0,Gujarat,24,97343.29132696262,0
9812,1043,240.34228880327777,POS,1,Karnataka,47,117289.58754731614,0
9813,1016,565.4416932376645,POS,0,Maharashtra,19,37807.4685982496,0
9814,1032,468.2080243224519,Online,0,Gujarat,49,27258.449862211375,0
9815,1046,420.6075527622365,Online,0,Tamil Nadu,32,53123.7417187968,0
9816,1045,688.9388353398919,POS,0,Karnataka,39,31797.73504713169,0
9817,1015,705.9813004105791,POS,0,Maharashtra,55,39310.11927844089,0
9818,1028,93.62405328669989,Online,0,Gujarat,25,46438.61835775171,0
9819,1008,371.80726953148854,Online,0,Tamil Nadu,25,88989.93512921012,1
9820,1032,441.1763227150585,POS,0,Tamil Nadu,56,40261.61556178196,1
9821,1048,142.0475531059597,Online,0,Gujarat,53,98608.6821849258,0
9822,1028,274.10582336337393,POS,0,Delhi,37,57785.838622118405,0
9823,1012,99.0597073616188,POS,0,Delhi,54,60372.14334396787,0
9824,1020,996.4299936861696,POS,0,Gujarat,25,145761.809860177,0
9825,1020,749.7293428213522,Online,0,Gujarat,31,124669.83161626985,0
9826,1004,133.07764867761597,Online,0,Gujarat,37,75138.51680882262,0
9827,1009,69.23691080058751,POS,0,Tamil Nadu,52,78169.06310623533,0
9828,1005,733.3234101446662,POS,0,Karnataka,42,34923.04420605357,0
9829,1012,467.2325573985336,POS,0,Tamil Nadu,35,129790.40718381452,0
9830,1000,797.4568736113472,POS,0,Tamil Nadu,64,20518.570000657088,1
9831,1019,927.3022359274645,Online,0,Delhi,38,38782.479093473594,0
9832,1046,619.3353695655538,POS,0,Gujarat,54,89428.34906912352,0
9833,1045,227.7530017713904,POS,0,Tamil Nadu,64,44495.683064686615,0
9834,1007,793.0843342441299,POS,0,Tamil Nadu,48,102261.41781525512,0
9835,1009,958.0211560156557,Online,0,Gujarat,23,20473.258589634974,0
9836,1008,601.2197227069581,POS,0,Karnataka,59,32793.570800401336,0
9837,1048,697.8975749166968,POS,0,Delhi,64,119408.85224198706,0
9838,1040,370.6009602848394,POS,0,Maharashtra,37,94947.79278167365,1
9839,1002,412.45130992729565,POS,0,Tamil Nadu,45,22529.560551360417,0
9840,1010,747.9217729604107,POS,0,Karnataka,58,46755.84689154352,0
9841,1011,931.3825434864782,Online,0,Maharashtra,53,51065.23335504536,0
9842,1009,647.5389678631346,Online,0,Gujarat,57,130377.87435186768,0
9843,1024,800.35551306108,Online,0,Maharashtra,43,95729.87586860494,0
9844,1048,213.05326654460436,POS,1,Gujarat,30,90385.21841789925,0
9845,1048,251.36113574507488,POS,0,Karnataka,21,31271.00502364408,1
9846,1024,555.4329524917205,Online,0,Maharashtra,51,105402.81489299244,0
9847,1010,217.72648263069848,POS,0,Delhi,54,40265.57674631785,1
9848,1035,653.2453167098774,Online,1,Karnataka,51,87826.37657352463,1
9849,1038,327.07052612496403,POS,0,Maharashtra,33,97042.60371024023,0
9850,1025,801.9559877335473,Online,0,Tamil Nadu,40,129443.89644384607,0
9851,1013,817.7048292836263,Online,0,Maharashtra,40,124838.1182692736,0
9852,1038,490.5980829675854,POS,0,Maharashtra,32,44713.72964581086,0
9853,1039,221.77010328575352,POS,0,Delhi,42,139104.926240646,1
9854,1000,664.436213027836,Online,0,Karnataka,46,20358.089282354915,1
9855,1003,993.1476673504071,Online,0,Tamil Nadu,53,62916.33073756772,0
9856,1029,641.4613530453971,POS,0,Karnataka,32,28627.64066138088,0
9857,1011,83.98595617830746,Online,0,Karnataka,54,113725.44214145317,0
9858,1034,66.42927697872845,POS,0,Tamil Nadu,52,85029.23854498775,0
9859,1012,354.34387196769086,Online,0,Tamil Nadu,63,42742.60258576031,0
9860,1030,235.99461651738463,POS,0,Delhi,56,31067.006968103036,1
9861,1037,822.3986467861428,POS,0,Gujarat,64,49390.94843457934,1
9862,1042,852.5653836842005,POS,0,Delhi,54,139697.6881095255,0
9863,1022,295.6878327449524,Online,0,Tamil Nadu,58,108095.11600710727,0
9864,1003,359.36253810239805,POS,0,Maharashtra,45,51491.288745901955,0
9865,1015,274.43461932935895,POS,0,Maharashtra,62,136186.80040608378,0
9866,1006,912.9634200027008,POS,0,Karnataka,47,37744.307361752224,0
9867,1021,527.5168678911681,Online,0,Karnataka,24,109497.45097975146,0
9868,1028,673.3301918779189,POS,0,Gujarat,21,75229.90940861776,0
9869,1010,444.70798236462315,POS,0,Gujarat,24,54881.09855940587,0
9870,1032,649.4634838293046,POS,0,Gujarat,50,54099.966478302864,0
9871,1028,416.5626078856493,POS,0,Gujarat,64,85104.43502096896,0
9872,1038,372.6945158427642,POS,0,Maharashtra,64,141094.14057895972,0
9873,1011,652.7560695148062,Online,0,Tamil Nadu,35,116502.14848329642,0
9874,1006,611.5089741465398,POS,0,Gujarat,32,106075.43914183245,0
9875,1038,328.85155645955217,POS,0,Delhi,52,133817.71406180115,0
9876,1041,191.88102780349973,Online,0,Gujarat,54,94143.66619607693,0
9877,1047,400.14785914623076,Online,0,Maharashtra,22,44951.65215284683,0
9878,1025,444.43775718481373,Online,0,Karnataka,40,147031.6840664629,1
9879,1039,647.2501167533746,Online,0,Delhi,27,89516.72086492045,0
9880,1008,918.8023254550205,POS,0,Gujarat,42,60988.08517113929,0
9881,1040,84.37555765627889,Online,0,Maharashtra,39,121162.18219718715,0
9882,1033,281.47796191475265,POS,0,Karnataka,48,80319.43328379942,0
9883,1044,234.03014516558233,Online,0,Gujarat,40,21620.020750517393,1
9884,1012,527.1796882590944,Online,0,Maharashtra,45,61593.02227386322,0
9885,1035,458.2157666910018,POS,0,Maharashtra,62,79435.20993514307,0
9886,1024,742.585742629179,Online,0,Tamil Nadu,32,68440.65591320835,0
9887,1023,280.29511691762065,Online,0,Maharashtra,57,91726.86583509423,1
9888,1043,614.7734474622706,POS,0,Gujarat,24,43836.758517503215,0
9889,1016,889.6644004199613,Online,0,Maharashtra,63,94416.66627061479,0
9890,1001,915.1438529223894,Online,0,Delhi,55,148248.02783264886,0
9891,1012,960.8453744887796,Online,0,Maharashtra,57,117995.56325688404,0
9892,1030,784.5980944759891,POS,0,Maharashtra,32,108991.40670812593,0
9893,1028,910.6885109459693,POS,0,Delhi,22,46079.307422806945,0
9894,1049,272.8043283860105,POS,0,Gujarat,29,95630.61234723551,0
9895,1027,237.70189713295318,POS,0,Karnataka,30,126557.77023840406,0
9896,1026,56.163679591500134,POS,0,Tamil Nadu,20,51282.997419741965,0
9897,1014,721.5021395576434,Online,0,Karnataka,36,31282.033627675013,1
9898,1030,940.5938284230572,POS,0,Gujarat,43,106029.41147041798,0
9899,1039,227.5885777895926,Online,0,Gujarat,47,107566.45964037461,0
9900,1014,655.0963966555349,POS,0,Delhi,45,124570.58130464012,0
9901,1032,759.1367712606886,Online,0,Karnataka,32,101843.41807198447,0
9902,1019,931.2335233906537,POS,0,Maharashtra,35,130248.9902735887,0
9903,1041,664.5172128163606,POS,0,Delhi,24,54592.600632622416,1
9904,1011,971.7790461113146,Online,0,Delhi,31,24586.78858292813,0
9905,1036,377.43948396192036,Online,0,Tamil Nadu,41,115262.77793640562,0
9906,1008,382.43210708283726,Online,0,Delhi,41,70172.14123530308,0
9907,1022,565.8618845136283,Online,0,Karnataka,28,47251.87546883817,0
9908,1007,414.32678706011177,POS,0,Gujarat,56,26712.95619036415,0
9909,1031,51.35444187315599,Online,0,Tamil Nadu,60,118198.89838323966,0
9910,1047,745.183423832638,Online,0,Maharashtra,57,127422.01459780664,0
9911,1013,764.1311894045592,POS,0,Karnataka,27,70572.9725577685,0
9912,1026,759.625874452432,Online,0,Maharashtra,60,135062.09752590355,0
9913,1024,377.76963327994326,Online,0,Delhi,50,74022.35778671174,1
9914,1012,546.1749996456133,Online,0,Karnataka,37,143701.2437331861,0
9915,1020,391.974842267836,POS,0,Tamil Nadu,59,147817.14955877763,0
9916,1044,65.23458002911349,Online,0,Tamil Nadu,56,126291.43217680092,0
9917,1030,584.3264942078479,POS,0,Maharashtra,39,53310.26912156442,0
9918,1036,167.57263277981048,Online,0,Gujarat,52,67622.19848159351,0
9919,1047,126.03925788686857,POS,0,Tamil Nadu,45,89245.15754858832,0
9920,1042,767.7241152619479,POS,0,Maharashtra,53,62728.465119568216,0
9921,1004,59.030892297200346,Online,0,Gujarat,47,126460.87358707305,0
9922,1012,961.0580214282899,Online,0,Karnataka,23,140581.26085396128,0
9923,1027,539.492595906948,Online,0,Tamil Nadu,18,148152.40255028015,1
9924,1042,983.865609170841,Online,0,Tamil Nadu,21,63718.71564138579,1
9925,1024,105.09769384907301,Online,0,Maharashtra,42,55131.7291614603,0
9926,1034,604.3530714226176,Online,0,Tamil Nadu,56,40938.82457869503,0
9927,1046,381.8606841771156,POS,0,Maharashtra,28,26170.12902590922,0
9928,1038,851.3083681735715,POS,0,Tamil Nadu,55,43011.921609515804,0
9929,1006,393.16159847257194,Online,0,Maharashtra,54,56986.07715525663,0
9930,1037,297.46320010448164,POS,0,Tamil Nadu,29,70838.11794868839,1
9931,1031,864.6754707449176,Online,0,Karnataka,46,34262.41174484926,0
9932,1002,405.9204370705979,Online,0,Karnataka,51,126630.51966133206,0
9933,1044,65.9916538675334,POS,0,Maharashtra,35,100474.96149012321,0
9934,1038,420.7746457973671,Online,0,Karnataka,26,93142.4826942711,0
9935,1036,671.7961555603948,POS,1,Maharashtra,63,90885.82885815158,0
9936,1049,291.6415618660627,Online,0,Maharashtra,29,57694.6453930799,0
9937,1021,460.3882128038994,POS,0,Delhi,26,141880.57832387253,0
9938,1007,103.87938136811425,Online,0,Karnataka,18,50125.457000397815,0
9939,1016,608.6881519382594,POS,0,Delhi,24,106928.07973613506,0
9940,1026,768.480177667374,POS,0,Delhi,56,52903.9539878379,0
9941,1032,442.64693333105475,Online,0,Tamil Nadu,59,148650.5581389098,0
9942,1045,449.22100116138705,Online,0,Maharashtra,51,138516.24303089821,1
9943,1016,133.8683736556706,POS,0,Gujarat,49,54392.35274467009,1
9944,1041,241.84382128638345,Online,0,Delhi,45,148371.155519855,0
9945,1011,196.94153797151702,Online,0,Tamil Nadu,43,101374.72232526545,1
9946,1047,507.60338022846105,Online,0,Karnataka,53,114712.01758028695,0
9947,1045,552.7927639032126,Online,0,Gujarat,57,56779.074351622236,0
9948,1026,951.493124720047,Online,0,Maharashtra,31,48075.956539418185,1
9949,1047,119.56992906337221,Online,0,Tamil Nadu,62,131548.97672348577,0
9950,1007,619.8745744972948,POS,0,Gujarat,48,55774.90656760923,0
9951,1022,550.1736009618293,POS,0,Maharashtra,33,139278.82028206676,0
9952,1041,540.4214430390377,Online,0,Maharashtra,56,67663.9278944664,0
9953,1048,879.5013230136851,POS,0,Gujarat,59,21189.15822682503,0
9954,1028,245.26154716071215,Online,1,Tamil Nadu,28,96981.19165373627,0
9955,1049,88.73461062430289,POS,1,Gujarat,28,65971.43344825669,0
9956,1019,688.6579322524829,Online,0,Delhi,55,146876.56696379272,1
9957,1015,377.89959092918116,Online,0,Maharashtra,29,70273.18630289097,0
9958,1016,66.71042040189836,Online,0,Karnataka,59,60880.89393079094,0
9959,1015,288.8053069258931,POS,0,Gujarat,26,93631.30623333997,0
9960,1018,343.8604355059713,Online,0,Gujarat,39,114885.39897695284,0
9961,1007,635.9964579450299,Online,0,Maharashtra,55,145647.1568040286,0
9962,1037,213.9565043468085,POS,0,Maharashtra,26,29049.925739422644,0
9963,1037,442.4016305557281,POS,0,Gujarat,20,74536.12054740051,0
9964,1028,508.3516721969409,Online,0,Karnataka,56,106278.08730680207,0
9965,1040,486.2755217958864,POS,0,Maharashtra,52,20645.956589237412,0
9966,1035,975.2437283334426,POS,0,Maharashtra,47,83574.2714247098,0
9967,1025,93.2290259007813,Online,0,Delhi,43,124849.12096771419,0
9968,1030,953.4197771297794,Online,1,Tamil Nadu,25,26613.314431337698,0
9969,1043,602.8403532943316,Online,0,Delhi,49,64271.0943068391,1
9970,1011,805.9413292213463,Online,0,Karnataka,39,72119.38158514054,1
9971,1016,458.87298711527166,POS,0,Tamil Nadu,25,113117.02150976525,0
9972,1014,481.1459871941314,Online,0,Gujarat,62,58443.46608894925,1
9973,1008,885.3601740650324,Online,0,Karnataka,19,52014.80908548008,0
9974,1038,901.1377714773071,Online,0,Karnataka,31,35015.504666140194,0
9975,1041,276.7544373597327,POS,0,Delhi,22,149464.33881552465,0
9976,1047,239.27978465538726,Online,0,Tamil Nadu,30,81316.6045585781,0
9977,1011,521.4234151764535,Online,1,Karnataka,40,26267.528632499485,1
9978,1031,905.263175771307,Online,0,Tamil Nadu,30,29949.282968758896,0
9979,1024,356.23733873586747,POS,0,Gujarat,36,36634.036984671446,0
9980,1038,669.4138845721748,Online,0,Tamil Nadu,41,47526.7764889331,0
9981,1017,722.7441033535711,Online,0,Delhi,52,116255.28276751499,1
9982,1014,789.740931649448,Online,0,Delhi,31,92629.46721294048,0
9983,1031,585.7282350249151,Online,0,Karnataka,21,120965.72438209932,0
9984,1005,432.3324193650211,POS,0,Tamil Nadu,43,22576.369166613025,0
9985,1043,968.6651893590242,POS,0,Delhi,27,54465.07710487221,0
9986,1042,630.7642156377101,Online,0,Maharashtra,55,72718.33140198124,0
9987,1034,742.1369510516073,POS,0,Delhi,55,75771.78524853414,0
9988,1033,377.73370341108443,POS,0,Gujarat,51,26962.815242285382,0
9989,1037,686.451721952926,Online,0,Maharashtra,51,86497.64188988485,0
9990,1004,294.9077790559196,Online,0,Tamil Nadu,36,57261.06038505474,0
9991,1017,282.84207165220437,POS,0,Karnataka,20,44891.501329718296,1
9992,1015,728.9860917189551,Online,0,Maharashtra,53,107251.00012852985,0
9993,1007,545.3249994497883,Online,0,Delhi,21,30900.43899034811,1
9994,1024,699.1127799012703,Online,0,Karnataka,43,132710.98908894282,0
9995,1031,305.9665662106871,Online,0,Karnataka,28,136977.2947105128,0
9996,1025,618.7871740038939,POS,0,Karnataka,20,62319.741342257235,0
9997,1021,471.73696721795693,Online,0,Karnataka,26,148296.9527138712,0
9998,1030,617.1122725032516,POS,0,Tamil Nadu,63,72164.66418955577,0
9999,1042,326.3357456320084,Online,0,Tamil Nadu,19,145100.98998839664,0
10000,1009,729.6784154666676,Online,0,Tamil Nadu,31,148294.1970685835,0
